{"10_easy_pruned": [[0.0, 0.0, 0.0, 0.0, -1e-05, -2e-05, -2e-05, 0.0009487666034155598, 0.0010695187165775401, 0.0670732466984839], [0.0, 0.0018975332068311196, 0.0, 0.0007352941176470588, -2e-05, -1e-05, -1e-05, -1e-05, 0.17498826021122035, 0.16139262645429628], [0.0, 0.0, 0.0007352941176470588, -1e-05, -2e-05, -2e-05, -2e-05, -1e-05, 0.060820970616985784, 0.12842538286086674], [0.0, 0.0, 0.0009487666034155598, -2e-05, -2e-05, -1e-05, -1e-05, -2e-05, -1e-05, -1e-05], [-2e-05, 0.0, 0.003756253234431603, -1e-05, 0.03270896824027753, -2e-05, -2e-05, 0.013467214842926416, 0.023239510858106684, -1e-05], [-1e-05, 0.002072192513368984, 0.005748663101604278, 0.01612591762022502, 0.030185872002760048, 0.0, 0.0018975332068311196, 0.006723305157840261, 0.02422373641538727, 0.07629568934123014], [-1e-05, -1e-05, 0.010258658693193798, 0.01099922373641539, 0.006427893738140417, 0.026949284112471966, 0.005908228393996895, 0.014919354838709679, 0.002807486631016043, 0.005507158875280318], [-2e-05, -2e-05, 0.005360531309297913, 0.003676470588235294, 0.0, 0.003581593927893738, -1e-05, 0.0, 0.0013368983957219253, 0.002072192513368984], [0.0, 0.0, 0.0, 0.008301707779886147, 0.0, 0.014250905640848716, -1e-05, 0.003581593927893738, 0.0, 0.0], [0.0, 0.0, 0.0, 0.0026737967914438505, 0.01921036743143005, -2e-05, -2e-05, -2e-05, 0.013073572537519408, 0.00362256339485941]], "10_medium_pruned": [[0.0, 0.0, 0.013356036324786325, 0.0, 0.0, 0.00453125, 0.0, 0.0, 0.0, 0.0], [0.0, 0.0, 0.09418096359050306, 0.0009615384615384616, 0.00078125, 0.006562500000000001, 0.0, 0.00078125, 0.0, 0.0], [0.0, 0.0009615384615384616, -1e-05, 0.0025240384615384617, 0.012424242424242424, -2e-05, 0.00203125, 0.0, 0.0, 0.0], [0.04921113353021248, 0.06675266363753206, -1e-05, -1e-05, -1e-05, -2e-05, 0.00125, 0.0, 0.0, 0.0], [0.0, 0.14520259564996407, 0.17979220395832235, 0.023648504273504276, -2e-05, -2e-05, -2e-05, -1e-05, -2e-05, 0.0], [0.0, 0.003333333333333333, 0.21099416391357181, 0.014189903846153845, 0.0, -1e-05, -2e-05, -2e-05, 0.0, 0.0], [0.0, 0.0, 0.09334716635703477, -1e-05, 0.00303125, -2e-05, 0.00125, 0.0, 0.0, 0.0], [0.0, 0.004294871794871795, 0.017165865384615384, 0.018377986596736597, -1e-05, -1e-05, 0.010620993589743591, 0.0050761217948717945, 0.0, 0.0], [0.0, 0.0009615384615384616, 0.002211538461538462, 0.0019230769230769232, 0.003173076923076923, -1e-05, 0.004134615384615385, 0.0, 0.0, 0.0], [0.0, 0.0, 0.0, 0.0009615384615384616, 0.0, 0.0, -2e-05, 0.0, 0.0, 0.0]], "6_hard_pruned": [[0.0, -2e-05, 0.4140441683919945, -1e-05, -1e-05, 0.06597653554175294], [0.012922705314009663, -2e-05, -1e-05, -2e-05, 0.0036231884057971015, 0.0], [0.062353347135955826, -1e-05, 0.1006383712905452, 0.1006383712905452, 0.0825224292615597, 0.0], [-2e-05, -1e-05, 0.09158040027605245, -2e-05, 0.0036231884057971015, 0.0018115942028985507], [0.0018115942028985507, -1e-05, 0.029227053140096618, 0.02741545893719807, 0.0018115942028985507, 0.0], [0.0, -2e-05, 0.0, 0.0, -2e-05, 0.0]], "10_hard_full": [[0.0, 0.0, 0.0, -2e-05, 0.0, 0.0, 0.0, 0.0, 0.0, 0.0], [0.0, 0.0, 0.0, -1e-05, 0.0, -2e-05, 0.0, 0.0, 0.0, 0.0], [0.0, -2e-05, -2e-05, 0.10366762866762866, 0.14158850408850407, -1e-05, -1e-05, 0.09167267917267916, -2e-05, 0.0], [0.0, 0.0, -2e-05, -1e-05, -2e-05, 0.009259259259259259, 0.0, 0.0, 0.0, 0.0], [0.09573112073112072, -1e-05, -1e-05, 0.1110088985088985, 0.1036014911014911, 0.08878667628667629, 0.0, 0.0, 0.0, 0.0], [0.0, -1e-05, -1e-05, 0.09383718133718133, -2e-05, 0.0, 0.0, 0.0, 0.0, 0.0], [0.1087181337181337, 0.005050505050505051, -1e-05, 0.005050505050505051, -2e-05, 0.0, 0.0, 0.0, 0.0, 0.0], [0.0, 0.0, -1e-05, 0.01993145743145743, 0.005050505050505051, 0.0, 0.0, 0.0, 0.0, 0.0], [0.0, 0.0, -2e-05, 0.005050505050505051, 0.011994949494949496, -2e-05, -2e-05, 0.0, 0.0, 0.0], [0.0, 0.0, 0.0, 0.0, -1e-05, 0.0, 0.0, 0.0, 0.0, 0.0]], "10_easy_full": [[0.0, 0.0008771929824561403, 0.0040183607577702575, 0.006410705255377913, -1e-05, 0.1345575151237374, -2e-05, 0.0, 0.010656877191364093, 0.04215225348331453], [0.0, 0.0, 0.0, 0.0016260162601626016, -2e-05, -1e-05, -1e-05, -1e-05, 0.15265008999008242, 0.13827944515179466], [0.0, 0.002150537634408602, 0.0016260162601626016, -1e-05, -2e-05, -2e-05, -2e-05, -1e-05, 0.04668693628520284, 0.07471660722397645], [0.0, 0.0, 0.002150537634408602, -2e-05, -2e-05, -1e-05, -1e-05, -2e-05, -1e-05, -1e-05], [-2e-05, 0.0, 0.0, -1e-05, 0.014257866511690113, -2e-05, -2e-05, 0.01985792171606258, 0.03490510177466418, 0.1284712095050747], [-1e-05, 0.003107497741644083, 0.004861883706556364, 0.005006418485237484, 0.0163324151829423, 0.0, 0.0014814814814814816, 0.006468797564687975, 0.006827571211132854, 0.04780610811756529], [-1e-05, -1e-05, 0.008766807305877247, 0.007889614323421106, 0.0017543859649122805, 0.007408573010461287, 0.0008771929824561403, 0.0009132420091324201, 0.0, 0.0015151515151515152], [-2e-05, -2e-05, 0.0017543859649122805, 0.003984690724100223, 0.0016260162601626016, 0.0016260162601626016, -1e-05, 0.0, 0.0, 0.0015151515151515152], [0.0, 0.0, 0.0, 0.0016260162601626016, 0.0014814814814814816, 0.0016260162601626016, -1e-05, 0.0022988505747126436, 0.0015151515151515152, 0.0015151515151515152], [0.0, 0.0, 0.0, 0.007433638764699807, 0.016961769436206156, -2e-05, -2e-05, -2e-05, 0.0162129461584997, 0.0017543859649122805]], "6_easy_pruned": [[0.0023148148148148147, -1e-05, -2e-05, -2e-05, 0.012226469099204607, 0.09003558342131242], [0.000744047619047619, -2e-05, -1e-05, -1e-05, 0.16992848582145847, 0.25639698154178503], [-1e-05, -2e-05, -2e-05, -2e-05, -1e-05, 0.20005858849472433], [-2e-05, 0.02014652978194645, -1e-05, -1e-05, -2e-05, -1e-05], [-1e-05, 0.021928110469777135, -2e-05, -2e-05, 0.041932890809302785, 0.1468564703988123], [0.000744047619047619, 0.0, 0.00806556948798328, 0.0014367816091954023, 0.005489174836601308, 0.02169545417498647]], "10_hard_pruned": [[0.0, 0.0, 0.008273138360347662, -2e-05, 0.0, 0.0, 0.0, 0.0, 0.0, 0.0], [0.0029069767441860465, 0.0, 0.0, -1e-05, 0.0, -2e-05, 0.0, 0.0, 0.0, 0.0], [0.0, -2e-05, -2e-05, 0.1325343045129042, -1e-05, -1e-05, -1e-05, 0.0999722026008518, -2e-05, 0.0], [0.003787878787878788, 0.004553513862024501, -2e-05, -1e-05, -2e-05, 0.005366161616161616, 0.0, 0.0, 0.0, 0.0], [0.07831997878695059, -1e-05, -1e-05, 0.16479211556215512, 0.15308458859300028, 0.06966292957139074, 0.005366161616161616, 0.0, 0.0, 0.0], [0.0, -1e-05, -1e-05, 0.10641965585681568, -2e-05, 0.0, 0.0, 0.003472222222222222, 0.0, 0.0], [-2e-05, 0.025101611305841882, -1e-05, 0.004553513862024501, -2e-05, 0.0029069767441860465, 0.0, 0.0, 0.0, 0.0], [0.0, 0.01493453355155483, -1e-05, 0.013391897700408339, 0.03336338396333448, 0.0026595744680851063, 0.0, 0.0, 0.0, 0.0], [0.0, 0.0026595744680851063, -2e-05, 0.023125865283213132, 0.030070309727657576, -2e-05, -2e-05, 0.005813953488372093, 0.0, 0.0], [0.0, 0.0, 0.0, 0.0, -1e-05, 0.0029069767441860465, 0.0, 0.0, 0.0, 0.0]], "6_easy_full": [[0.001876172607879925, -1e-05, 0.1475095510896477, -2e-05, 0.008321005917159764, 0.06981338210465789], [0.0, -2e-05, -1e-05, -1e-05, 0.1462526144467484, 0.14920416757628846], [-1e-05, -2e-05, -2e-05, -2e-05, -1e-05, 0.11354684758111766], [-2e-05, 0.017845894375474035, -1e-05, -1e-05, -2e-05, 0.16100451470940674], [-1e-05, 0.026179604717487433, -2e-05, -2e-05, 0.04077324480282447, 0.08148119801417075], [0.001636661211129296, 0.003512833819009221, 0.007356941838649156, 0.003942307692307693, 0.004909983633387889, 0.014833073862653519]],