{"10_easy_pruned": [[0.0, 0.0, 0.0, 0.0, -1e-05, -2e-05, -2e-05, 0.0034602076124567475, 0.0, 0.015441176470588236], [0.0, 0.0065359477124183, 0.0, 0.0023529411764705885, -2e-05, -1e-05, -1e-05, -1e-05, 0.12408068959107021, 0.4572846348192369], [0.0, 0.0, 0.0, -1e-05, -2e-05, -2e-05, -2e-05, -1e-05, 0.035960207612456746, 0.015756302521008403], [0.0, 0.0, 0.0, -2e-05, -2e-05, -1e-05, -1e-05, -2e-05, -1e-05, -1e-05], [-2e-05, 0.0, 0.0, -1e-05, 0.044464333244610056, -2e-05, -2e-05, 0.024611392068139476, 0.029093691775352676, -1e-05], [-1e-05, 0.006877828054298644, 0.01411764705882353, 0.0065359477124183, 0.050924369747899156, 0.0, 0.0, 0.0065359477124183, 0.016785714285714286, 0.017938662644544995], [-1e-05, -1e-05, 0.0176767177459219, 0.0058131487889273355, 0.008888888888888889, 0.008888888888888889, 0.004524886877828055, 0.009705882352941177, 0.0, 0.0058131487889273355], [-2e-05, -2e-05, 0.0, 0.0, 0.0, 0.0, -1e-05, 0.0, 0.0, 0.0], [0.0, 0.0, 0.0, 0.0, 0.0, 0.011764705882352941, -1e-05, 0.0, 0.0, 0.0], [0.0, 0.0, 0.0, 0.0, 0.0340484429065744, -2e-05, -2e-05, -2e-05, 0.01411764705882353, 0.0]], "10_medium_pruned": [[0.0, 0.0, 0.0, 0.0, 0.0, 0.0, 0.0, 0.0, 0.0, 0.0], [0.0, 0.0, 0.0, 0.0, 0.0, 0.0, 0.0, 0.0, 0.0, 0.0], [0.0, 0.0, -1e-05, 0.007142857142857143, 0.0125, -2e-05, 0.0, 0.0, 0.0, 0.0], [0.004545454545454545, 0.08107142857142857, -1e-05, -1e-05, -1e-05, -2e-05, 0.0, 0.0, 0.0, 0.0], [0.0, 0.016666666666666666, 0.10325757575757577, 0.04182900432900433, -2e-05, -2e-05, -2e-05, -1e-05, -2e-05, 0.0], [0.0, 0.0, 0.6334956709956711, 0.009545454545454546, 0.0, -1e-05, -2e-05, -2e-05, 0.0, 0.0], [0.0, 0.0, 0.01, -1e-05, 0.0035714285714285713, -2e-05, 0.0, 0.0, 0.0, 0.0], [0.0, 0.0, 0.0, 0.06371212121212122, -1e-05, -1e-05, 0.008116883116883116, 0.0, 0.0, 0.0], [0.0, 0.0, 0.0, 0.0, 0.004545454545454545, -1e-05, 0.0, 0.0, 0.0, 0.0], [0.0, 0.0, 0.0, 0.0, 0.0, 0.0, -2e-05, 0.0, 0.0, 0.0]], "6_hard_pruned": [[0.0, -2e-05, 0.7777777777777777, -1e-05, -1e-05, 0.0], [0.0, -2e-05, -1e-05, -2e-05, 0.0, 0.0], [0.009259259259259259, -1e-05, 0.16666666666666666, 0.009259259259259259, 0.0, 0.0], [-2e-05, -1e-05, 0.009259259259259259, -2e-05, 0.0, 0.0], [0.009259259259259259, -1e-05, 0.018518518518518517, 0.0, 0.0, 0.0], [0.0, -2e-05, 0.0, 0.0, -2e-05, 0.0]], "10_hard_full": [[0.0, 0.0, 0.0, -2e-05, 0.0, 0.0, 0.0, 0.0, 0.0, 0.0], [0.0, 0.0, 0.0, -1e-05, 0.0, -2e-05, 0.0, 0.0, 0.0, 0.0], [0.0, -2e-05, -2e-05, 0.027777777777777776, 0.7314814814814814, -1e-05, -1e-05, 0.0, -2e-05, 0.0], [0.0, 0.0, -2e-05, -1e-05, -2e-05, 0.0, 0.0, 0.0, 0.0, 0.0], [0.0, -1e-05, -1e-05, 0.12037037037037036, 0.0, 0.0, 0.0, 0.0, 0.0, 0.0], [0.0, -1e-05, -1e-05, 0.0, -2e-05, 0.0, 0.0, 0.0, 0.0, 0.0], [0.05555555555555555, 0.0, -1e-05, 0.0, -2e-05, 0.0, 0.0, 0.0, 0.0, 0.0], [0.0, 0.0, -1e-05, 0.06481481481481481, 0.0, 0.0, 0.0, 0.0, 0.0, 0.0], [0.0, 0.0, -2e-05, 0.0, 0.0, -2e-05, -2e-05, 0.0, 0.0, 0.0], [0.0, 0.0, 0.0, 0.0, -1e-05, 0.0, 0.0, 0.0, 0.0, 0.0]], "10_easy_full": [[0.0, 0.00392156862745098, 0.0, 0.0, -1e-05, 0.11684888096652803, -2e-05, 0.0, 0.0, 0.011764705882352943], [0.0, 0.0, 0.0, 0.0, -2e-05, -1e-05, -1e-05, -1e-05, 0.20228461081402258, 0.2593721529015647], [0.0, 0.0, 0.0, -1e-05, -2e-05, -2e-05, -2e-05, -1e-05, 0.02131115072291543, 0.00392156862745098], [0.0, 0.0, 0.0, -2e-05, -2e-05, -1e-05, -1e-05, -2e-05, -1e-05, -1e-05], [-2e-05, 0.0, 0.0, -1e-05, 0.016666666666666666, -2e-05, -2e-05, 0.019393939393939394, 0.024019607843137256, 0.23368290750643692], [-1e-05, 0.006060606060606061, 0.00392156862745098, 0.0, 0.014814814814814814, 0.0, 0.0, 0.0, 0.0, 0.0], [-1e-05, -1e-05, 0.011328976034858388, 0.0, 0.0, 0.008333333333333333, 0.00392156862745098, 0.0, 0.0, 0.0], [-2e-05, -2e-05, 0.0, 0.0, 0.0, 0.0, -1e-05, 0.0, 0.0, 0.0], [0.0, 0.0, 0.0, 0.0, 0.0, 0.0, -1e-05, 0.0, 0.0, 0.0], [0.0, 0.0, 0.0, 0.0, 0.021176470588235293, -2e-05, -2e-05, -2e-05, 0.017254901960784316, 0.0]], "6_easy_pruned": [[0.006944444444444444, -1e-05, -2e-05, -2e-05, 0.0, 0.04282466609832339], [0.0, -2e-05, -1e-05, -1e-05, 0.1265812967699157, 0.5529997868712703], [-1e-05, -2e-05, -2e-05, -2e-05, -1e-05, 0.130611205834991], [-2e-05, 0.01930887089135171, -1e-05, -1e-05, -2e-05, -1e-05], [-1e-05, 0.014190821256038646, -2e-05, -2e-05, 0.01713022165387894, 0.073722411669982], [0.0024509803921568627, 0.0, 0.0, 0.004166666666666667, 0.0, 0.009068627450980393]], "10_hard_pruned": [[0.0, 0.0, 0.008928571428571428, -2e-05, 0.0, 0.0, 0.0, 0.0, 0.0, 0.0], [0.0, 0.0, 0.0, -1e-05, 0.0, -2e-05, 0.0, 0.0, 0.0, 0.0], [0.0, -2e-05, -2e-05, 0.4331935425685426, -1e-05, -1e-05, -1e-05, 0.0, -2e-05, 0.0], [0.0, 0.0, -2e-05, -1e-05, -2e-05, 0.015625, 0.0, 0.0, 0.0, 0.0], [0.02976190476190476, -1e-05, -1e-05, 0.11663510101010101, 0.03591720779220779, 0.041666666666666664, 0.015625, 0.0, 0.0, 0.0], [0.0, -1e-05, -1e-05, 0.0, -2e-05, 0.0, 0.0, 0.0, 0.0, 0.0], [-2e-05, 0.13636363636363635, -1e-05, 0.011363636363636364, -2e-05, 0.0, 0.0, 0.0, 0.0, 0.0], [0.0, 0.0, -1e-05, 0.04261363636363637, 0.034722222222222224, 0.0, 0.0, 0.0, 0.0, 0.0], [0.0, 0.0, -2e-05, 0.04806998556998557, 0.015625, -2e-05, -2e-05, 0.0, 0.0, 0.0], [0.0, 0.0, 0.0, 0.0, -1e-05, 0.013888888888888888, 0.0, 0.0, 0.0, 0.0]], "6_easy_full": [[0.0, -1e-05, 0.11016013900629286, -2e-05, 0.0, 0.0], [0.0, -2e-05, -1e-05, -1e-05, 0.07410538179768948, 0.20146520146520147], [-1e-05, -2e-05, -2e-05, -2e-05, -1e-05, 0.020874424720578565], [-2e-05, 0.00641025641025641, -1e-05, -1e-05, -2e-05, 0.48474922513384044], [-1e-05, 0.0, -2e-05, -2e-05, 0.034845496383957925, 0.00591715976331361], [0.00641025641025641, 0.0, 0.015532544378698224, 0.0, 0.0, 0.03952991452991453]], "10_medium_full": [[0.0, 0.0, 0.0, 0.0, 0.0, 0.0, 0.0, 0.0, 0.0, 0.0], [0.0, 0.0, 0.0, 0.0, 0.0, 0.0, 0.0, 0.0, 0.0, 0.0], [0.0, 0.0, -1e-05, 0.0, 0.0, -2e-05, 0.0, 0.0, 0.0, 0.0], [0.0, 0.0, 0.8571428571428571, -1e-05, -1e-05, 0.0, 0.0, 0.0, 0.0, 0.0], [0.0, 0.0, 0.0, 0.0, -2e-05, -2e-05, -2e-05, -1e-05, -2e-05, 0.0], [0.0, 0.0, 0.0, 0.0, 0.0, -1e-05, -2e-05, -2e-05, 0.0, 0.0], [0.0, 0.0, 0.0, -1e-05, 0.0, -2e-05, 0.0, 0.0, 0.0, 0.0], [0.0, 0.0, 0.0, 0.14285714285714285, -1e-05, -1e-05, 0.0, 0.0, 0.0, 0.0], [0.0, 0.0, 0.0, 0.0, 0.0, -1e-05, 0.0, 0.0, 0.0, 0.0], [0.0, 0.0, 0.0, 0.0, 0.0, 0.0, -2e-05, 0.0, 0.0, 0.0]], "6_hard_full": [[0.0, -2e-05, 0.018518518518518517, 0.4570767195767196, -1e-05, 0.0], [0.0, -2e-05, -1e-05, -2e-05, 0.0, 0.0], [0.0, -1e-05, 0.29391534391534385, 0.083994708994709, 0.0, 0.0], [0.023809523809523808, -1e-05, 0.0, -2e-05, 0.0, 0.0], [0.0, -1e-05, 0.0625, 0.0, 0.018518518518518517, 0.0], [0.041666666666666664, -2e-05, 0.0, 0.0, -2e-05, 0.0]]}