{"10_easy_pruned": [[0.015151515151515152, 0.015151515151515152, 0.015151515151515152, 0.015151515151515152, -1e-05, -2e-05, -2e-05, 0.015151515151515152, 0.015151515151515152, 0.015151515151515152], [0.015151515151515152, 0.015151515151515152, 0.015151515151515152, 0.015151515151515152, -2e-05, -1e-05, -1e-05, -1e-05, 0.015151515151515152, 0.015151515151515152], [0.015151515151515152, 0.015151515151515152, 0.015151515151515152, -1e-05, -2e-05, -2e-05, -2e-05, -1e-05, 0.015151515151515152, 0.015151515151515152], [0.015151515151515152, 0.015151515151515152, 0.015151515151515152, -2e-05, -2e-05, -1e-05, -1e-05, -2e-05, -1e-05, -1e-05], [-2e-05, 0.015151515151515152, 0.015151515151515152, -1e-05, 0.015151515151515152, -2e-05, -2e-05, 0.015151515151515152, 0.015151515151515152, -1e-05], [-1e-05, 0.015151515151515152, 0.015151515151515152, 0.015151515151515152, 0.015151515151515152, 0.015151515151515152, 0.015151515151515152, 0.015151515151515152, 0.015151515151515152, 0.015151515151515152], [-1e-05, -1e-05, 0.015151515151515152, 0.015151515151515152, 0.015151515151515152, 0.015151515151515152, 0.015151515151515152, 0.015151515151515152, 0.015151515151515152, 0.015151515151515152], [-2e-05, -2e-05, 0.015151515151515152, 0.015151515151515152, 0.015151515151515152, 0.015151515151515152, -1e-05, 0.015151515151515152, 0.015151515151515152, 0.015151515151515152], [0.015151515151515152, 0.015151515151515152, 0.015151515151515152, 0.015151515151515152, 0.015151515151515152, 0.015151515151515152, -1e-05, 0.015151515151515152, 0.015151515151515152, 0.015151515151515152], [0.015151515151515152, 0.015151515151515152, 0.015151515151515152, 0.015151515151515152, 0.015151515151515152, -2e-05, -2e-05, -2e-05, 0.015151515151515152, 0.015151515151515152]], "10_medium_pruned": [[0.0125, 0.0125, 0.0125, 0.0125, 0.0125, 0.0125, 0.0125, 0.0125, 0.0125, 0.0125], [0.0125, 0.0125, 0.0125, 0.0125, 0.0125, 0.0125, 0.0125, 0.0125, 0.0125, 0.0125], [0.0125, 0.0125, -1e-05, 0.0125, 0.0125, -2e-05, 0.0125, 0.0125, 0.0125, 0.0125], [0.0125, 0.0125, -1e-05, -1e-05, -1e-05, -2e-05, 0.0125, 0.0125, 0.0125, 0.0125], [0.0125, 0.0125, 0.0125, 0.0125, -2e-05, -2e-05, -2e-05, -1e-05, -2e-05, 0.0125], [0.0125, 0.0125, 0.0125, 0.0125, 0.0125, -1e-05, -2e-05, -2e-05, 0.0125, 0.0125], [0.0125, 0.0125, 0.0125, -1e-05, 0.0125, -2e-05, 0.0125, 0.0125, 0.0125, 0.0125], [0.0125, 0.0125, 0.0125, 0.0125, -1e-05, -1e-05, 0.0125, 0.0125, 0.0125, 0.0125], [0.0125, 0.0125, 0.0125, 0.0125, 0.0125, -1e-05, 0.0125, 0.0125, 0.0125, 0.0125], [0.0125, 0.0125, 0.0125, 0.0125, 0.0125, 0.0125, -2e-05, 0.0125, 0.0125, 0.0125]], "6_hard_pruned": [[0.043478260869565216, -2e-05, 0.043478260869565216, -1e-05, -1e-05, 0.043478260869565216], [0.043478260869565216, -2e-05, -1e-05, -2e-05, 0.043478260869565216, 0.043478260869565216], [0.043478260869565216, -1e-05, 0.043478260869565216, 0.043478260869565216, 0.043478260869565216, 0.043478260869565216], [-2e-05, -1e-05, 0.043478260869565216, -2e-05, 0.043478260869565216, 0.043478260869565216], [0.043478260869565216, -1e-05, 0.043478260869565216, 0.043478260869565216, 0.043478260869565216, 0.043478260869565216], [0.043478260869565216, -2e-05, 0.043478260869565216, 0.043478260869565216, -2e-05, 0.043478260869565216]], "10_hard_full": [[0.012987012987012988, 0.012987012987012988, 0.012987012987012988, -2e-05, 0.012987012987012988, 0.012987012987012988, 0.012987012987012988, 0.012987012987012988, 0.012987012987012988, 0.012987012987012988], [0.012987012987012988, 0.012987012987012988, 0.012987012987012988, -1e-05, 0.012987012987012988, -2e-05, 0.012987012987012988, 0.012987012987012988, 0.012987012987012988, 0.012987012987012988], [0.012987012987012988, -2e-05, -2e-05, 0.012987012987012988, 0.012987012987012988, -1e-05, -1e-05, 0.012987012987012988, -2e-05, 0.012987012987012988], [0.012987012987012988, 0.012987012987012988, -2e-05, -1e-05, -2e-05, 0.012987012987012988, 0.012987012987012988, 0.012987012987012988, 0.012987012987012988, 0.012987012987012988], [0.012987012987012988, -1e-05, -1e-05, 0.012987012987012988, 0.012987012987012988, 0.012987012987012988, 0.012987012987012988, 0.012987012987012988, 0.012987012987012988, 0.012987012987012988], [0.012987012987012988, -1e-05, -1e-05, 0.012987012987012988, -2e-05, 0.012987012987012988, 0.012987012987012988, 0.012987012987012988, 0.012987012987012988, 0.012987012987012988], [0.012987012987012988, 0.012987012987012988, -1e-05, 0.012987012987012988, -2e-05, 0.012987012987012988, 0.012987012987012988, 0.012987012987012988, 0.012987012987012988, 0.012987012987012988], [0.012987012987012988, 0.012987012987012988, -1e-05, 0.012987012987012988, 0.012987012987012988, 0.012987012987012988, 0.012987012987012988, 0.012987012987012988, 0.012987012987012988, 0.012987012987012988], [0.012987012987012988, 0.012987012987012988, -2e-05, 0.012987012987012988, 0.012987012987012988, -2e-05, -2e-05, 0.012987012987012988, 0.012987012987012988, 0.012987012987012988], [0.012987012987012988, 0.012987012987012988, 0.012987012987012988, 0.012987012987012988, -1e-05, 0.012987012987012988, 0.012987012987012988, 0.012987012987012988, 0.012987012987012988, 0.012987012987012988]], "10_easy_full": [[0.014705882352941176, 0.014705882352941176, 0.014705882352941176, 0.014705882352941176, -1e-05, 0.014705882352941176, -2e-05, 0.014705882352941176, 0.014705882352941176, 0.014705882352941176], [0.014705882352941176, 0.014705882352941176, 0.014705882352941176, 0.014705882352941176, -2e-05, -1e-05, -1e-05, -1e-05, 0.014705882352941176, 0.014705882352941176], [0.014705882352941176, 0.014705882352941176, 0.014705882352941176, -1e-05, -2e-05, -2e-05, -2e-05, -1e-05, 0.014705882352941176, 0.014705882352941176], [0.014705882352941176, 0.014705882352941176, 0.014705882352941176, -2e-05, -2e-05, -1e-05, -1e-05, -2e-05, -1e-05, -1e-05], [-2e-05, 0.014705882352941176, 0.014705882352941176, -1e-05, 0.014705882352941176, -2e-05, -2e-05, 0.014705882352941176, 0.014705882352941176, 0.014705882352941176], [-1e-05, 0.014705882352941176, 0.014705882352941176, 0.014705882352941176, 0.014705882352941176, 0.014705882352941176, 0.014705882352941176, 0.014705882352941176, 0.014705882352941176, 0.014705882352941176], [-1e-05, -1e-05, 0.014705882352941176, 0.014705882352941176, 0.014705882352941176, 0.014705882352941176, 0.014705882352941176, 0.014705882352941176, 0.014705882352941176, 0.014705882352941176], [-2e-05, -2e-05, 0.014705882352941176, 0.014705882352941176, 0.014705882352941176, 0.014705882352941176, -1e-05, 0.014705882352941176, 0.014705882352941176, 0.014705882352941176], [0.014705882352941176, 0.014705882352941176, 0.014705882352941176, 0.014705882352941176, 0.014705882352941176, 0.014705882352941176, -1e-05, 0.014705882352941176, 0.014705882352941176, 0.014705882352941176], [0.014705882352941176, 0.014705882352941176, 0.014705882352941176, 0.014705882352941176, 0.014705882352941176, -2e-05, -2e-05, -2e-05, 0.014705882352941176, 0.014705882352941176]],