{"10_easy_pruned": [[0.0, 0.0, 0.0, 0.004629629629629629, -1e-05, -2e-05, -2e-05, 0.009259259259259259, 0.009259259259259259, 0.004629629629629629], [0.0, 0.004629629629629629, 0.0, 0.013888888888888888, -2e-05, -1e-05, -1e-05, -1e-05, 0.1388888888888889, 0.12962962962962962], [0.0, 0.0, 0.0, -1e-05, -2e-05, -2e-05, -2e-05, -1e-05, 0.046296296296296294, 0.023148148148148147], [0.0, 0.0, 0.0, -2e-05, -2e-05, -1e-05, -1e-05, -2e-05, -1e-05, -1e-05], [-2e-05, 0.0, 0.0, -1e-05, 0.05555555555555555, -2e-05, -2e-05, 0.06018518518518518, 0.05092592592592592, -1e-05], [-1e-05, 0.009259259259259259, 0.018518518518518517, 0.009259259259259259, 0.027777777777777776, 0.009259259259259259, 0.0, 0.004629629629629629, 0.041666666666666664, 0.041666666666666664], [-1e-05, -1e-05, 0.037037037037037035, 0.018518518518518517, 0.013888888888888888, 0.018518518518518517, 0.004629629629629629, 0.032407407407407406, 0.0, 0.009259259259259259], [-2e-05, -2e-05, 0.004629629629629629, 0.004629629629629629, 0.0, 0.009259259259259259, -1e-05, 0.0, 0.0, 0.0], [0.0, 0.0, 0.0, 0.0, 0.0, 0.032407407407407406, -1e-05, 0.004629629629629629, 0.0, 0.0], [0.0, 0.0, 0.0, 0.0, 0.06481481481481481, -2e-05, -2e-05, -2e-05, 0.027777777777777776, 0.004629629629629629]], "10_medium_pruned": [[0.0, 0.0, 0.0, 0.0, 0.0, 0.0, 0.0, 0.0, 0.0, 0.0], [0.0, 0.005405405405405406, 0.005405405405405406, 0.005405405405405406, 0.0, 0.0, 0.0, 0.0, 0.0, 0.0], [0.005405405405405406, 0.0, -1e-05, 0.016216216216216217, 0.021621621621621623, -2e-05, 0.0, 0.0, 0.0, 0.0], [0.06486486486486487, 0.11891891891891893, -1e-05, -1e-05, -1e-05, -2e-05, 0.0, 0.0, 0.0, 0.0], [0.005405405405405406, 0.06486486486486487, 0.10270270270270271, 0.05945945945945946, -2e-05, -2e-05, -2e-05, -1e-05, -2e-05, 0.0], [0.005405405405405406, 0.0, 0.3081081081081081, 0.04864864864864865, 0.010810810810810811, -1e-05, -2e-05, -2e-05, 0.0, 0.0], [0.005405405405405406, 0.0, 0.005405405405405406, -1e-05, 0.021621621621621623, -2e-05, 0.0, 0.0, 0.005405405405405406, 0.0], [0.0, 0.0, 0.005405405405405406, 0.06486486486486487, -1e-05, -1e-05, 0.016216216216216217, 0.0, 0.0, 0.0], [0.0, 0.0, 0.0, 0.010810810810810811, 0.010810810810810811, -1e-05, 0.005405405405405406, 0.0, 0.0, 0.0], [0.0, 0.0, 0.0, 0.0, 0.0, 0.0, -2e-05, 0.0, 0.0, 0.0]], "6_hard_pruned": [[0.0, -2e-05, 0.19424460431654678, -1e-05, -1e-05, 0.09352517985611511], [0.04316546762589928, -2e-05, -1e-05, -2e-05, 0.03597122302158273, 0.0], [0.07194244604316546, -1e-05, 0.2446043165467626, 0.10071942446043165, 0.0, 0.0], [-2e-05, -1e-05, 0.07913669064748201, -2e-05, 0.0, 0.0], [0.02158273381294964, -1e-05, 0.07913669064748201, 0.0, 0.0, 0.007194244604316547], [0.02877697841726619, -2e-05, 0.0, 0.0, -2e-05, 0.0]], "10_hard_full": [[0.0, 0.0, 0.0, -2e-05, 0.0, 0.0, 0.0, 0.0, 0.0, 0.0], [0.0, 0.0, 0.0, -1e-05, 0.0, -2e-05, 0.0, 0.0, 0.0, 0.0], [0.0, -2e-05, -2e-05, 0.8, -1e-05, -1e-05, -1e-05, 0.04, -2e-05, 0.0], [0.0, 0.0, -2e-05, -1e-05, -2e-05, 0.04, 0.0, 0.0, 0.0, 0.0], [0.0, -1e-05, -1e-05, 0.04, 0.04, 0.0, 0.0, 0.0, 0.0, 0.0], [0.0, -1e-05, -1e-05, 0.0, -2e-05, 0.0, 0.0, 0.0, 0.0, 0.0], [-2e-05, 0.0, -1e-05, 0.0, -2e-05, 0.0, 0.0, 0.0, 0.0, 0.0], [0.0, 0.0, -1e-05, 0.04, 0.0, 0.0, 0.0, 0.0, 0.0, 0.0], [0.0, 0.0, -2e-05, 0.0, 0.0, -2e-05, -2e-05, 0.0, 0.0, 0.0], [0.0, 0.0, 0.0, 0.0, -1e-05, 0.0, 0.0, 0.0, 0.0, 0.0]], "10_easy_full": [[0.0, 0.0, 0.0, 0.0, -1e-05, -2e-05, -2e-05, 0.0, 0.0, 0.0], [0.0, 0.0, 0.0, 0.0, -2e-05, -1e-05, -1e-05, -1e-05, 0.4857142857142857, 0.14285714285714285], [0.0, 0.0, 0.0, -1e-05, -2e-05, -2e-05, -2e-05, -1e-05, 0.02857142857142857, 0.11428571428571428], [0.0, 0.0, 0.0, -2e-05, -2e-05, -1e-05, -1e-05, -2e-05, -1e-05, -1e-05], [-2e-05, 0.0, 0.0, -1e-05, 0.0, -2e-05, -2e-05, 0.0, 0.05714285714285714, -1e-05], [-1e-05, 0.0, 0.0, 0.0, 0.0, 0.0, 0.0, 0.0, 0.08571428571428572, 0.08571428571428572], [-1e-05, -1e-05, 0.0, 0.0, 0.0, 0.0, 0.0, 0.0, 0.0, 0.0], [-2e-05, -2e-05, 0.0, 0.0, 0.0, 0.0, -1e-05, 0.0, 0.0, 0.0], [0.0, 0.0, 0.0, 0.0, 0.0, 0.0, -1e-05, 0.0, 0.0, 0.0], [0.0, 0.0, 0.0, 0.0, 0.0, -2e-05, -2e-05, -2e-05, 0.0, 0.0]], "6_easy_pruned": [[0.008771929824561403, -1e-05, -2e-05, -2e-05, 0.0043859649122807015, 0.043859649122807015], [0.0, -2e-05, -1e-05, -1e-05, 0.20614035087719298, 0.3157894736842105], [-1e-05, -2e-05, -2e-05, -2e-05, -1e-05, 0.15789473684210525], [-2e-05, 0.02631578947368421, -1e-05, -1e-05, -2e-05, -1e-05], [-1e-05, 0.04824561403508772, -2e-05, -2e-05, 0.03508771929824561, 0.08771929824561403], [0.008771929824561403, 0.0, 0.013157894736842105, 0.0043859649122807015, 0.0, 0.039473684210526314]], "10_hard_pruned": [[0.0, 0.0, 0.029166666666666667, -2e-05, 0.0, 0.0, 0.0, 0.0, 0.0, 0.0], [0.0, 0.0, 0.0, -1e-05, 0.0, -2e-05, 0.0, 0.0, 0.0, 0.0], [0.0, -2e-05, -2e-05, 0.30416666666666664, -1e-05, -1e-05, -1e-05, 0.058333333333333334, -2e-05, 0.0], [0.008333333333333333, 0.0, -2e-05, -1e-05, -2e-05, 0.05416666666666667, 0.0, 0.0, 0.0, 0.0], [0.03333333333333333, -1e-05, -1e-05, 0.17083333333333334, 0.06666666666666667, 0.0, 0.020833333333333332, 0.0, 0.0, 0.0], [0.004166666666666667, -1e-05, -1e-05, 0.008333333333333333, -2e-05, 0.0, 0.0, 0.0, 0.0, 0.0], [-2e-05, 0.016666666666666666, -1e-05, 0.0625, -2e-05, 0.0, 0.0, 0.0, 0.0, 0.0], [0.0, 0.008333333333333333, -1e-05, 0.04583333333333333, 0.029166666666666667, 0.0, 0.0, 0.0, 0.0, 0.0], [0.0, 0.0, -2e-05, 0.03333333333333333, 0.029166666666666667, -2e-05, -2e-05, 0.0, 0.0, 0.0], [0.0, 0.0, 0.0, 0.004166666666666667, -1e-05, 0.0125, 0.0, 0.0, 0.0, 0.0]], "6_easy_full": [[0.0, -1e-05, -2e-05, -2e-05, 0.022222222222222223, 0.022222222222222223], [0.0, -2e-05, -1e-05, -1e-05, 0.13333333333333333, 0.4666666666666667], [-1e-05, -2e-05, -2e-05, -2e-05, -1e-05, 0.15555555555555556], [-2e-05, 0.022222222222222223, -1e-05, -1e-05, -2e-05, -1e-05], [-1e-05, 0.022222222222222223, -2e-05, -2e-05, 0.022222222222222223, 0.08888888888888889], [0.022222222222222223, 0.0, 0.0, 0.0, 0.0, 0.022222222222222223]], "10_medium_full": [[0.0, 0.0, 0.0, 0.0, 0.0, 0.0, 0.0, 0.0, 0.0, 0.0], [0.0, 0.0, 0.0, 0.0, 0.0, 0.0, 0.0, 0.0, 0.0, 0.0], [0.0, 0.0, -1e-05, 0.0, 0.0, -2e-05, 0.0, 0.0, 0.0, 0.0], [0.0, 0.1111111111111111, -1e-05, -1e-05, -1e-05, -2e-05, 0.0, 0.0, 0.0, 0.0], [0.0, 0.0, 0.1111111111111111, 0.1111111111111111, -2e-05, -2e-05, -2e-05, -1e-05, -2e-05, 0.0], [0.0, 0.0, 0.6666666666666666, 0.0, 0.0, -1e-05, -2e-05, -2e-05, 0.0, 0.0], [0.0, 0.0, 0.0, -1e-05, 0.0, -2e-05, 0.0, 0.0, 0.0, 0.0], [0.0, 0.0, 0.0, 0.0, -1e-05, -1e-05, 0.0, 0.0, 0.0, 0.0], [0.0, 0.0, 0.0, 0.0, 0.0, -1e-05, 0.0, 0.0, 0.0, 0.0], [0.0, 0.0, 0.0, 0.0, 0.0, 0.0, -2e-05, 0.0, 0.0, 0.0]], "6_hard_full": [[0.0, -2e-05, 0.4634146341463415, -1e-05, -1e-05, 0.024390243902439025], [0.0, -2e-05, -1e-05, -2e-05, 0.0, 0.0], [0.0, -1e-05, 0.4146341463414634, 0.0975609756097561, 0.0, 0.0], [-2e-05, -1e-05, 0.0, -2e-05, 0.0, 0.0], [0.0, -1e-05, 0.0, 0.0, 0.0, 0.0], [0.0, -2e-05, 0.0, 0.0, -2e-05, 0.0]]}