{"10_easy_pruned": [[0.00851270825732701, 0.004256354128663505, 0.004256354128663505, 0.004256354128663505, -1e-05, -2e-05, -2e-05, 0.004256354128663505, 0.00851270825732701, 0.010640885321658761], [0.00851270825732701, 0.006384531192995257, 0.0021281770643317524, 0.0021281770643317524, -2e-05, -1e-05, -1e-05, -1e-05, 0.017557460780736958, 0.026602213304146905], [0.0021281770643317524, 0.01312375856337914, 0.006384531192995257, -1e-05, -2e-05, -2e-05, -2e-05, -1e-05, 0.021281770643317523, 0.024352426121853336], [0.006384531192995257, 0.00851270825732701, 0.019153593578985773, -2e-05, -2e-05, -1e-05, -1e-05, -2e-05, -1e-05, -1e-05], [-2e-05, 0.004256354128663505, 0.004256354128663505, -1e-05, 0.02766630183631278, -2e-05, -2e-05, 0.014897239450322267, 0.026424865215452596, -1e-05], [-1e-05, 0.012946410474684828, 0.006384531192995257, 0.015429283716405204, 0.046039563825043574, 0.025538124771981027, 0.014897239450322267, 0.00851270825732701, 0.024580445093031738, 0.02392679070898699], [-1e-05, -1e-05, 0.01702541651465402, 0.01954375937411326, 0.03231282176010377, 0.041002878106125094, 0.00851270825732701, 0.021281770643317523, 0.00851270825732701, 0.01702541651465402], [-2e-05, -2e-05, 0.019366411285418945, 0.03014917507803316, 0.02819834610239572, 0.03369613685191941, -1e-05, 0.019153593578985773, 0.0195082897563744, 0.015287405245449755], [0.0021281770643317524, 0.0021281770643317524, 0.006384531192995257, 0.02014674287567392, 0.01702541651465402, 0.0357888442985123, -1e-05, 0.026708622157363488, 0.00851270825732701, 0.010818233410353076], [0.0, 0.0021281770643317524, 0.006384531192995257, 0.012769062385990513, 0.030007296607077707, -2e-05, -2e-05, -2e-05, 0.01702541651465402, 0.006384531192995257]], "10_medium_pruned": [[0.0, 0.0, 0.008459265614897977, 0.0033837062459591907, 0.005075559368938786, 0.008459265614897977, 0.005075559368938786, 0.0033837062459591907, 0.005075559368938786, 0.0016918531229795954], [0.0033837062459591907, 0.0, 0.010151118737877572, 0.01889235987327215, 0.0067674124919183815, 0.015226678106816357, 0.005075559368938786, 0.010151118737877572, 0.0067674124919183815, 0.0], [0.0033837062459591907, 0.006908400252166682, -1e-05, 0.02532140174059461, 0.030876319494377615, -2e-05, 0.027069649967673526, 0.011842971860857168, 0.008459265614897977, 0.0016918531229795954], [0.012265935141602066, 0.014098776024829961, -1e-05, -1e-05, -1e-05, -2e-05, 0.016918531229795954, 0.008459265614897977, 0.008459265614897977, 0.0016918531229795954], [0.005075559368938786, 0.02444727762705515, 0.05017955798323052, 0.04088645047200688, -2e-05, -2e-05, -2e-05, -1e-05, -2e-05, 0.0033837062459591907], [0.0033837062459591907, 0.010433094258374171, 0.03571622789261567, 0.049458506295103496, 0.019456310914265345, -1e-05, -2e-05, -2e-05, 0.013534824983836763, 0.0016918531229795954], [0.006908400252166682, 0.006908400252166682, 0.020612410548301402, -1e-05, 0.023685943721714335, -2e-05, 0.020302237475755144, 0.015226678106816357, 0.01861038435277555, 0.0016918531229795954], [0.006908400252166682, 0.013534824983836763, 0.021401942005691878, 0.03753899822154011, -1e-05, -1e-05, 0.0406205878383958, 0.019089742737619767, 0.015226678106816357, 0.008459265614897977], [0.0016918531229795954, 0.006908400252166682, 0.010433094258374171, 0.01776445779128575, 0.017623470031037453, -1e-05, 0.02833853980990822, 0.015226678106816357, 0.012124947381353767, 0.0067674124919183815], [0.0033837062459591907, 0.0033837062459591907, 0.0016918531229795954, 0.0067674124919183815, 0.011983959621105468, 0.0067674124919183815, -2e-05, 0.010151118737877572, 0.005075559368938786, 0.005075559368938786]], "6_hard_pruned": [[0.02181289384391662, -2e-05, 0.04604944255937954, -1e-05, -1e-05, 0.02181289384391662], [0.029083858458555496, -2e-05, -1e-05, -2e-05, 0.030538051381483272, 0.007270964614638874], [0.052350945225399896, -1e-05, 0.10033931168201647, 0.10615608337372757, 0.06689287445467763, 0.0], [-2e-05, -1e-05, 0.09161415414444982, -2e-05, 0.04507998061076102, 0.014541929229277748], [0.029083858458555496, -1e-05, 0.08725157537566648, 0.06834706737760542, 0.04362578768783324, 0.014541929229277748], [0.029083858458555496, -2e-05, 0.029083858458555496, 0.05089675230247212, -2e-05, 0.014541929229277748]], "10_hard_full": [[0.0017930710611138386, 0.005379213183341516, 0.008965355305569193, -2e-05, 0.008965355305569193, 0.005379213183341516, 0.0071722842444553545, 0.0017930710611138386, 0.005379213183341516, 0.0], [0.008965355305569193, 0.0035861421222276773, 0.0071722842444553545, -1e-05, 0.014493991077336864, -2e-05, 0.010758426366683033, 0.010758426366683033, 0.008965355305569193, 0.0035861421222276773], [0.0035861421222276773, -2e-05, -2e-05, 0.023745383909321835, 0.035323499903942616, -1e-05, -1e-05, 0.008965355305569193, -2e-05, 0.0], [0.005379213183341516, 0.005379213183341516, -2e-05, -1e-05, -2e-05, 0.030870706768843258, 0.02420645932503682, 0.008965355305569193, 0.0071722842444553545, 0.0], [0.011014579375413579, -1e-05, -1e-05, 0.04474139219160245, 0.061536491130702066, 0.025431724550131277, 0.03571199863385062, 0.0071722842444553545, 0.005379213183341516, 0.0017930710611138386], [0.005379213183341516, -1e-05, -1e-05, 0.036117574231007324, -2e-05, 0.028838559566247576, 0.019723781672252225, 0.0071722842444553545, 0.014344568488910709, 0.0017930710611138386], [0.0071722842444553545, 0.020415394795824705, -1e-05, 0.016496253762247313, -2e-05, 0.023309923794479902, 0.014493991077336864, 0.008965355305569193, 0.005379213183341516, 0.0035861421222276773], [0.0035861421222276773, 0.03131897453412171, -1e-05, 0.035951074775332464, 0.025640916173927893, 0.014344568488910709, 0.01613763955002455, 0.005379213183341516, 0.0017930710611138386, 0.0], [0.005379213183341516, 0.014344568488910709, -2e-05, 0.019723781672252225, 0.0322752791000491, -2e-05, -2e-05, 0.014344568488910709, 0.0071722842444553545, 0.0035861421222276773], [0.0035861421222276773, 0.014643413665763017, 0.010758426366683033, 0.014493991077336864, -1e-05, 0.02417657480735159, 0.01255149742779687, 0.010758426366683033, 0.005379213183341516, 0.0]], "10_easy_full": [[0.008384572386808273, 0.008384572386808273, 0.008384572386808273, 0.008384572386808273, -1e-05, 0.014935019564002236, -2e-05, 0.002096143096702068, 0.006288429290106205, 0.006288429290106205], [0.008384572386808273, 0.006288429290106205, 0.002096143096702068, 0.002096143096702068, -2e-05, -1e-05, -1e-05, -1e-05, 0.017293180547792063, 0.0214854667411962], [0.002096143096702068, 0.012926215762996088, 0.006288429290106205, -1e-05, -2e-05, -2e-05, -2e-05, -1e-05, 0.020961430967020682, 0.017293180547792063], [0.006288429290106205, 0.008384572386808273, 0.018865287870318614, -2e-05, -2e-05, -1e-05, -1e-05, -2e-05, -1e-05, -1e-05], [-2e-05, 0.004192286193404136, 0.004192286193404136, -1e-05, 0.027249860257126887, -2e-05, -2e-05, 0.018865287870318614, 0.03021939631078815, 0.035721771939631074], [-1e-05, 0.01275153717160425, 0.006288429290106205, 0.015197037451089995, 0.04534656232532141, 0.02515371716042482, 0.014673001676914477, 0.008384572386808273, 0.022009502515371718, 0.01257685858021241], [-1e-05, -1e-05, 0.016769144773616546, 0.01924958077138066, 0.03182643935159307, 0.04038569032979318, 0.008384572386808273, 0.018865287870318614, 0.008384572386808273, 0.008384572386808273], [-2e-05, -2e-05, 0.01907490217998882, 0.029695360536612637, 0.027773896031302404, 0.03318893236444941, -1e-05, 0.018865287870318614, 0.019214645053102296, 0.008559250978200114], [0.002096143096702068, 0.002096143096702068, 0.006288429290106205, 0.019843487982112912, 0.016769144773616546, 0.03301425377305758, -1e-05, 0.026306595863610952, 0.008384572386808273, 0.006288429290106205], [0.0, 0.002096143096702068, 0.006288429290106205, 0.01257685858021241, 0.02955561766349916, -2e-05, -2e-05, -2e-05, 0.016769144773616546, 0.006288429290106205]],