{"10_easy_pruned": [[0.015275526176530486, 0.015000061904180255, 0.015833416700376544, 0.014446798678344057, -1e-05, -2e-05, -2e-05, 0.015277839821998576, 0.01583341670037655, 0.016111176676123547], [0.015277839987179787, 0.014444502985930007, 0.015000060872121215, 0.015000060881797273, -2e-05, -1e-05, -1e-05, -1e-05, 0.015555618769284263, 0.01555561893576144], [0.014722263982753411, 0.014722281933215701, 0.014444485034182553, -1e-05, -2e-05, -2e-05, -2e-05, -1e-05, 0.016111176676123547, 0.014719968280663317], [0.014722281933226415, 0.015000060872131836, 0.015833416700376635, -2e-05, -2e-05, -1e-05, -1e-05, -2e-05, -1e-05, -1e-05], [-2e-05, 0.015000042931334983, 0.015000060881797273, -1e-05, 0.015833397727541977, -2e-05, -2e-05, 0.014719968436168284, 0.014722282090016641, -1e-05], [-1e-05, 0.015000060881797358, 0.016111195648958115, 0.015000060881797273, 0.016111176676123547, 0.013888945077805557, 0.014997747227948917, 0.015557914472670326, 0.016111176676123544, 0.015000060881797266], [-1e-05, -1e-05, 0.015000060881797268, 0.015833416857177488, 0.015000079846251568, 0.015557914482346476, 0.01555561877896041, 0.015277858803224112, 0.014446798844821232, 0.015000060881797362], [-2e-05, -2e-05, 0.015555618778960414, 0.014444502976253956, 0.014722283113684802, 0.015275526176530574, -1e-05, 0.014724577636601855, 0.01416901989623957, 0.015833397727552687], [0.014442208303620339, 0.01444450298464484, 0.01555561893705723, 0.015275526176530487, 0.014166724192864301, 0.015277858804509289, -1e-05, 0.015277839831674724, 0.015833397728837954, 0.015555618778960407], [0.015000079844966398, 0.015277839831674724, 0.015277839987190489, 0.015555618778960409, 0.014166724027672297, -2e-05, -2e-05, -2e-05, 0.0150023565755179, 0.015555618935761352]], "10_medium_pruned": [[0.01333166051168468, 0.012144582567569987, 0.01238097771088898, 0.012619073451379923, 0.013333360685421446, 0.012380977710290833, 0.011904786306462165, 0.013095264944938987, 0.013093564767002758, 0.012380966158827077], [0.013095264944332326, 0.012379277532956989, 0.012620762080838531, 0.011903098101032648, 0.013093576743098087, 0.012858857910457476, 0.0128571692845917, 0.012619073454972752, 0.011906474846792766, 0.013095264940739492], [0.01214457058848425, 0.012619073540507895, -1e-05, 0.013095265029269349, 0.010950715122907358, -2e-05, 0.012857169199650399, 0.010954091953604526, 0.01261908542747095, 0.013095265029269349], [0.012141193849307398, 0.01190479819762468, -1e-05, -1e-05, -1e-05, -2e-05, 0.012142881965604637, 0.012620762080838562, 0.011430295333528523, 0.01333336068901424], [0.012144570677014107, 0.01262076208144519, 0.01261908543106378, 0.011906474843802327, -2e-05, -2e-05, -2e-05, -1e-05, -2e-05, 0.012617373277638915], [0.013095264944938985, 0.012380989771318915, 0.013093564851944083, 0.012141193764972767, 0.011428594728568468, -1e-05, -2e-05, -2e-05, 0.012379289505459494, 0.013333372665109542], [0.011666678925383672, 0.012380977710290833, 0.012857169285189818, -1e-05, 0.012858869801615744, -2e-05, 0.012380989686984253, 0.013573145059566211, 0.01309526494433232, 0.012379277529364165], [0.01333336077395127, 0.013333360689014275, 0.012142870495489348, 0.013095264944336627, -1e-05, -1e-05, 0.011906486907829363, 0.012380977795227854, 0.011904798278366487, 0.012144582563977156], [0.012380977710290833, 0.0126207620772457, 0.012380977710290833, 0.012620762077848093, 0.012141181784682277, -1e-05, 0.012142882050545933, 0.012379277532957027, 0.012379289509056568, 0.012379277532956996], [0.012142881965604639, 0.013333360686023806, 0.012619073455570905, 0.012380977710286591, 0.01238097770669373, 0.011666690476245101, -2e-05, 0.012857169199650402, 0.012857169199650402, 0.012141193760777545]], "6_hard_pruned": [[0.0433335683998461, -2e-05, 0.04225951753319277, -1e-05, -1e-05, 0.046666959603355096], [0.04225951757075396, -2e-05, -1e-05, -2e-05, 0.04337063608286565, 0.0444447228129212], [0.04662996039703791, -1e-05, 0.04555584105372391, 0.03888913261801064, 0.037776858344674265, 0.044408881265899015], [-2e-05, -1e-05, 0.04440772500341259, -2e-05, 0.04114839925361976, 0.038889132849255645], [0.04555580495782216, -1e-05, 0.04555587343577775, 0.04885216109286375, 0.041110174451338403, 0.04107548912920355], [0.04337059758193222, -2e-05, 0.04329776321878007, 0.05114726904421096, -2e-05, 0.040000250897625225]], "10_hard_full": [[0.012698453312500064, 0.01206355832268584, 0.012698453312500291, -2e-05, 0.013650864872141847, 0.012066553241112958, 0.014282765210054754, 0.01301591467818206, 0.012698425332266613, 0.012380991421830686], [0.011431630509772906, 0.013330352861390695, 0.012377968764345142, -1e-05, 0.013333376307898517, -2e-05, 0.013015886690598008, 0.01174606947948964, 0.013333376310389417, 0.012380963969123403], [0.014282765488983674, -2e-05, -2e-05, 0.013018909081534026, 0.01333639870384006, -1e-05, -1e-05, 0.013330381125412774, -2e-05, 0.013650809421937615], [0.012066553238622057, 0.013968270785104988, -2e-05, -1e-05, -2e-05, 0.01238401460681846, 0.013015886431423034, 0.011746069225343688, 0.013018937338158062, 0.014285787603481672], [0.013650836887072415, -1e-05, -1e-05, 0.014285760138394544, 0.012380992213367812, 0.012698425334804957, 0.013012891762257998, 0.013650865151070767, 0.012380992210829465, 0.012698425065741259], [0.013650809165301207, -1e-05, -1e-05, 0.011746041235245232, -2e-05, 0.012701475705950708, 0.013015914685556166, 0.012701475703436306, 0.01396530384434925, 0.0133303813820494], [0.011111146760529659, 0.01206350260344163, -1e-05, 0.011746096947115117, -2e-05, 0.013330353137805218, 0.012701475972476286, 0.013647814227072242, 0.013333403508950747, 0.012698425324916236], [0.012698481051534765, 0.01111416914409136, -1e-05, 0.013012920026280517, 0.013653860076919657, 0.013333347789706762, 0.01396829877271254, 0.012063530847686037, 0.014282765488983901, 0.01428575936175189], [0.012066553241112958, 0.012377969040759895, -2e-05, 0.013965304110922056, 0.013015886424024988, -2e-05, -2e-05, 0.014285760414832788, 0.013965303854237972, 0.013330381389447445], [0.012380963959234456, 0.012695458648171227, 0.011749091875454908, 0.013018909093913655, -1e-05, 0.014603193259807959, 0.01397132117854326, 0.01301594214326897, 0.012701475969985604, 0.013333348056279561]],