{"10_easy_pruned": [[0.006269592476489028, 0.00438871473354232, 0.00438871473354232, 0.0025078369905956114, -1e-05, -2e-05, -2e-05, 0.0025078369905956114, 0.005015673981191223, 0.006269592476489028], [0.006269592476489028, 0.009404388714733543, 0.005642633228840126, 0.0018808777429467087, -2e-05, -1e-05, -1e-05, -1e-05, 0.012539184952978056, 0.01755485893416928], [0.0037617554858934174, 0.01128526645768025, 0.011285266457680252, -1e-05, -2e-05, -2e-05, -2e-05, -1e-05, 0.012539184952978056, 0.013793103448275862], [0.006269592476489028, 0.012539184952978056, 0.018808777429467086, -2e-05, -2e-05, -1e-05, -1e-05, -2e-05, -1e-05, -1e-05], [-2e-05, 0.010031347962382446, 0.015673981191222573, -1e-05, 0.02382445141065831, -2e-05, -2e-05, 0.013166144200626959, 0.018808777429467086, -1e-05], [-1e-05, 0.012539184952978056, 0.021316614420062694, 0.020689655172413796, 0.04075235109717869, 0.03385579937304076, 0.020689655172413796, 0.01755485893416928, 0.021316614420062698, 0.01755485893416928], [-1e-05, -1e-05, 0.021316614420062694, 0.02382445141065831, 0.03510971786833856, 0.03510971786833856, 0.021316614420062694, 0.0219435736677116, 0.012539184952978056, 0.013793103448275862], [-2e-05, -2e-05, 0.02006269592476489, 0.023824451410658306, 0.029467084639498438, 0.02633228840125392, -1e-05, 0.018808777429467086, 0.01567398119122257, 0.010658307210031347], [0.0037617554858934174, 0.007523510971786835, 0.013793103448275862, 0.020689655172413796, 0.022570532915360503, 0.025705329153605017, -1e-05, 0.01755485893416928, 0.012539184952978056, 0.00877742946708464], [0.0037617554858934174, 0.005642633228840126, 0.010031347962382446, 0.013793103448275862, 0.0219435736677116, -2e-05, -2e-05, -2e-05, 0.011912225705329155, 0.007523510971786835]], "10_medium_pruned": [[0.0031496062992125975, 0.004724409448818896, 0.009973753280839891, 0.008398950131233592, 0.011548556430446189, 0.014698162729658786, 0.009973753280839891, 0.006824146981627294, 0.006824146981627294, 0.004724409448818896], [0.006824146981627294, 0.006299212598425195, 0.01102362204724409, 0.017847769028871384, 0.012073490813648289, 0.018372703412073484, 0.011548556430446189, 0.01102362204724409, 0.009448818897637792, 0.004724409448818896], [0.008398950131233592, 0.008923884514435692, -1e-05, 0.015223097112860885, 0.019947506561679783, -2e-05, 0.019947506561679786, 0.011548556430446189, 0.007874015748031492, 0.006299212598425195], [0.015748031496062985, 0.018372703412073484, -1e-05, -1e-05, -1e-05, -2e-05, 0.012598425196850388, 0.006824146981627294, 0.009448818897637792, 0.007874015748031492], [0.013123359580052486, 0.02519685039370078, 0.03202099737532807, 0.02519685039370078, -2e-05, -2e-05, -2e-05, -1e-05, -2e-05, 0.011548556430446189], [0.013123359580052486, 0.018897637795275583, 0.026771653543307076, 0.03202099737532808, 0.014698162729658786, -1e-05, -2e-05, -2e-05, 0.012073490813648289, 0.01102362204724409], [0.01049868766404199, 0.012073490813648289, 0.019422572178477683, -1e-05, 0.015748031496062985, -2e-05, 0.013648293963254588, 0.01102362204724409, 0.017322834645669284, 0.007874015748031492], [0.008923884514435692, 0.013648293963254588, 0.017322834645669284, 0.024146981627296577, -1e-05, -1e-05, 0.02519685039370078, 0.013648293963254588, 0.012073490813648289, 0.009973753280839891], [0.006299212598425195, 0.008923884514435692, 0.011023622047244089, 0.013648293963254588, 0.015223097112860885, -1e-05, 0.018372703412073484, 0.01102362204724409, 0.00944881889763779, 0.007349081364829393], [0.005249343832020995, 0.006824146981627294, 0.006299212598425195, 0.008398950131233592, 0.013648293963254588, 0.01102362204724409, -2e-05, 0.008398950131233592, 0.006299212598425195, 0.005249343832020995]], "6_hard_pruned": [[0.017361111111111115, -2e-05, 0.038194444444444454, -1e-05, -1e-05, 0.03472222222222223], [0.02430555555555556, -2e-05, -1e-05, -2e-05, 0.03472222222222223, 0.02083333333333334], [0.04166666666666668, -1e-05, 0.08333333333333336, 0.08333333333333336, 0.06597222222222224, 0.03472222222222223], [-2e-05, -1e-05, 0.07291666666666669, -2e-05, 0.04861111111111112, 0.03472222222222223], [0.02430555555555556, -1e-05, 0.07291666666666669, 0.06250000000000001, 0.04861111111111112, 0.03125000000000001], [0.02430555555555556, -2e-05, 0.03819444444444445, 0.04166666666666667, -2e-05, 0.02083333333333334]], "10_hard_full": [[0.003013561024610746, 0.004520341536916119, 0.006529382219989949, -2e-05, 0.009040683073832238, 0.009040683073832238, 0.008036162732295323, 0.006027122049221492, 0.006529382219989949, 0.004520341536916119], [0.008036162732295323, 0.0020090406830738307, 0.0050226017076845765, -1e-05, 0.009040683073832238, -2e-05, 0.008538422903063779, 0.010045203415369153, 0.009040683073832238, 0.006027122049221492], [0.006529382219989949, -2e-05, -2e-05, 0.014565544952285271, 0.02310396785534905, -1e-05, -1e-05, 0.013561024610748356, -2e-05, 0.006027122049221492], [0.009040683073832238, 0.003013561024610746, -2e-05, -1e-05, -2e-05, 0.022601707684580596, 0.019085886489201388, 0.014063284781516812, 0.013561024610748356, 0.009040683073832238], [0.013561024610748356, -1e-05, -1e-05, 0.027624309392265168, 0.03716725263686586, 0.026619789050728253, 0.029633350075338998, 0.020592667001506762, 0.013561024610748356, 0.012054244098442983], [0.01054746358613761, -1e-05, -1e-05, 0.022601707684580596, -2e-05, 0.02511300853842288, 0.02511300853842288, 0.021597187343043677, 0.016072325464590646, 0.01054746358613761], [0.012054244098442983, 0.011049723756906068, -1e-05, 0.013058764439979898, -2e-05, 0.02511300853842288, 0.020592667001506762, 0.0165745856353591, 0.013561024610748356, 0.009542943244600696], [0.006529382219989949, 0.016072325464590646, -1e-05, 0.024108488196885967, 0.021597187343043677, 0.01958814665996985, 0.017579105976896017, 0.015570065293822186, 0.01054746358613761, 0.007533902561526865], [0.006529382219989949, 0.008538422903063779, -2e-05, 0.017579105976896017, 0.021597187343043677, -2e-05, -2e-05, 0.012054244098442983, 0.010045203415369153, 0.006529382219989949], [0.003515821195379203, 0.008036162732295323, 0.0075339025615268635, 0.011049723756906066, -1e-05, 0.015570065293822186, 0.009040683073832238, 0.009040683073832236, 0.006529382219989949, 0.004520341536916119]],