{"10_easy_pruned": [[0.0, 0.0045662100456621, 0.0091324200913242, 0.0182648401826484, -1e-05, -2e-05, -2e-05, 0.0273972602739726, 0.0182648401826484, 0.0091324200913242], [0.0, 0.0045662100456621, 0.0136986301369863, 0.0273972602739726, -2e-05, -1e-05, -1e-05, -1e-05, 0.0365296803652968, 0.0182648401826484], [0.0, 0.0091324200913242, 0.0182648401826484, -1e-05, -2e-05, -2e-05, -2e-05, -1e-05, 0.0502283105022831, 0.0319634703196347], [0.0045662100456621, 0.0136986301369863, 0.0228310502283105, -2e-05, -2e-05, -1e-05, -1e-05, -2e-05, -1e-05, -1e-05], [-2e-05, 0.0273972602739726, 0.0273972602739726, -1e-05, 0.0273972602739726, -2e-05, -2e-05, 0.0365296803652968, 0.0365296803652968, -1e-05], [-1e-05, 0.0319634703196347, 0.0273972602739726, 0.0182648401826484, 0.0228310502283105, 0.0182648401826484, 0.0182648401826484, 0.0273972602739726, 0.0273972602739726, 0.0182648401826484], [-1e-05, -1e-05, 0.0228310502283105, 0.0091324200913242, 0.0136986301369863, 0.0182648401826484, 0.0136986301369863, 0.0182648401826484, 0.0136986301369863, 0.0045662100456621], [-2e-05, -2e-05, 0.0182648401826484, 0.0045662100456621, 0.0091324200913242, 0.0182648401826484, -1e-05, 0.0182648401826484, 0.0091324200913242, 0.0], [0.0091324200913242, 0.0091324200913242, 0.0091324200913242, 0.0045662100456621, 0.0091324200913242, 0.0182648401826484, -1e-05, 0.0182648401826484, 0.0091324200913242, 0.0], [0.0, 0.0, 0.0, 0.0, 0.0091324200913242, -2e-05, -2e-05, -2e-05, 0.0091324200913242, 0.0]], "10_medium_pruned": [[0.004830917874396135, 0.004830917874396135, 0.004830917874396135, 0.004830917874396135, 0.004830917874396135, 0.0, 0.0, 0.0, 0.0, 0.0], [0.00966183574879227, 0.01932367149758454, 0.024154589371980676, 0.024154589371980676, 0.01932367149758454, 0.00966183574879227, 0.004830917874396135, 0.0, 0.0, 0.0], [0.00966183574879227, 0.024154589371980676, -1e-05, 0.03864734299516908, 0.028985507246376812, -2e-05, 0.00966183574879227, 0.004830917874396135, 0.004830917874396135, 0.004830917874396135], [0.00966183574879227, 0.024154589371980676, -1e-05, -1e-05, -1e-05, -2e-05, 0.01932367149758454, 0.014492753623188406, 0.00966183574879227, 0.004830917874396135], [0.00966183574879227, 0.024154589371980676, 0.033816425120772944, 0.043478260869565216, -2e-05, -2e-05, -2e-05, -1e-05, -2e-05, 0.004830917874396135], [0.004830917874396135, 0.014492753623188406, 0.028985507246376812, 0.03864734299516908, 0.043478260869565216, -1e-05, -2e-05, -2e-05, 0.00966183574879227, 0.004830917874396135], [0.0, 0.004830917874396135, 0.014492753623188406, -1e-05, 0.043478260869565216, -2e-05, 0.033816425120772944, 0.01932367149758454, 0.004830917874396135, 0.004830917874396135], [0.0, 0.004830917874396135, 0.014492753623188406, 0.033816425120772944, -1e-05, -1e-05, 0.028985507246376812, 0.014492753623188406, 0.0, 0.0], [0.0, 0.004830917874396135, 0.00966183574879227, 0.024154589371980676, 0.033816425120772944, -1e-05, 0.024154589371980676, 0.00966183574879227, 0.0, 0.0], [0.0, 0.0, 0.004830917874396135, 0.014492753623188406, 0.01932367149758454, 0.01932367149758454, -2e-05, 0.00966183574879227, 0.0, 0.0]], "6_hard_pruned": [[0.02531645569620253, -2e-05, 0.0759493670886076, -1e-05, -1e-05, 0.0379746835443038], [0.05063291139240506, -2e-05, -1e-05, -2e-05, 0.06329113924050633, 0.0379746835443038], [0.0759493670886076, -1e-05, 0.11392405063291139, 0.08860759493670886, 0.0379746835443038, 0.02531645569620253], [-2e-05, -1e-05, 0.08860759493670886, -2e-05, 0.012658227848101266, 0.0], [0.06329113924050633, -1e-05, 0.06329113924050633, 0.0379746835443038, 0.0, 0.0], [0.0379746835443038, -2e-05, 0.0379746835443038, 0.02531645569620253, -2e-05, 0.0]], "10_hard_full": [[0.0, 0.004878048780487805, 0.00975609756097561, -2e-05, 0.01951219512195122, 0.014634146341463415, 0.00975609756097561, 0.00975609756097561, 0.004878048780487805, 0.0], [0.0, 0.00975609756097561, 0.014634146341463415, -1e-05, 0.02926829268292683, -2e-05, 0.01951219512195122, 0.014634146341463415, 0.004878048780487805, 0.0], [0.00975609756097561, -2e-05, -2e-05, 0.03414634146341464, 0.03902439024390244, -1e-05, -1e-05, 0.014634146341463415, -2e-05, 0.0], [0.024390243902439025, 0.03902439024390244, -2e-05, -1e-05, -2e-05, 0.02926829268292683, 0.01951219512195122, 0.014634146341463415, 0.004878048780487805, 0.0], [0.03414634146341464, -1e-05, -1e-05, 0.04878048780487805, 0.03414634146341464, 0.014634146341463415, 0.00975609756097561, 0.00975609756097561, 0.004878048780487805, 0.0], [0.03902439024390244, -1e-05, -1e-05, 0.04878048780487805, -2e-05, 0.004878048780487805, 0.0, 0.0, 0.0, 0.0], [0.03414634146341464, 0.04878048780487805, -1e-05, 0.04390243902439024, -2e-05, 0.0, 0.0, 0.0, 0.0, 0.0], [0.01951219512195122, 0.02926829268292683, -1e-05, 0.03414634146341464, 0.01951219512195122, 0.004878048780487805, 0.004878048780487805, 0.0, 0.0, 0.0], [0.00975609756097561, 0.014634146341463415, -2e-05, 0.024390243902439025, 0.01951219512195122, -2e-05, -2e-05, 0.0, 0.0, 0.0], [0.004878048780487805, 0.004878048780487805, 0.00975609756097561, 0.014634146341463415, -1e-05, 0.00975609756097561, 0.004878048780487805, 0.0, 0.0, 0.0]], "10_easy_full": [[0.0, 0.004545454545454545, 0.00909090909090909, 0.01818181818181818, -1e-05, 0.04090909090909091, -2e-05, 0.02727272727272727, 0.01818181818181818, 0.00909090909090909], [0.0, 0.004545454545454545, 0.013636363636363636, 0.02727272727272727, -2e-05, -1e-05, -1e-05, -1e-05, 0.03636363636363636, 0.01818181818181818], [0.0, 0.00909090909090909, 0.01818181818181818, -1e-05, -2e-05, -2e-05, -2e-05, -1e-05, 0.045454545454545456, 0.02727272727272727], [0.004545454545454545, 0.013636363636363636, 0.022727272727272728, -2e-05, -2e-05, -1e-05, -1e-05, -2e-05, -1e-05, -1e-05], [-2e-05, 0.02727272727272727, 0.02727272727272727, -1e-05, 0.02727272727272727, -2e-05, -2e-05, 0.031818181818181815, 0.02727272727272727, 0.022727272727272728], [-1e-05, 0.031818181818181815, 0.02727272727272727, 0.01818181818181818, 0.022727272727272728, 0.01818181818181818, 0.01818181818181818, 0.022727272727272728, 0.01818181818181818, 0.00909090909090909], [-1e-05, -1e-05, 0.022727272727272728, 0.00909090909090909, 0.013636363636363636, 0.01818181818181818, 0.013636363636363636, 0.013636363636363636, 0.00909090909090909, 0.0], [-2e-05, -2e-05, 0.01818181818181818, 0.004545454545454545, 0.00909090909090909, 0.01818181818181818, -1e-05, 0.01818181818181818, 0.00909090909090909, 0.0], [0.00909090909090909, 0.00909090909090909, 0.00909090909090909, 0.004545454545454545, 0.00909090909090909, 0.01818181818181818, -1e-05, 0.01818181818181818, 0.00909090909090909, 0.0], [0.0, 0.0, 0.0, 0.0, 0.00909090909090909, -2e-05, -2e-05, -2e-05, 0.00909090909090909, 0.0]], "6_easy_pruned": [[0.05128205128205128, -1e-05, -2e-05, -2e-05, 0.05128205128205128, 0.02564102564102564], [0.07692307692307693, -2e-05, -1e-05, -1e-05, 0.10256410256410256, 0.0641025641025641], [-1e-05, -2e-05, -2e-05, -2e-05, -1e-05, 0.07692307692307693], [-2e-05, 0.11538461538461539, -1e-05, -1e-05, -2e-05, -1e-05], [-1e-05, 0.07692307692307693, -2e-05, -2e-05, 0.07692307692307693, 0.05128205128205128], [0.038461538461538464, 0.05128205128205128, 0.038461538461538464, 0.038461538461538464, 0.038461538461538464, 0.02564102564102564]],