{"10_easy_pruned": [[0.0023520515251188225, 0.0017194020130546306, 0.0017194020130546306, 0.0009846685012672245, -1e-05, -2e-05, -2e-05, 0.0009846685012672245, 0.001969337002534449, 0.00320017262911848], [0.0026431357530021897, 0.0036818103072725917, 0.0021335698035964013, 0.0010258177396707737, -2e-05, -1e-05, -1e-05, -1e-05, 0.028555386536749515, 0.17495951645475696], [0.0011471388039763167, 0.006754524489560121, 0.0038658286312506594, -1e-05, -2e-05, -2e-05, -2e-05, -1e-05, 0.007254394468519756, 0.031851614582930385], [0.0036590482459845424, 0.006050486511154053, 0.012066023889849172, -2e-05, -2e-05, -1e-05, -1e-05, -2e-05, -1e-05, -1e-05], [-2e-05, 0.003719434548970421, 0.00619934226468746, -1e-05, 0.027590331737847196, -2e-05, -2e-05, 0.006101880178337541, 0.013787067116161714, -1e-05], [-1e-05, 0.007246067414402652, 0.010370782283883205, 0.012608931349671016, 0.05096745857733129, 0.02112115183741234, 0.009978861687510719, 0.008169043419774152, 0.024929411665995608, 0.02868672580935152], [-1e-05, -1e-05, 0.012374398378180464, 0.01845442494437254, 0.02943126409144968, 0.052657621964480913, 0.008577165980681286, 0.01421427156807381, 0.005065818009886828, 0.007687556456186566], [-2e-05, -2e-05, 0.013648024456425953, 0.016086481504606405, 0.019571152997126744, 0.02366320419272466, -1e-05, 0.009659208577151114, 0.009678839223757257, 0.009094569087546144], [0.001327996283800909, 0.0022942776079526335, 0.0051655910529233955, 0.023962581883510095, 0.011884257960882003, 0.033232444497149946, -1e-05, 0.022398110283095088, 0.005789247929185198, 0.004282001787602583], [0.0011471388039763167, 0.0021729565436470906, 0.006980600501084314, 0.023845560494727545, 0.05143623557640975, -2e-05, -2e-05, -2e-05, 0.02079986613454912, 0.0033626429318275725]], "10_medium_pruned": [[0.0005629847207711244, 0.0008541420549038304, 0.011821575764069933, 0.0019255980858467556, 0.002673992507073291, 0.04339234191425504, 0.003212650374544467, 0.001565010736224364, 0.008921830957060449, 0.0012439482681463195], [0.0016036706312129389, 0.001164629336530824, 0.004379798661635583, 0.040682344141197875, 0.0032325638852404906, 0.04504301009970136, 0.00935368100240758, 0.015385134217191202, 0.0025652163262697893, 0.0008541420549038304], [0.0019835879283296182, 0.002797787999890661, -1e-05, 0.012338547109947412, 0.06646806255358975, -2e-05, 0.03772452108188042, 0.003137224976610951, 0.0015137765131463922, 0.001087309546553674], [0.04852646064375837, 0.019149000447526595, -1e-05, -1e-05, -1e-05, -2e-05, 0.017969025003588924, 0.0018317364674624102, 0.002086650150043327, 0.0016795131309448957], [0.0030539098041899707, 0.025419778766973964, 0.05180340655296205, 0.022732466138039475, -2e-05, -2e-05, -2e-05, -1e-05, -2e-05, 0.002762752470057265], [0.003239319504645382, 0.006980280733421856, 0.13141000039668432, 0.04333940237361076, 0.00671119215477998, -1e-05, -2e-05, -2e-05, 0.0025224841813687032, 0.0020960911814118044], [0.0032471353124970265, 0.0037738024150805426, 0.013431482205765817, -1e-05, 0.00950841103465815, -2e-05, 0.01065518975641108, 0.0035366653806416927, 0.04131820846543494, 0.0013591369331920923], [0.002797787999890661, 0.006239979458458587, 0.014202173409804265, 0.05935207769898347, -1e-05, -1e-05, 0.028835103996969605, 0.007940223818035937, 0.004333682579618433, 0.014770670760360583], [0.0011259694415422488, 0.0027476879318952627, 0.0038917052325775857, 0.0065000400225880125, 0.0067517484842833965, -1e-05, 0.009374654701550357, 0.0023812079069525454, 0.0032261780990146993, 0.002654169448673537], [0.0012237533340962595, 0.0016036706312129387, 0.0011259694415422488, 0.0017480781598788089, 0.0036519300547944913, 0.0019801114964460792, -2e-05, 0.0016285480763937247, 0.001164629336530824, 0.0011156634236179986]], "6_hard_pruned": [[0.03233952457101159, -2e-05, 0.08945518058793696, -1e-05, -1e-05, 0.02856269628591892], [0.007761292097672273, -2e-05, -1e-05, -2e-05, 0.02532922832724403, 0.0062489815051111315], [0.02447203880385165, -1e-05, 0.14167225470380423, 0.1387320713453748, 0.05528332023789991, 0.010928584093413532], [-2e-05, -1e-05, 0.1184807592164878, -2e-05, 0.032178591896633385, 0.010729427288386226], [0.007761292097672273, -1e-05, 0.09955520249285622, 0.06471785560251155, 0.04723610418915042, 0.01412615724079637], [0.008018099556786428, -2e-05, 0.011670472308632204, 0.01715019609607939, -2e-05, 0.007590669454768763]], "10_hard_full": [[0.0007348087765235305, 0.0019527973351006027, 0.0017553765216951004, -2e-05, 0.0024395651380581204, 0.0022566793981233756, 0.0023627184696380183, 0.0015218706215998452, 0.002141409395493222, 0.0011805927676144723], [0.03044649054292113, 0.0006531633569098048, 0.0029585078026819886, -1e-05, 0.0074471953072480475, -2e-05, 0.002648477438286058, 0.003255819386228976, 0.0039892368088561315, 0.0015218706215998452], [0.0038716257980828677, -2e-05, -2e-05, 0.021880422500977187, 0.1046981175201646, -1e-05, -1e-05, 0.007730713044548834, -2e-05, 0.0015479971558762374], [0.004191453612832446, 0.001469617553047061, -2e-05, -1e-05, -2e-05, 0.024760603547038067, 0.013239768346320067, 0.008189138321862691, 0.00437149847470808, 0.002439565138058121], [0.01765040101561184, -1e-05, -1e-05, 0.10887833244034911, 0.11324879765337675, 0.018221932756021977, 0.027997883379222654, 0.009032149512247404, 0.004032317313747107, 0.004071809797734107], [0.004898039162055184, -1e-05, -1e-05, 0.03919197579942605, -2e-05, 0.023406647610685536, 0.011694373274629853, 0.007658706931039199, 0.006525571241406697, 0.0034015508896970198], [0.009960741192874526, 0.026613207626612134, -1e-05, 0.009787794483806124, -2e-05, 0.03766235985615726, 0.009387395920465393, 0.005956891421546917, 0.0044653407202722645, 0.0031945353345270806], [0.0021152828612168296, 0.028360352957023705, -1e-05, 0.0371916713007582, 0.028071897254264733, 0.013798448007236987, 0.010899005307079468, 0.005901233716319695, 0.0028592225948726705, 0.002019907681243571], [0.001995314081376253, 0.0037965120120382403, -2e-05, 0.010208721038364024, 0.0217897739016298, -2e-05, -2e-05, 0.004974305508123099, 0.0028804504039722395, 0.001807629590247885], [0.0011405365250121463, 0.007048299114278131, 0.0026868007985129086, 0.004986502334073559, -1e-05, 0.016227685260987196, 0.003393386347735647, 0.008169140764599783, 0.0019014718358120691, 0.0011805927676144723]],