{"10_easy_pruned": [[0.0012484008952127039, 0.0009126088393065654, 0.0009126088393065654, 0.0005226335500484641, -1e-05, -2e-05, -2e-05, 0.0005226335500484641, 0.0010452671000969283, 0.0016985590376575083], [0.0014028999811345295, 0.0019541983815045297, 0.0011324371189844495, 0.0005444743751799274, -2e-05, -1e-05, -1e-05, -1e-05, 0.2503414704732143, 0.3269072855553143], [0.0006088680858064607, 0.0035851061634702046, 0.0020518699834810874, -1e-05, -2e-05, -2e-05, -2e-05, -1e-05, 0.0038504226850509292, 0.016905915425169737], [0.0019421169379709097, 0.003211423175185552, 0.006404296362081014, -2e-05, -2e-05, -1e-05, -1e-05, -2e-05, -1e-05, -1e-05], [-2e-05, 0.0019741682403769433, 0.0032904315021648166, -1e-05, 0.01464414978706891, -2e-05, -2e-05, 0.0032387014467008366, 0.007317776309897971, -1e-05], [-1e-05, 0.003846002925660772, 0.00550451116779926, 0.0066924559332558016, 0.02705205231906745, 0.011210496275338587, 0.005296491055085535, 0.004335891883900076, 0.013231810404061066, 0.015226084037128655], [-1e-05, -1e-05, 0.00656797261797175, 0.009795074799658758, 0.015621263414776224, 0.027949142141734804, 0.004552511530600727, 0.007544524072228123, 0.0026887896251370875, 0.004080332534984187], [-2e-05, -2e-05, 0.007243976489174184, 0.008538238935968336, 0.010387801738621992, 0.012559744113729008, -1e-05, 0.005126828432958115, 0.005137247812183013, 0.004827134129169562], [0.000704862003162301, 0.0012177361716129214, 0.0027417462695450596, 0.012718645129795978, 0.0063078202662053846, 0.01763881999066861, -1e-05, 0.011888268870757914, 0.0030727652945604493, 0.0022727626533076933], [0.0006088680858064607, 0.001153342460986388, 0.003705100769098014, 0.012656533562530126, 0.02730086558657234, -2e-05, -2e-05, -2e-05, 0.011039967120347723, 0.001784793573415505]], "10_medium_pruned": [[0.0003013028377880548, 0.00045712683758831487, 0.006326769081693792, 0.0010305575734101374, 0.0014310895142973501, 0.023223073868020284, 0.001719372904730442, 0.0008375754413855118, 0.004774859576909332, 0.000665746563673431], [0.0008582657650104427, 0.0006232959992010403, 0.00234401701680926, 0.02177271475649231, 0.0017300303827430183, 0.024106492174364745, 0.005005980670184772, 0.008233943885795722, 0.0013728737745967237, 0.00045712683758831487], [0.0010615930588475336, 0.0014973434141192746, -1e-05, 0.0066034460994193215, 0.03557292965649117, -2e-05, 0.020189722450366116, 0.0016790061139451895, 0.0008101554844386965, 0.0005819153519511787], [0.14235386455272747, 0.1266313914596633, -1e-05, -1e-05, -1e-05, -2e-05, 0.009616812013033134, 0.0009803239330728893, 0.0011167507544747766, 0.0008988557837997241], [0.0016344168081344412, 0.12926685328764126, 0.027724577285359854, 0.012166149994142896, -2e-05, -2e-05, -2e-05, -1e-05, -2e-05, 0.0014785928083341814], [0.0017336459112335992, 0.003735764605932023, 0.186712165607985, 0.023194741245057677, 0.003591751545950396, -1e-05, -2e-05, -2e-05, 0.0013500040304483705, 0.0011218034840392167], [0.0017378288401807313, 0.0020196949134920496, 0.007188372179539567, -1e-05, 0.005088790373695513, -2e-05, 0.0057025329326513665, 0.0018927819462569828, 0.022113021905642634, 0.0007273941899389734], [0.0014973434141192746, 0.003339564022266043, 0.007600837097800608, 0.03176453779212059, -1e-05, -1e-05, 0.015432210398712896, 0.004249514917153748, 0.0023193362290955155, 0.007905090230573007], [0.0006026056755761096, 0.0014705304437073747, 0.0020827951224043064, 0.0034787453944738573, 0.0036134568191466365, -1e-05, 0.0050172055486539, 0.0012743946207730815, 0.0017266127846442573, 0.0014204804452957911], [0.0006549384711733516, 0.0008582657650104425, 0.0006026056755761096, 0.0009355509853364756, 0.0019544702517075895, 0.0010597325131644244, -2e-05, 0.0008715798827002098, 0.0006232959992010403, 0.0005970900153240552]], "6_hard_pruned": [[0.012247964791953236, -2e-05, 0.34391426382300777, -1e-05, -1e-05, 0.3220521925650281], [0.0029394381523333997, -2e-05, -1e-05, -2e-05, 0.00959295168604655, 0.0023666799829449065], [0.009268307856497121, -1e-05, 0.05365560596905671, 0.05254206881185898, 0.020937480338316976, 0.004138988280675339], [-2e-05, -1e-05, 0.04487227894216502, -2e-05, 0.01218701467732397, 0.004063561521364262], [0.0029394381523333997, -1e-05, 0.03770459309971657, 0.024510626774668143, 0.017889754060773814, 0.005350006805169839], [0.0030366989735503137, -2e-05, 0.00441996398641309, 0.006495302597866967, -2e-05, 0.0028748181509353136]], "10_hard_full": [[0.000470418332590261, 0.0012501642544484684, 0.0011237771278545124, -2e-05, 0.001561788864199666, 0.0014447069680883127, 0.0015125922803015648, 0.0009742886354980517, 0.00137091209224116, 0.000755805454361686], [0.0194915844394075, 0.00041814962896912086, 0.0018940115468917115, -1e-05, 0.004767631131849251, -2e-05, 0.001695532742975555, 0.0020843478954226074, 0.0025538754950754205, 0.0009742886354980517], [0.0024785819257144635, -2e-05, -2e-05, 0.014007660493628454, 0.23866801218979838, -1e-05, -1e-05, 0.004949136777266007, -2e-05, 0.0009910146206568164], [0.002683332974065157, 0.000940836665180522, -2e-05, -1e-05, -2e-05, 0.015851527916737062, 0.00847598715249934, 0.0052426167430218405, 0.002798596164191558, 0.0015617888641996662], [0.011299636695408587, -1e-05, -1e-05, 0.0697029829231456, 0.07250091760199244, 0.011665526457392855, 0.017924006947253362, 0.005782305341206417, 0.0025814552681067654, 0.002606738020654859], [0.003135683036445081, -1e-05, -1e-05, 0.02509036976083733, -2e-05, 0.014984736835398846, 0.00748663836401976, 0.004903039075475121, 0.004177615239035181, 0.0021776439651724137], [0.19454411487788348, 0.01703754930067632, -1e-05, 0.00626606282874302, -2e-05, 0.024111122636244854, 0.006009731072024746, 0.003813551252344896, 0.0028586731721087543, 0.002045114366459637], [0.0013541861070823953, 0.018156056889839216, -1e-05, 0.023809791824101166, 0.01797139000091062, 0.008833649122439372, 0.0069774505521091115, 0.0037779196625690333, 0.0018304500008123265, 0.0012931277275870063], [0.0012773831140064343, 0.002430494718383015, -2e-05, 0.006535536430943184, 0.013949628030872104, -2e-05, -2e-05, 0.003184508102906262, 0.001844039863753823, 0.001157229098172042], [0.0007301617883402123, 0.004512261179871681, 0.001720067032430376, 0.003192316407202319, -1e-05, 0.010388826162895862, 0.0021724170948102996, 0.00522981447684859, 0.0012173061060892381, 0.000755805454361686]],