{"10_easy_pruned": [[0.00216485645134886, 0.0015825582478408886, 0.0015825582478408886, 0.0009063007058489822, -1e-05, -2e-05, -2e-05, 0.0009063007058489822, 0.0018126014116979644, 0.002945477294009192], [0.0024327738680761037, 0.0033887823932509872, 0.0019637632527992554, 0.0009441749587191506, -2e-05, -1e-05, -1e-05, -1e-05, 0.06706625223282468, 0.1998393056397006], [0.0010558403223140643, 0.006216945403132433, 0.0035581550670958765, -1e-05, -2e-05, -2e-05, -2e-05, -1e-05, 0.006677031730846583, 0.029316608322281883], [0.0033678319188675905, 0.005568940398450409, 0.011105713195951281, -2e-05, -2e-05, -1e-05, -1e-05, -2e-05, -1e-05, -1e-05], [-2e-05, 0.0034234121968487376, 0.00570594902046217, -1e-05, 0.025394472450817704, -2e-05, -2e-05, 0.005616243746515894, 0.012689782036171411, -1e-05], [-1e-05, 0.00666936741030189, 0.009545392476750614, 0.011605411737555877, 0.0469110605493293, 0.01944016163201654, 0.00918466405630047, 0.007518885602539516, 0.022945329682238016, 0.02640360671236279], [-1e-05, -1e-05, 0.011389544775900056, 0.01698567419552594, 0.02708888868261851, 0.048466707214986283, 0.007894526505591668, 0.013082986140711654, 0.004662639692601426, 0.007075719222793518], [-2e-05, -2e-05, 0.012561805503460692, 0.014806190635212374, 0.018013524097447223, 0.021779897127728706, -1e-05, 0.008890451497278932, 0.008908519780008117, 0.008370750534649767], [0.0012223037172659182, 0.0021116806446281285, 0.004754471998816533, 0.022055447947243186, 0.010938413653506047, 0.03058754074705633, -1e-05, 0.02061548951055911, 0.005328493272408842, 0.003941205834812864], [0.0010558403223140643, 0.002000015281033215, 0.00642502847734087, 0.021947740056601245, 0.047342528525205256, -2e-05, -2e-05, -2e-05, 0.019144446415261474, 0.0030950169104742744]], "10_medium_pruned": [[0.0005185748285904724, 0.0007867648150503519, 0.010889055065517643, 0.001773701239945515, 0.002463060105980165, 0.039969426238606574, 0.0029592270550763467, 0.0014415580820171777, 0.008218050665626685, 0.001145821966617178], [0.001477168370675751, 0.001072759945839518, 0.004034307249240263, 0.03747320106802152, 0.002977569729424028, 0.04148988485807872, 0.00861583510804625, 0.01417150953687223, 0.0023628645105515027, 0.0007867648150503519], [0.001827116672933375, 0.002577090245874742, -1e-05, 0.011365246189687758, 0.06122486609984124, -2e-05, 0.034748699799344876, 0.0028897514345814124, 0.001394365365287257, 0.0010015393685223715], [0.06472933793851819, 0.03766925828872303, -1e-05, -1e-05, -1e-05, -2e-05, 0.016551575411159855, 0.0016872437023444649, 0.0019220490431869318, 0.0015470281907513327], [0.0028130084082377896, 0.04220517363467065, 0.047717001336748714, 0.02093926228553017, -2e-05, -2e-05, -2e-05, -1e-05, -2e-05, 0.0025448184217779102], [0.0029837924456819673, 0.006429655639480857, 0.14107478006965335, 0.03992066272478037, 0.00618179356010909, -1e-05, -2e-05, -2e-05, 0.0023235032030420703, 0.0019307453382070162], [0.0029909917196008244, 0.0034761137706440536, 0.01237196734758745, -1e-05, 0.008758359579833393, -2e-05, 0.00981467701994025, 0.0032576828036044118, 0.03805890654240168, 0.0012519242106529644], [0.002577090245874742, 0.005747751508506303, 0.013081864160564902, 0.05467021107976291, -1e-05, -1e-05, 0.026560506104207415, 0.007313875587543591, 0.003991828939536668, 0.013605516766474132], [0.0010371496571809449, 0.002530942218735571, 0.00358471606679539, 0.005987297729728503, 0.00621915068694494, -1e-05, 0.00863515434005485, 0.0021933712170639935, 0.0029716876728152456, 0.002444800748785336], [0.0011272200684181268, 0.0014771683706757506, 0.0010371496571809449, 0.001610184608350026, 0.0033638550609250938, 0.0018239144722312966, -2e-05, 0.0015000834097423964, 0.001072759945839518, 0.0010276566082910953]], "6_hard_pruned": [[0.02785035628977202, -2e-05, 0.14508035105256467, -1e-05, -1e-05, 0.09536870637449246], [0.006683918612177776, -2e-05, -1e-05, -2e-05, 0.02181318503646346, 0.005381537412010783], [0.021074985141721132, -1e-05, 0.12200620826111476, 0.11947416256236884, 0.04760923934197823, 0.009411547163470913], [-2e-05, -1e-05, 0.10203400951106373, -2e-05, 0.027711763271490098, 0.009240036046621812], [0.006683918612177776, -1e-05, 0.08573557888392037, 0.055734132172604936, 0.04067908693338844, 0.01216525342843701], [0.0069050776839042465, -2e-05, 0.010050451148458494, 0.014769514334277286, -2e-05, 0.006536980725520506]], "10_hard_full": [[0.0007113551880173947, 0.0018904680508070564, 0.0016993485047082208, -2e-05, 0.00236169922421775, 0.0021846508218667546, 0.0022873053437838225, 0.0014732956338493598, 0.0020730600012158623, 0.0011429106687479474], [0.029474701033236694, 0.0006323157226821286, 0.0028640783037250264, -1e-05, 0.007209496112789083, -2e-05, 0.002563943472457254, 0.0031519003115328555, 0.003861908554815544, 0.0014732956338493598], [0.003748051446198317, -2e-05, -2e-05, 0.021182044307801268, 0.10482010915674493, -1e-05, -1e-05, 0.007483964545621429, -2e-05, 0.0014985882627566447], [0.004057671013306323, 0.0014227103760347895, -2e-05, -1e-05, -2e-05, 0.02397029588426997, 0.01281718210533876, 0.007927757828655362, 0.004231969212597096, 0.00236169922421775], [0.017087036429321842, -1e-05, -1e-05, 0.10540315945946621, 0.10963412838997572, 0.01764032604921568, 0.02710424838628509, 0.00874386183148729, 0.0039036140183806253, 0.0039418459833072805], [0.004741703801531491, -1e-05, -1e-05, 0.03794104834386274, -2e-05, 0.022659555443433007, 0.011321112873579736, 0.007414256719516813, 0.00631728839619149, 0.0032929803644141348], [0.038097022291598254, 0.025763768642695854, -1e-05, 0.009475388165944917, -2e-05, 0.03646025460312068, 0.00908776950323013, 0.005766759669395455, 0.004322816206223263, 0.0030925723210220163], [0.0020477673723085774, 0.027455148678858007, -1e-05, 0.0360045894606769, 0.02717589989029345, 0.013358029857747613, 0.010551131419661023, 0.005712878443923647, 0.002767962076041018, 0.001955436372394483], [0.001931627749775125, 0.0036753351380898725, -2e-05, 0.009882879608515433, 0.021094289025757208, -2e-05, -2e-05, 0.0048155358823120395, 0.0027885123370281874, 0.001749933762522791], [0.001104132939224278, 0.006823331867865354, 0.0026010436296554397, 0.004827343410602942, -1e-05, 0.015709730842534374, 0.003285076417880608, 0.007908398552390391, 0.001840780756148958, 0.0011429106687479474]],