{"10_easy_pruned": [[0.0022286237180076797, 0.0016291735389980953, 0.0, 0.0, -1e-05, -2e-05, -2e-05, 0.0, 0.0, 0.0030322382595815533], [0.002504432817966088, 0.003488601201276114, 0.0, 0.0, -2e-05, -1e-05, -1e-05, -1e-05, 0.06904173267970307, 0.2057257034577639], [0.0010869407915115414, 0.006400069607546938, 0.0, -1e-05, -2e-05, -2e-05, -2e-05, -1e-05, 0.0, 0.0301801482485686], [0.0034670336169287737, 0.005732977190438995, 0.011432839262144423, -2e-05, -2e-05, -1e-05, -1e-05, -2e-05, -1e-05, -1e-05], [-2e-05, 0.0, 0.005874021491273219, -1e-05, 0.02614248329256307, -2e-05, -2e-05, 0.0, 0.013063567889011057, -1e-05], [-1e-05, 0.006865818001671761, 0.00982655827277778, 0.011947256752033867, 0.04829285660579913, 0.02001278434328544, 0.009455204360109005, 0.007740359309443066, 0.023621199417393043, 0.027181342265652147], [-1e-05, -1e-05, 0.011725031287439822, 0.017485998369505727, 0.027886809665803945, 0.04989432586430934, 0.008127064961669678, 0.01346835407834493, 0.0047999808028754394, 0.0072841391733180355], [-2e-05, -2e-05, 0.012931821723592196, 0.01524231669144517, 0.018544124264433484, 0.022421438282607675, -1e-05, 0.009152325577193587, 0.009170926073041171, 0.008617316481849123], [0.0, 0.002173881583023083, 0.0048945180899010125, 0.022705105632239007, 0.011260611801948173, 0.03148851682149294, -1e-05, 0.0212227322753636, 0.005485447536595602, 0.004057296637632247], [0.0010869407915115414, 0.0020589270429044906, 0.0066142819051835475, 0.022594225135034843, 0.04873703375389538, -2e-05, -2e-05, -2e-05, 0.01970835864086739, 0.0031861826635295404]], "10_medium_pruned": [[0.0, 0.0, 0.01137638895690155, 0.0018530822993867843, 0.002573293056308506, 0.04175823673759327, 0.0030916656943854354, 0.0015060742503658917, 0.008585845169959057, 0.0011971026217764112], [0.0, 0.0, 0.0, 0.039150294331781445, 0.0, 0.04334674267717329, 0.009001432244387543, 0.014805747939363016, 0.002468613260081337, 0.0008219760575884299], [0.0, 0.0, -1e-05, 0.0118738917625893, 0.06396495255053603, -2e-05, 0.03630385945202875, 0.0030190807292973854, 0.001456769448597316, 0.0010463627324322304], [0.0676262651699889, 0.039355125989541405, -1e-05, -1e-05, -1e-05, -2e-05, 0.0172923324011027, 0.0, 0.0, 0.0016162646179475628], [0.0029389031094615276, 0.04409404382406387, 0.049852550455262004, 0.02187638787732096, -2e-05, -2e-05, -2e-05, -1e-05, -2e-05, 0.0026587104222213415], [0.0031173304960350054, 0.006717411471754054, 0.14738850712253468, 0.041707290838536436, 0.0, -1e-05, -2e-05, -2e-05, 0.0024274903581045135, 0.0020171548230776886], [0.0031248519696445527, 0.0036316854011067953, 0.012925668192637572, -1e-05, 0.009150335323412464, -2e-05, 0.010253927691006292, 0.0, 0.039762212744411725, 0.0013079534155402879], [0.0026924265547108245, 0.006004989082611173, 0.013667336061438305, 0.057116947417119646, -1e-05, -1e-05, 0.027749207485457533, 0.00764120421520959, 0.004170481129202202, 0.014214424462339443], [0.0010835667406964877, 0.0026442131970622466, 0.0037451481354943434, 0.00625525606807344, 0.0, -1e-05, 0.009021616098391042, 0.0022915343840265844, 0.0031046839804706886, 0.00255421651125464], [0.0011776682054771275, 0.0015432782586301485, 0.0010835667406964877, 0.0, 0.0, 0.0, -2e-05, 0.0, 0.0011207707489607447, 0.0010736488354321635]], "6_hard_pruned": [[0.02858365428578582, -2e-05, 0.14890030687578318, -1e-05, -1e-05, 0.09787975795814947], [0.0, -2e-05, -1e-05, -2e-05, 0.022387524722013236, 0.0], [0.021629888074008584, -1e-05, 0.12521862346644463, 0.12261990917583629, 0.048862787391345024, 0.009659352563249485], [-2e-05, -1e-05, 0.10472055807515496, -2e-05, 0.028441412122713425, 0.00948332557030275], [0.0, -1e-05, 0.08799299087278425, 0.05720160810025578, 0.041750164538915516, 0.012485563727783127], [0.0, -2e-05, 0.010315078846916551, 0.015158394647000613, -2e-05, 0.006709098985557468]], "10_hard_full": [[0.0007318324543350541, 0.0019448875846679048, 0.0, -2e-05, 0.0, 0.0, 0.0023531483452315346, 0.0, 0.002132735677238832, 0.001175810809964987], [0.030323167893193326, 0.0, 0.0, -1e-05, 0.007417030653064486, -2e-05, 0.0, 0.0032426317817929613, 0.003973078517871287, 0.0015157063276450456], [0.0038559438871742517, -2e-05, -2e-05, 0.021791796467832893, 0.10783748968169911, -1e-05, -1e-05, 0.00769940000978067, -2e-05, 0.001541727037132514], [0.0, 0.0, -2e-05, -1e-05, -2e-05, 0.024660311421941552, 0.013186141038701516, 0.00815596844846083, 0.004353791843645887, 0.0024296837483923795], [0.01757890856498161, -1e-05, -1e-05, 0.10843732383098048, 0.11279008659814317, 0.01814812533222492, 0.027884478743629978, 0.008995565045836807, 0.004015984526394372, 0.004055317047190778], [0.0, -1e-05, -1e-05, 0.0390332298087563, -2e-05, 0.023311839645855387, 0.01164700554608655, 0.00762768555499939, 0.006499139599462829, 0.003387773003923615], [0.039193693665499574, 0.026505411581033637, -1e-05, 0.009748149298787753, -2e-05, 0.0375098095316489, 0.009349372538515222, 0.005932763201146264, 0.004447253983845774, 0.0031815959594110026], [0.0, 0.02824548014864714, -1e-05, 0.03704102748694494, 0.02795819282756234, 0.013742557783436483, 0.01085485919401689, 0.005877330935881547, 0.002847641394534844, 0.0020117261022499157], [0.0, 0.0037811343473977796, -2e-05, 0.010167370902229014, 0.021701515038076033, -2e-05, -2e-05, 0.004954157224203395, 0.0028687832209934126, 0.0018003078376642332], [0.0011359168140415976, 0.0070197501778540275, 0.0026759179877897388, 0.0049663046472549445, -1e-05, 0.016161955480324546, 0.0033796415322087815, 0.008136051890738618, 0.0018937699778641204, 0.001175810809964987]], "10_easy_full": [[0.0022905247533900113, 0.002809461830138438, 0.002809461830138438, 0.0, -1e-05, 0.06137029028690739, -2e-05, 0.0, 0.0, 0.0], [0.002573994576294758, 0.003585498683183957, 0.0, 0.0, -2e-05, -1e-05, -1e-05, -1e-05, 0.07095939814423666, 0.07095939814423666], [0.0011171310653788611, 0.006577834446009807, 0.003764703314395347, -1e-05, -2e-05, -2e-05, -2e-05, -1e-05, 0.0, 0.006712375500130497], [0.0035633320493914326, 0.0058922132342107605, 0.01175039156223355, -2e-05, -2e-05, -1e-05, -1e-05, -2e-05, -1e-05, -1e-05], [-2e-05, 0.0, 0.0060371751045233445, -1e-05, 0.026868602632584105, -2e-05, -2e-05, 0.007781805646321112, 0.015089831086058674, 0.10637182668929462], [-1e-05, 0.007056519213193495, 0.010099495389265772, 0.012279097231408548, 0.0496342126190708, 0.023445380869802204, 0.01067673773884095, 0.007955351302759072, 0.01550089069941215, 0.005276113054377356], [-1e-05, -1e-05, 0.012050699353663043, 0.017971679911445795, 0.030579200034090506, 0.05128016341317347, 0.008352797880009324, 0.012468836738360673, 0.004933302448477833, 0.003964949326946616], [-2e-05, -2e-05, 0.013291008941964666, 0.016624589742060273, 0.019059195733408626, 0.023044203908424144, -1e-05, 0.009406535574514693, 0.01038456349331049, 0.004307759932846138], [0.0, 0.0022342621307577222, 0.005030465551562812, 0.023335750247453487, 0.011573380406153029, 0.022005705901303556, -1e-05, 0.02181220329771342, 0.005637808331873453, 0.002967682109784372], [0.0011171310653788611, 0.0021161146761072853, 0.006797996587448306, 0.02322178999410871, 0.05009072698907588, -2e-05, -2e-05, -2e-05, 0.020255767248116098, 0.00327468033327795]], "6_easy_pruned": [[0.0, -1e-05, -2e-05, -2e-05, 0.0, 0.01660275296985979], [0.0, -2e-05, -1e-05, -1e-05, 0.19923303563831748, 0.481479836125934], [-1e-05, -2e-05, -2e-05, -2e-05, -1e-05, 0.09696007734398118], [-2e-05, 0.0, -1e-05, -1e-05, -2e-05, -1e-05], [-1e-05, 0.044254430977348734, -2e-05, -2e-05, 0.03785427677128033, 0.024904129454789686], [0.0, 0.011068501979906527, 0.0618729260676775, 0.011068501979906527, 0.0, 0.014701530690998294]],