{"10_easy_pruned": [[0.0024178687387760426, 0.0017675158610921025, 0.0, 0.0, -1e-05, -2e-05, -2e-05, 0.0, 0.0, 0.003289722727584132], [0.0027170983463903568, 0.003784838022886463, 0.0, 0.0, -2e-05, -1e-05, -1e-05, -1e-05, 0.029354448953827644, 0.17985539044088697], [0.0011792390700416967, 0.006943535647153637, 0.003974005712521177, -1e-05, -2e-05, -2e-05, -2e-05, -1e-05, 0.0, 0.03274291500723816], [0.003761439013200356, 0.006219796647085126, 0.012403666183765844, -2e-05, -2e-05, -1e-05, -1e-05, -2e-05, -1e-05, -1e-05], [-2e-05, 0.0, 0.006372817815716707, -1e-05, 0.0283623891266715, -2e-05, -2e-05, 0.0, 0.014172869184016076, -1e-05], [-1e-05, 0.00744883336663419, 0.010660986807925836, 0.012961765766675801, 0.05239367567968845, 0.021712182836658548, 0.010258099138190955, 0.008397636913748405, 0.025627008804683604, 0.029489463479660333], [-1e-05, -1e-05, 0.012720669883391267, 0.018970833201807945, 0.03025483609921475, 0.05413113473344216, 0.008817179925909555, 0.01461202805375726, 0.00520757426936693, 0.00790267655044267], [-2e-05, -2e-05, 0.014029935707967166, 0.016536627846586778, 0.020118810539733068, 0.02432536917913511, -1e-05, 0.00992950120802785, 0.009949681176980085, 0.009349061470201382], [0.0, 0.0023584781400833935, 0.005310139251109193, 0.024633124324762924, 0.012216813917677793, 0.03416238454160119, -1e-05, 0.023024874277963767, 0.005951247852996625, 0.004401824599103704], [0.0011792390700416967, 0.0022337621610299197, 0.007175937920239003, 0.024512828338606248, 0.05287557041686765, -2e-05, -2e-05, -2e-05, 0.021381906629325285, 0.003456739419907635]], "10_medium_pruned": [[0.0, 0.0, 0.01234546272872347, 0.0020109332185287297, 0.0027924936143702284, 0.045315324327797606, 0.003355022735624163, 0.0016343660185161478, 0.009317212337049775, 0.0012990752914291137], [0.0, 0.0, 0.0, 0.04248522983194484, 0.0, 0.04703914380564202, 0.009768200322546142, 0.01606694444509069, 0.002678896889814772, 0.0008919943596605735], [0.002071492948746138, 0.0, -1e-05, 0.012885344264799769, 0.06941367253254345, -2e-05, 0.039396327382243766, 0.0032762547729116545, 0.0015808612908835902, 0.001135494941576402], [0.05067696753720533, 0.019997610812237412, -1e-05, -1e-05, -1e-05, -2e-05, 0.01876534337558849, 0.0, 0.00217912249342775, 0.0017539427208596971], [0.0031892473911219474, 0.026546286011538592, 0.05409913513935153, 0.023739881978518486, -2e-05, -2e-05, -2e-05, -1e-05, -2e-05, 0.002885187078988711], [0.0033828737394361093, 0.007289620043074341, 0.13723358835203803, 0.045260038709455074, 0.0, -1e-05, -2e-05, -2e-05, 0.0026342710199034037, 0.0021889819151500634], [0.003391035913959459, 0.0039410428855470685, 0.014026714058440092, -1e-05, 0.009929787397254863, -2e-05, 0.011127386960125642, 0.0, 0.04314927322785596, 0.0014193686769705023], [0.002921775249328395, 0.0065165114507440905, 0.014831559345117509, 0.06198233448134125, -1e-05, -1e-05, 0.030112965376021553, 0.008292104128894634, 0.004525734794798466, 0.015425250321070344], [0.0011758680950546738, 0.002869454938188185, 0.00406417070438195, 0.006788096903119121, 0.0, -1e-05, 0.009790103495711735, 0.0024867339220523196, 0.003369149957035651, 0.002771792073938768], [0.0012779853952427013, 0.0016747391719944193, 0.0011758680950546738, 0.0, 0.0, 0.0, -2e-05, 0.0, 0.001216241248532946, 0.0011651053538850834]], "6_hard_pruned": [[0.03305927678760242, -2e-05, 0.09144610548147775, -1e-05, -1e-05, 0.029198390973342637], [0.0, -2e-05, -1e-05, -2e-05, 0.025892958576061935, 0.0], [0.025016691343034546, -1e-05, 0.1448253288663071, 0.14181970844541358, 0.056513712236840936, 0.01117181193085937], [-2e-05, -1e-05, 0.12111768076065521, -2e-05, 0.032894762376923445, 0.01096822266883806], [0.0, -1e-05, 0.10177091464749972, 0.066158223716787, 0.04828739641265242, 0.014440550637757052], [0.008196551312197082, -2e-05, 0.011930211696400737, 0.017531892853185873, -2e-05, 0.007759608276163046]], "10_hard_full": [[0.0007528389113516724, 0.002000713473787023, 0.0, -2e-05, 0.0, 0.0, 0.0024206929167724977, 0.0, 0.0021939535421563318, 0.0012095611842383536], [0.031193561545706083, 0.0, 0.003031101239609668, -1e-05, 0.007629928475074995, -2e-05, 0.0, 0.0033357080108416502, 0.004087121428396682, 0.0015592130341772414], [0.003966624575144033, -2e-05, -2e-05, 0.022417306354836134, 0.10726711402027754, -1e-05, -1e-05, 0.007920402937979807, -2e-05, 0.0015859806399141899], [0.0, 0.0, -2e-05, -1e-05, -2e-05, 0.025368158920139914, 0.013564634918419145, 0.008390076678598228, 0.004478762717349417, 0.002499425185687552], [0.0180834920731083, -1e-05, -1e-05, 0.11154989962419574, 0.11602760372653742, 0.01866904759040759, 0.028684872468572233, 0.009253772985859443, 0.004131259007367969, 0.004171720525522406], [0.0, -1e-05, -1e-05, 0.04015363634353129, -2e-05, 0.023980980723978113, 0.011981320210497656, 0.007846629997539808, 0.006685690354123148, 0.0034850153543652088], [0.010205149687211562, 0.02726622067850753, -1e-05, 0.010027959353703425, -2e-05, 0.03858648793933724, 0.009617736138953135, 0.006103056735460603, 0.00457490758693519, 0.0032729202213642923], [0.0, 0.029056236027457414, -1e-05, 0.0381042500143783, 0.028760702435349738, 0.014137023002444087, 0.011166436156380143, 0.006046033347131146, 0.002929379852837285, 0.0020694705185378194], [0.0020442734610966614, 0.003889667708650307, -2e-05, 0.010459214258675607, 0.022324433494537554, -2e-05, -2e-05, 0.005096360935131131, 0.002951128532498556, 0.001851983721925114], [0.001168522074422267, 0.007221244494626945, 0.0027527273119151282, 0.005108857036788942, -1e-05, 0.016625866886672884, 0.0034766504775724126, 0.008369588437683732, 0.001948128591510888, 0.0012095611842383536]], "10_easy_full": [[0.0027215206217115454, 0.0033381033299539806, 0.0033381033299539806, 0.0, -1e-05, 0.022288415660210798, -2e-05, 0.0, 0.0, 0.0], [0.003058329454502547, 0.004260162912870829, 0.0, 0.0, -2e-05, -1e-05, -1e-05, -1e-05, 0.033040974013858825, 0.0366682730611227], [0.0013273356802119146, 0.007815550591420336, 0.004473087527034546, -1e-05, -2e-05, -2e-05, -2e-05, -1e-05, 0.01067262988906488, 0.007975407520586612], [0.004233825301416948, 0.007000919680388987, 0.013961400287193854, -2e-05, -2e-05, -1e-05, -1e-05, -2e-05, -1e-05, -1e-05], [-2e-05, 0.0, 0.007173158255341597, -1e-05, 0.03192432477882063, -2e-05, -2e-05, 0.009246066653185028, 0.01792920439653507, 0.07709318395765286], [-1e-05, 0.008384306926955024, 0.011999863756149236, 0.014589589691978063, 0.05897361859342289, 0.027856973571934816, 0.012685722730503913, 0.0094522674733706, 0.01841761091248237, 0.006268891204392289], [-1e-05, -1e-05, 0.014318215399550274, 0.02135331539788464, 0.03633312557091993, 0.060929279199946874, 0.009924499460566704, 0.014815031473456013, 0.0058615757488766134, 0.0047110127674263895], [-2e-05, -2e-05, 0.015791907450628785, 0.019752750431336397, 0.022645463291736924, 0.027380309274057192, -1e-05, 0.011176513376254275, 0.012338571610147184, 0.005118328222942064], [0.0, 0.002654671360423829, 0.005977021516630878, 0.027726714338083915, 0.013751081882717696, 0.026146402616728095, -1e-05, 0.025916489656719246, 0.006698644759783664, 0.003526095078653523], [0.0013273356802119146, 0.0025142927272053892, 0.00807713947281455, 0.027591310789585145, 0.05951603284598126, -2e-05, -2e-05, -2e-05, 0.02406718730838828, 0.0038908595261147546]], "6_easy_pruned": [[0.0, -1e-05, -2e-05, -2e-05, 0.012143167114210757, 0.024286334228421514], [0.0, -2e-05, -1e-05, -1e-05, 0.04857266845684303, 0.46144035034000874], [-1e-05, -2e-05, -2e-05, -2e-05, -1e-05, 0.14183219189398166], [-2e-05, 0.0, -1e-05, -1e-05, -2e-05, -1e-05], [-1e-05, 0.06473492099506785, -2e-05, -2e-05, 0.055372842040801055, 0.036429501342632266], [0.0, 0.01619088948561434, 0.09050707222458418, 0.01619088948561434, 0.010793926323742894, 0.021505246068477552]],