{"10_easy_pruned": [[0.002080434697004998, 0.0015208440664914358, 0.0, 0.0, -1e-05, -2e-05, -2e-05, 0.0, 0.0, 0.002830614084309846], [0.00233790428088619, 0.003256631850636678, 0.0, 0.0, -2e-05, -1e-05, -1e-05, -1e-05, 0.10364402339472972, 0.23123939673361973], [0.0010146662794526062, 0.00597450649349229, 0.0, -1e-05, -2e-05, -2e-05, -2e-05, -1e-05, 0.0, 0.028173364157322668], [0.0032364983707476183, 0.005351771394944122, 0.010672629611745126, -2e-05, -2e-05, -1e-05, -1e-05, -2e-05, -1e-05, -1e-05], [-2e-05, 0.0, 0.0, -1e-05, 0.024404177730075766, -2e-05, -2e-05, 0.0, 0.01219492536284911, -1e-05], [-1e-05, 0.0, 0.009173155888830019, 0.011152841675389926, 0.04508169489913206, 0.01868206399987077, 0.008826494602520392, 0.007225675624168113, 0.022050542877983224, 0.02537395932014231], [-1e-05, -1e-05, 0.01094539276269828, 0.016323292903036035, 0.026032517714286014, 0.046576676840080794, 0.007586667858935947, 0.012572795896288225, 0.004480813215156476, 0.006799791167766763], [-2e-05, -2e-05, 0.012071939462842724, 0.014228801502646346, 0.017311060289616268, 0.020930558076261315, -1e-05, 0.008543755294007967, 0.008561118977536116, 0.008044320833100896], [0.0, 0.0020293325589052125, 0.004569064385822714, 0.0211953633871857, 0.010511854160477091, 0.02939473470704295, -1e-05, 0.019811558242943422, 0.00512070085744944, 0.003787512729388782], [0.0010146662794526062, 0.0019220217500375899, 0.006174475062850766, 0.02109185572380548, 0.04549633714809021, -2e-05, -2e-05, -2e-05, 0.018397880631968355, 0.0029743221839748073]], "10_medium_pruned": [[0.0, 0.0, 0.01060806036448738, 0.0017279304502271506, 0.002399500243904423, 0.038938005522236585, 0.0028828634848107287, 0.0014043583268651524, 0.008005981879497394, 0.0011162537534888338], [0.0, 0.0, 0.0, 0.03650619604624509, 0.0, 0.04041922833909438, 0.008393501398119655, 0.013805810303880828, 0.002301890220062333, 0.0007664621586071598], [0.0, 0.0, -1e-05, 0.011071963261463827, 0.05964494361420497, -2e-05, 0.03385200119211425, 0.0028151806995152123, 0.0013583834296107089, 0.0], [0.08257286976409267, 0.056211082017984165, -1e-05, -1e-05, -1e-05, -2e-05, 0.016124458002325478, 0.0, 0.0, 0.0015071067539204966], [0.002740418045537588, 0.060629946970774236, 0.04648565257011972, 0.020398919555117394, -2e-05, -2e-05, -2e-05, -1e-05, -2e-05, 0.0024791487665781465], [0.002906794959567142, 0.006263736819778609, 0.15694819928604506, 0.03889050036268505, 0.0, -1e-05, -2e-05, -2e-05, 0.002263544640618304, 0.001880921987529593], [0.002913808454480356, 0.003386411813600743, 0.012052705736265415, -1e-05, 0.0, -2e-05, 0.009561406904367041, 0.0, 0.03707678724912281, 0.001219618003441379], [0.0025105878084446345, 0.005599429389919221, 0.012744283490194611, 0.05325943305309406, -1e-05, -1e-05, 0.025875105816757456, 0.007125139258107401, 0.0038888188277611214, 0.013254423113888594], [0.0010103857592954357, 0.0024656306423132446, 0.0034922116012190037, 0.005832794062934505, 0.0, -1e-05, 0.008412322092671174, 0.0021367707420292957, 0.002895002553293505, 0.0023817120738406253], [0.0010981318817743202, 0.0014390496834074847, 0.0, 0.0, 0.0, 0.0, -2e-05, 0.0, 0.0010450771158377681, 0.001001137680829431]], "6_hard_pruned": [[0.024958035594099794, -2e-05, 0.19343462699136782, -1e-05, -1e-05, 0.14888564584342415], [0.0, -2e-05, -1e-05, -2e-05, 0.019547837840791824, 0.0], [0.018886301627148987, -1e-05, 0.10933559545162216, 0.1070665082622997, 0.04266491522557235, 0.008434137310757499], [-2e-05, -1e-05, 0.0914375534262399, -2e-05, 0.02483383576529386, 0.008280438000250807], [0.0, -1e-05, 0.07683175063191092, 0.04994602008308897, 0.03645447437208709, 0.010901865129448256], [0.0, -2e-05, 0.009006689713054353, 0.013235667817931429, -2e-05, 0.005858100913610273]], "10_hard_full": [[0.0006913559184458314, 0.0018373188212781452, 0.0, -2e-05, 0.0, 0.0, 0.002222999302394986, 0.0, 0.0020147773226036588, 0.0011107785089696357], [0.028646039766074438, 0.0, 0.0, -1e-05, 0.007006806009921257, -2e-05, 0.0, 0.0030632867678983093, 0.0037533336100488597, 0.0014318749244255885], [0.0036426775169668135, -2e-05, -2e-05, 0.02058652547090462, 0.12952739948178957, -1e-05, -1e-05, 0.007273557948561164, -2e-05, 0.0014564564681925512], [0.0, 0.0, -2e-05, -1e-05, -2e-05, 0.023296387241759402, 0.012456835706816088, 0.007704874283860756, 0.004112990262943022, 0.0022953016492401595], [0.016606645966884145, -1e-05, -1e-05, 0.10243982098210236, 0.10655183908521156, 0.017144380223654474, 0.026342230790655115, 0.008498034075100502, 0.0037938665527375982, 0.0038310236518508058], [0.0, -1e-05, -1e-05, 0.036874361453209076, -2e-05, 0.022022497381133585, 0.011002827448769872, 0.007205809910799976, 0.00613968210931128, 0.0032004004505945243], [0.06468018703682112, 0.025039437727642392, -1e-05, 0.009208994041858907, -2e-05, 0.03543519922609036, 0.008832273015454622, 0.005604631124998251, 0.004201283154840685, 0.003005626743679629], [0.0, 0.0266832657590382, -1e-05, 0.03499234480067178, 0.02641186786113152, 0.01298247789078346, 0.010254493502202505, 0.005552264733706624, 0.0026901426959970013, 0.0019004606024833185], [0.0, 0.003572005578636795, -2e-05, 0.009605029138365811, 0.02050123736921081, -2e-05, -2e-05, 0.004680150350774257, 0.002710115200307659, 0.001700735559376745], [0.0010730909890616135, 0.006631498511336378, 0.002527917048739009, 0.004691625918400161, -1e-05, 0.015268062394326098, 0.0031927187181673483, 0.007686059280543049, 0.0017890284512744078, 0.0011107785089696357]], "10_easy_full": [[0.0019818590395419685, 0.0024308653796765675, 0.0024308653796765675, 0.0, -1e-05, 0.0904362350394605, -2e-05, 0.0, 0.0, 0.0], [0.0022271291376405222, 0.0031023253365924258, 0.0, 0.0, -2e-05, -1e-05, -1e-05, -1e-05, 0.09873313733665871, 0.09873313733665871], [0.0009665891176235915, 0.005691420989072957, 0.0, -1e-05, -2e-05, -2e-05, -2e-05, -1e-05, 0.0, 0.005807831608038749], [0.0030831458260925228, 0.005098192474823284, 0.01016693650714938, -2e-05, -2e-05, -1e-05, -1e-05, -2e-05, -1e-05, -1e-05], [-2e-05, 0.0, 0.0, -1e-05, 0.023247853108086896, -2e-05, -2e-05, 0.006733147869847196, 0.013056361036398132, 0.1293734705268092], [-1e-05, 0.0, 0.00873851120901669, 0.01062439504723316, 0.04294562318266474, 0.020285936636813152, 0.009237965740917668, 0.0068833069229095, 0.013412027225689252, 0.0045651165022283], [-1e-05, -1e-05, 0.010426775528844546, 0.015549858710559427, 0.026458419154750456, 0.044369769529525115, 0.007227194536738011, 0.010788565705705532, 0.004268502245103462, 0.0034306421064889516], [-2e-05, -2e-05, 0.01149994392214311, 0.014384299235455061, 0.016490823465125853, 0.019938821336624245, -1e-05, 0.008138933024641611, 0.00898516420765814, 0.0037272563636137884], [0.0, 0.001933178235247183, 0.004352571877563848, 0.02019107957858191, 0.01001377895700339, 0.01904026887177437, -1e-05, 0.018872842222692126, 0.004878070577142515, 0.0025677642675803387], [0.0009665891176235915, 0.001830952052949308, 0.005881914599556334, 0.02009247634021674, 0.04334061875280051, -2e-05, -2e-05, -2e-05, 0.01752614782447699, 0.0028333921344931893]], "6_easy_pruned": [[0.0, -1e-05, -2e-05, -2e-05, 0.0, 0.012568449600517102], [0.0, -2e-05, -1e-05, -1e-05, 0.2765058912113762, 0.490169534420167], [-1e-05, -2e-05, -2e-05, -2e-05, -1e-05, 0.07339974566701989], [-2e-05, 0.0, -1e-05, -1e-05, -2e-05, -1e-05], [-1e-05, 0.0335010456608069, -2e-05, -2e-05, 0.028656065089178995, 0.018852674400775652], [0.0, 0.0, 0.046838422177927067, 0.008378966400344733, 0.0, 0.011129205371886457]],