{"10_easy_pruned": [[0.001292996471358607, 0.0, 0.0, 0.0, -1e-05, -2e-05, -2e-05, 0.0, 0.0, 0.0], [0.0014530145983009256, 0.00202400656817019, 0.0, 0.0, -2e-05, -1e-05, -1e-05, -1e-05, 0.25928420846048833, 0.3385851198163579], [0.0006306181688026492, 0.0037131738983759385, 0.0, -1e-05, -2e-05, -2e-05, -2e-05, -1e-05, 0.0, 0.017509831235828378], [0.0020114935493812797, 0.003326142146707359, 0.006633071659480534, -2e-05, -2e-05, -1e-05, -1e-05, -2e-05, -1e-05, -1e-05], [-2e-05, 0.0, 0.0, -1e-05, 0.015167270444403885, -2e-05, -2e-05, 0.0, 0.0075791830838743204, -1e-05], [-1e-05, 0.0, 0.005701144194794759, 0.006931524912875332, 0.028018410052167583, 0.011610959413579964, 0.00548569315439428, 0.0, 0.013704479248408473, 0.015769992642677994], [-1e-05, -1e-05, 0.006802594784722968, 0.010144976025905935, 0.016179288681163244, 0.028947545860743704, 0.004715137074523791, 0.007814030765981592, 0.0, 0.0042260908254198], [-2e-05, -2e-05, 0.007502746974168956, 0.0088432432707786, 0.010758876451240114, 0.013008405298725536, -1e-05, 0.005309969816984445, 0.005320761398937969, 0.004999569785415379], [0.0, 0.0, 0.002839687367637119, 0.013172982602264625, 0.006533149229100997, 0.018268916735259388, -1e-05, 0.012312943509891781, 0.0031825311071271814, 0.0023539506437647803], [0.0006306181688026492, 0.0011945423445642177, 0.003837454970468882, 0.013108652275673809, 0.02827611146694926, -2e-05, -2e-05, -2e-05, 0.011434338588881352, 0.0018485502544730015]], "10_medium_pruned": [[0.0, 0.0, 0.0066853910445072995, 0.0010889729470386824, 0.0015122083482475449, 0.02453943364432539, 0.0018168325840613837, 0.0008850519566361122, 0.005045514233578368, 0.0007034832561807851], [0.0, 0.0, 0.0, 0.0230068634350563, 0.0, 0.02547292698943226, 0.0052897360262862975, 0.008700670753789741, 0.0014506927500301146, 0.00048303828174470003], [0.0, 0.0, -1e-05, 0.0, 0.03758931964824069, -2e-05, 0.02133414194795142, 0.0017741776715576103, 0.0, 0.0], [0.15042294715409846, 0.1338092728668526, -1e-05, -1e-05, -1e-05, -2e-05, 0.010161924369054063, 0.0, 0.0, 0.0], [0.0, 0.136594121290337, 0.029296096997217067, 0.01285576716436764, -2e-05, -2e-05, -2e-05, -1e-05, -2e-05, 0.0015624042843466394], [0.001831914631252026, 0.003947519961357434, 0.19729562178394047, 0.02450949503563337, 0.0, -1e-05, -2e-05, -2e-05, 0.0, 0.0011853909742956924], [0.0018363346622918629, 0.0021341778264620716, 0.007595832623752641, -1e-05, 0.0, -2e-05, 0.0, 0.0, 0.023366460306371586, 0.0], [0.0015822177357901982, 0.0035288614328625096, 0.008031677402518861, 0.03356505567791395, -1e-05, -1e-05, 0.01630695855409457, 0.004490391320404262, 0.002450803791790254, 0.008353176597895744], [0.0006367633360481761, 0.0015538849185253764, 0.002200854761580368, 0.0, 0.0, -1e-05, 0.005301597167577249, 0.0, 0.0018244828440462434, 0.0015009979225187472], [0.0006920625256506782, 0.0009069150754703842, 0.0, 0.0, 0.0, 0.0, -2e-05, 0.0, 0.0006586264548824482, 0.0006309350301344477]], "6_hard_pruned": [[0.01274107586090646, -2e-05, 0.35776047689944, -1e-05, -1e-05, 0.3350182243614948], [0.0, -2e-05, -1e-05, -2e-05, 0.0, 0.0], [0.0, -1e-05, 0.05581581573975406, 0.05465744684869426, 0.02178043698345672, 0.0], [-2e-05, -1e-05, 0.046678866225145735, -2e-05, 0.012677671854819456, 0.004227163164542857], [0.0, -1e-05, 0.039222604665202346, 0.02549744063108213, 0.018610007253697276, 0.005565401576416859], [0.0, -2e-05, 0.0, 0.006756807726401718, -2e-05, 0.0029905602089452445]], "10_hard_full": [[0.0004890079884280429, 0.0012995673529691558, 0.0, -2e-05, 0.0, 0.0, 0.0, 0.0, 0.0014250868176144038, 0.0007856728347410555], [0.02026183895833003, 0.0, 0.0, -1e-05, 0.0, -2e-05, 0.0, 0.0, 0.0026547977236896455, 0.0010127898782554133], [0.002576528756806421, -2e-05, -2e-05, 0.01456120522101019, 0.24809952431150037, -1e-05, -1e-05, 0.005144713231263643, -2e-05, 0.001030176828955077], [0.0, 0.0, -2e-05, -1e-05, -2e-05, 0.01647793728061659, 0.008810935161822917, 0.005449790728792196, 0.002909189089502936, 0.0016235065215811021], [0.011746167671578212, -1e-05, -1e-05, 0.0724574556416582, 0.07536595710571081, 0.012126516403969528, 0.018632315057927427, 0.006010806355718581, 0.002683467374502568, 0.002709749232816614], [0.0, -1e-05, -1e-05, 0.026081873081144603, -2e-05, 0.015576892968124282, 0.007782489994211825, 0.005096793873402326, 0.004342703255670749, 0.0022636985447779196], [0.20223197032546394, 0.01771082701091106, -1e-05, 0.0, -2e-05, 0.02506392876776258, 0.006247219334209188, 0.00396425244825807, 0.0029716401777302994, 0.0021259317359954926], [0.0, 0.018873534984484984, -1e-05, 0.0247506901797033, 0.018681570561272565, 0.009182730962157775, 0.007253180461856967, 0.0039272127947546755, 0.001902784417194451, 0.0013442286259677534], [0.0, 0.0, -2e-05, 0.006793803093931297, 0.014500879472819748, -2e-05, -2e-05, 0.00331035122071098, 0.001916911314637928, 0.0012029596515329853], [0.0, 0.004690573495895001, 0.0, 0.003318468088001895, -1e-05, 0.01079936437866517, 0.0022582651226842744, 0.005436482551803791, 0.0012654107397603491, 0.0007856728347410555]], "10_easy_full": [[0.0009187485468342251, 0.0011268985283855646, 0.0, 0.0, -1e-05, 0.18039010940063502, -2e-05, 0.0, 0.0, 0.0], [0.001032450652641918, 0.0014381733705238781, 0.0, 0.0, -2e-05, -1e-05, -1e-05, -1e-05, 0.18423638038998758, 0.18423638038998758], [0.00044809057025957307, 0.002638424155706386, 0.0, -1e-05, -2e-05, -2e-05, -2e-05, -1e-05, 0.0, 0.0], [0.0014292821491760422, 0.0, 0.004713179875728249, -2e-05, -2e-05, -1e-05, -1e-05, -2e-05, -1e-05, -1e-05], [-2e-05, 0.0, 0.0, -1e-05, 0.010777220192716966, -2e-05, -2e-05, 0.0, 0.006052656869030447, 0.19844060028217184], [-1e-05, 0.0, 0.0, 0.004925248121023845, 0.019908695878331613, 0.009404137445895565, 0.0042825283891704, 0.0, 0.0062175363019515715, 0.0021162928689017757], [-1e-05, -1e-05, 0.004833635830884592, 0.007208590423820329, 0.012265571700586647, 0.02056890044412133, 0.003350376765368174, 0.005001354216813164, 0.001978788681032421, 0.001590374182602548], [-2e-05, -2e-05, 0.0053311343321298405, 0.006668261342571197, 0.0076448020734036035, 0.009243222026953265, -1e-05, 0.0037730397268307915, 0.004165334866984617, 0.001727878370471902], [0.0, 0.0, 0.0020177616105469835, 0.009360163690614228, 0.004642179227435, 0.008826671830968627, -1e-05, 0.008749056325790627, 0.0022613718557603648, 0.001190361999709882], [0.00044809057025957307, 0.0008487912129003334, 0.00272673302345172, 0.009314453284296894, 0.020091807592549218, -2e-05, -2e-05, -2e-05, 0.008124756869217823, 0.001313501542863899]], "6_easy_pruned": [[0.0, -1e-05, -2e-05, -2e-05, 0.0, 0.0], [0.0, -2e-05, -1e-05, -1e-05, 0.4423883186352465, 0.5161197050744543], [-1e-05, -2e-05, -2e-05, -2e-05, -1e-05, 0.025328899812057257], [-2e-05, 0.0, -1e-05, -1e-05, -2e-05, -1e-05], [-1e-05, 0.0, -2e-05, -2e-05, 0.0, 0.0], [0.0, 0.0, 0.016163076478242014, 0.0, 0.0, 0.0]],