{"10_easy_pruned": [[0.00555011426705844, 0.004080966372837088, 0.004080966372837088, 0.0, -1e-05, -2e-05, -2e-05, 0.0, 0.005223636957231472, 0.008488410055501144], [0.00555011426705844, 0.007345739471106757, 0.004407443682664055, 0.0, -2e-05, -1e-05, -1e-05, -1e-05, 0.0287300032647731, 0.03787136793992818], [0.0029382957884427035, 0.010773751224289911, 0.00881488736532811, -1e-05, -2e-05, -2e-05, -2e-05, -1e-05, 0.01305909239307868, 0.020241593209271956], [0.00555011426705844, 0.01110022853411688, 0.01958863858961802, -2e-05, -2e-05, -1e-05, -1e-05, -2e-05, -1e-05, -1e-05], [-2e-05, 0.008488410055501144, 0.012895853738165198, -1e-05, 0.022853411687887695, -2e-05, -2e-05, 0.01224289911851126, 0.01860920666013712, -1e-05], [-1e-05, 0.01110022853411688, 0.017303297420829256, 0.01811949069539667, 0.04391119817172707, 0.028403525954946128, 0.01811949069539667, 0.01436500163238655, 0.02220045706823376, 0.02317988899771466], [-1e-05, -1e-05, 0.020241593209271956, 0.022853411687887695, 0.033627162912177606, 0.03656545870062031, 0.017303297420829256, 0.02138426379366634, 0.01110022853411688, 0.017303297420829256], [-2e-05, -2e-05, 0.01991511589944499, 0.02187397975840679, 0.026281423441070845, 0.02448579823702253, -1e-05, 0.016650342801175316, 0.014854717597126997, 0.01256937642833823], [0.0029382957884427035, 0.005876591576885407, 0.011426705843943846, 0.021057786483839377, 0.01958863858961802, 0.026281423441070845, -1e-05, 0.019262161279791055, 0.01110022853411688, 0.008161932745674175], [0.0029382957884427035, 0.004407443682664055, 0.008488410055501144, 0.01436500163238655, 0.027260855370551746, -2e-05, -2e-05, -2e-05, 0.015834149526607902, 0.00881488736532811]], "10_medium_pruned": [[0.00238758456028651, 0.003581376840429765, 0.010478843347924129, 0.006897466507494363, 0.009285051067780872, 0.014060220188353895, 0.008091258787637617, 0.005703674227351108, 0.005703674227351108, 0.003581376840429765], [0.005703674227351108, 0.00477516912057302, 0.013131715081575806, 0.01803952778883141, 0.01021355617455896, 0.017376309855418492, 0.009285051067780872, 0.009948269001193792, 0.00716275368085953, 0.003581376840429765], [0.006897466507494363, 0.00782597161427245, -1e-05, 0.016580448335322986, 0.022549409736039264, -2e-05, 0.017774240615466244, 0.009285051067780872, 0.005968961400716275, 0.00477516912057302], [0.02865101472343812, 0.02931423265685104, -1e-05, -1e-05, -1e-05, -2e-05, 0.011142061281337047, 0.005703674227351108, 0.00716275368085953, 0.005968961400716275], [0.010478843347924129, 0.03740549144448866, 0.037538135031171246, 0.029446876243533628, -2e-05, -2e-05, -2e-05, -1e-05, -2e-05, 0.009285051067780872], [0.010478843347924129, 0.015917230401910065, 0.043374452845204935, 0.03435468895078923, 0.01326435866825839, -1e-05, -2e-05, -2e-05, 0.01021355617455896, 0.008356545961002784], [0.009019763894415705, 0.01021355617455896, 0.019233320068974668, -1e-05, 0.015121368881814567, -2e-05, 0.012999071494893223, 0.009948269001193792, 0.017906884202148827, 0.005968961400716275], [0.00782597161427245, 0.013794933014988728, 0.01949860724233983, 0.029977450590263962, -1e-05, -1e-05, 0.02944687624353362, 0.016182517575275238, 0.012601140734845471, 0.010478843347924129], [0.00477516912057302, 0.00782597161427245, 0.009948269001193792, 0.012999071494893223, 0.014192863775036478, -1e-05, 0.018172171375513996, 0.009948269001193792, 0.008754476721050538, 0.006632179334129195], [0.004509881947207852, 0.005703674227351108, 0.00477516912057302, 0.006897466507494363, 0.011407348454702216, 0.008356545961002784, -2e-05, 0.006897466507494363, 0.00477516912057302, 0.004509881947207852]], "6_hard_pruned": [[0.017060367454068245, -2e-05, 0.06430446194225722, -1e-05, -1e-05, 0.057742782152230984], [0.022309711286089242, -2e-05, -1e-05, -2e-05, 0.03412073490813649, 0.015748031496062992], [0.03937007874015748, -1e-05, 0.08661417322834647, 0.08661417322834647, 0.061679790026246725, 0.02624671916010499], [-2e-05, -1e-05, 0.07480314960629923, -2e-05, 0.044619422572178484, 0.02624671916010499], [0.022309711286089242, -1e-05, 0.07480314960629923, 0.06299212598425198, 0.044619422572178484, 0.027559055118110236], [0.022309711286089242, -2e-05, 0.03280839895013123, 0.03937007874015748, -2e-05, 0.015748031496062992]], "10_hard_full": [[0.002404167223186858, 0.0036062508347802866, 0.005743288366501938, -2e-05, 0.007212501669560573, 0.007212501669560573, 0.0069453719780953665, 0.004808334446373716, 0.005743288366501938, 0.0036062508347802866], [0.009349539201282224, 0.002137037531721651, 0.004541204754908509, -1e-05, 0.008815279818351812, -2e-05, 0.007880325898223588, 0.009082409509817018, 0.007212501669560573, 0.004808334446373716], [0.005743288366501938, -2e-05, -2e-05, 0.017496994790971023, 0.039802324028315766, -1e-05, -1e-05, 0.013222919727527718, -2e-05, 0.004808334446373716], [0.009616668892747432, 0.0, -2e-05, -1e-05, -2e-05, 0.02364097769467077, 0.01789768932816883, 0.011753706424469084, 0.01081875250434086, 0.007212501669560573], [0.015627086950714575, -1e-05, -1e-05, 0.03619607319353547, 0.04594630693201551, 0.024709496460531596, 0.02791505275811407, 0.017496994790971023, 0.01081875250434086, 0.009616668892747432], [0.01081875250434086, -1e-05, -1e-05, 0.02604514491785763, -2e-05, 0.022706023774542543, 0.02110324562575131, 0.01776412448243623, 0.013890743956190733, 0.008414585281154002], [0.02404167223186858, 0.016562040870842797, -1e-05, 0.013890743956190733, -2e-05, 0.023507412848938168, 0.017496994790971023, 0.013222919727527718, 0.01081875250434086, 0.008147455589688796], [0.005743288366501938, 0.020301856551355694, -1e-05, 0.02724722852945106, 0.024175237077601185, 0.017229865099505814, 0.015092827567784163, 0.012955790036062512, 0.008414585281154002, 0.006010418057967145], [0.005743288366501938, 0.010284493121410448, -2e-05, 0.019901162014157883, 0.02657940430078804, -2e-05, -2e-05, 0.011219447041538669, 0.009082409509817018, 0.005743288366501938], [0.0033391211433150803, 0.008548150126886605, 0.007613196206758383, 0.010952317350073463, -1e-05, 0.016962735408040608, 0.008815279818351812, 0.008815279818351812, 0.005743288366501938, 0.0036062508347802866]], "10_easy_full": [[0.005398539218799619, 0.006510003175611306, 0.006510003175611306, 0.0050809780882819944, -1e-05, 0.02683391552873929, -2e-05, 0.0, 0.003969514131470308, 0.003969514131470308], [0.005398539218799619, 0.007145125436646555, 0.0042870752619879335, 0.0, -2e-05, -1e-05, -1e-05, -1e-05, 0.027945379485550974, 0.030485868529691974], [0.0028580501746586226, 0.010479517307081614, 0.008574150523975867, -1e-05, -2e-05, -2e-05, -2e-05, -1e-05, 0.012702445220704989, 0.010161956176563989], [0.005398539218799619, 0.010797078437599238, 0.01905366783105748, -2e-05, -2e-05, -1e-05, -1e-05, -2e-05, -1e-05, -1e-05], [-2e-05, 0.008256589393458243, 0.012543664655446176, -1e-05, 0.02222927913623373, -2e-05, -2e-05, 0.014449031438551922, 0.020641473483645603, 0.03953636074944428], [-1e-05, 0.010797078437599238, 0.016830739917434112, 0.01762464274372817, 0.042711972054620524, 0.027627818355033345, 0.01762464274372817, 0.013972689742775487, 0.018418545570022232, 0.011908542394410925], [-1e-05, -1e-05, 0.01968879009209273, 0.02222927913623373, 0.03270879644331534, 0.03556684661797397, 0.016830739917434112, 0.01762464274372817, 0.010797078437599238, 0.009368053350269929], [-2e-05, -2e-05, 0.01937122896157511, 0.021276595744680854, 0.025563671006668787, 0.023817084788821854, -1e-05, 0.016195617656398858, 0.014449031438551922, 0.007939028262940616], [0.0028580501746586226, 0.005716100349317245, 0.011114639568116863, 0.020482692918386797, 0.01905366783105748, 0.022388059701492543, -1e-05, 0.018736106700539858, 0.010797078437599238, 0.006827564306128931], [0.0028580501746586226, 0.0042870752619879335, 0.008256589393458243, 0.013972689742775487, 0.026516354398221666, -2e-05, -2e-05, -2e-05, 0.0154017148301048, 0.008574150523975867]],