{"10_easy_pruned": [[0, 0, 0, 0.002280156805675784, -1e-05, -2e-05, -2e-05, 0.002280156805675784, 0.004560313611351568, 0], [0, 0, 0.0027553842369187243, 0.0007214558642958536, -2e-05, -1e-05, -1e-05, -1e-05, 0.1893431968541271, 0.21150235745147333], [0, 0, 0.005215260151821867, -1e-05, -2e-05, -2e-05, -2e-05, -1e-05, 0.011400784028378921, 0.037042369343095884], [0, 0.008652378765258784, 0.02251594903084681, -2e-05, -2e-05, -1e-05, -1e-05, -2e-05, -1e-05, -1e-05], [-2e-05, 0.0063722219595830016, 0.009463075382398605, -1e-05, 0.022469919249372302, -2e-05, -2e-05, 0.009609118309940311, 0.015791897985492964, -1e-05], [-1e-05, 0.00805932423108255, 0.012279150536869617, 0.013788255177169131, 0.05494516235204786, 0.019370587609297423, 0.013731359026725074, 0.0098842152221263, 0.024907250345681083, 0.039073681548327924], [-1e-05, -1e-05, 0.021132329392040256, 0, 0.03272567333650028, 0.04243150147732001, 0.011960593257856053, 0.022391873760515532, 0.008661994170363937, 0], [-2e-05, -2e-05, 0.021688887166345653, 0, 0, 0.019064681651165073, -1e-05, 0.01210629639360056, 0, 0], [0, 0, 0, 0, 0, 0.0273110205942046, -1e-05, 0.022510166915053687, 0, 0], [0, 0, 0, 0, 0, -2e-05, -2e-05, -2e-05, 0, 0]], "10_medium_pruned": [[0, 0, 0, 0, 0, 0, 0, 0, 0, 0], [0.003402402188990126, 0.0025949440428151434, 0.016638534612251905, 0.0157683542166034, 0.0061636542200062365, 0.01441812857321602, 0, 0, 0, 0], [0.004054194139109233, 0.004861938898446491, -1e-05, 0.015123130031111464, 0.02285549586001913, -2e-05, 0.00999821790656274, 0, 0, 0], [0.1278176168535838, 0.12365581548579584, -1e-05, -1e-05, -1e-05, -2e-05, 0.006182363507342305, 0.002825091016633526, 0.002939326600796301, 0], [0.0058186789003248605, 0.1329355221632537, 0.04159134592725217, 0.03172915769681043, -2e-05, -2e-05, -2e-05, -1e-05, -2e-05, 0], [0, 0.00964272310022265, 0.146960908036566, 0.031165051284156576, 0.007862680796673328, -1e-05, -2e-05, -2e-05, 0.005385547153312415, 0], [0, 0, 0.01623217527868899, -1e-05, 0.009878176592107265, -2e-05, 0.00816389027251612, 0.005723781598830651, 0, 0], [0, 0, 0.021076543268948006, 0.03686155210458404, -1e-05, -1e-05, 0.03176756309091124, 0.018721784187297835, 0, 0], [0, 0, 0.0063246395389352445, 0.008597240130601999, 0.009255594333339036, -1e-05, 0.01231046856890864, 0.005723781598830651, 0, 0], [0, 0, 0, 0.0036654551034285706, 0.006242322528912971, 0.003780535666157976, -2e-05, 0.0032836729251451806, 0, 0]], "6_hard_pruned": [[0.01397596556256075, -2e-05, 0.20301170595513504, -1e-05, -1e-05, 0.19313363847814952], [0.016281279469787264, -2e-05, -1e-05, -2e-05, 0.029910663626231782, 0.008374773178596326], [0.03055601371472457, -1e-05, 0.0799504340807132, 0.0813010526890077, 0.048497257003245565, 0.015492767559625071], [-2e-05, -1e-05, 0.06963040103367346, -2e-05, 0, 0], [0.016281279469787264, -1e-05, 0.06865632304714966, 0.05601159340529161, 0, 0], [0.016281279469787264, -2e-05, 0.022396327224185726, 0.030257245032348015, -2e-05, 0]], "10_hard_full": [[0, 0, 0, -2e-05, 0.00412338779663539, 0.00465689714142666, 0, 0, 0, 0], [0, 0, 0.003319819843910047, -1e-05, 0.00739414419779965, -2e-05, 0.0062684008352633875, 0.007183790726040239, 0, 0], [0, -2e-05, -2e-05, 0.0266674456772078, 0.19572780847043145, -1e-05, -1e-05, 0.016165341129004238, -2e-05, 0], [0.013943358505609077, 0.010293029946668471, -2e-05, -1e-05, -2e-05, 0.02702030778190221, 0.014925202381341941, 0.00851022633012798, 0, 0], [0.025249646324744787, -1e-05, -1e-05, 0.062323684807345354, 0.07161407973016255, 0.02442431726471629, 0, 0, 0, 0], [0.014859193751105148, -1e-05, -1e-05, 0.03548376198258867, -2e-05, 0, 0, 0, 0, 0], [0.16834751151084804, 0.03306593302810232, -1e-05, 0.017504142866454648, -2e-05, 0, 0, 0, 0, 0], [0.004766499844194004, 0.03094730340142975, -1e-05, 0.036375658178681915, 0.033393529935005, 0, 0, 0, 0, 0], [0, 0.015002726519488228, -2e-05, 0.028959097448141, 0.041491865296315766, -2e-05, -2e-05, 0, 0, 0], [0, 0, 0, 0.009991887347307922, -1e-05, 0, 0, 0, 0, 0]], "10_easy_full": [[0, 0, 0, 0.0035971456557538743, -1e-05, 0.1480876190499681, -2e-05, 0.0005690796838204371, 0.002367652511697374, 0], [0, 0, 0.0021734291284470136, 0.0005690796838204371, -2e-05, -1e-05, -1e-05, -1e-05, 0.14935267967426336, 0.15115125250214032], [0, 0, 0.004113763218401177, -1e-05, -2e-05, -2e-05, -2e-05, -1e-05, 0.008992864139384686, 0.007215368336834432], [0, 0.006824939979986011, 0.017760433852592395, -2e-05, -2e-05, -1e-05, -1e-05, -2e-05, -1e-05, -1e-05], [-2e-05, 0.005026367152109075, 0.007464412188042021, -1e-05, 0.017724125860954672, -2e-05, -2e-05, 0.009378182725359938, 0.014255119038475927, 0.1575055867683347], [-1e-05, 0.006357142428535395, 0.009685713916714052, 0.010876085821711729, 0.04334038596981114, 0.015279393262502598, 0.010831206509050093, 0.007796604548929321, 0.01231211221199391, 0], [-1e-05, -1e-05, 0.01666904369895038, 0, 0.025813797845171287, 0.03346969182696609, 0.009434438011157897, 0.010350627849441376, 0, 0], [-2e-05, -2e-05, 0.0171080528440748, 0, 0, 0.015038096636405238, -1e-05, 0.009549367695043767, 0, 0], [0, 0, 0, 0, 0, 0.014203264815816737, -1e-05, 0.017755872957338496, 0, 0], [0, 0, 0, 0, 0, -2e-05, -2e-05, -2e-05, 0, 0]], "6_easy_pruned": [[0.0, -1e-05, -2e-05, -2e-05, 0.018135559782638706, 0.03627111956527741], [0.0, -2e-05, -1e-05, -1e-05, 0.2901689565222193, 0.333604741680638], [-1e-05, -2e-05, -2e-05, -2e-05, -1e-05, 0.07300650946099038], [-2e-05, 0.021717892579209315, -1e-05, -1e-05, -2e-05, -1e-05], [-1e-05, 0.03985345236184802, -2e-05, -2e-05, 0.03627111956527741, 0.05440667934791612], [0.004715805282985527, 0.013013943362541663, 0.03228297563159529, 0.014147415848956584, 0.009431610565971055, 0.02297221844193503]], "10_hard_pruned": [[0, 0, 0.012215833586431395, -2e-05, 0.003478040703639962, 0.004654177033834452, 0.005139022200365385, 0, 0, 0], [0, 0, 0.0033178807271788974, -1e-05, 0.004714883138622643, -2e-05, 0.006264739443528679, 0.007179594652323921, 0, 0], [0, -2e-05, -2e-05, 0.17952324347882914, -1e-05, -1e-05, -1e-05, 0.17047203866128988, -2e-05, 0], [0.013396993172157914, 0.01028701775699486, -2e-05, -1e-05, -2e-05, 0.04484591779133765, 0.014916484525851516, 0.008505255481395663, 0, 0], [0.024407026760953108, -1e-05, -1e-05, 0.06228728135606214, 0.058610289856969755, 0.024410050947722674, 0.04159152524740886, 0, 0, 0], [0.013770821294012922, -1e-05, -1e-05, 0.03546303581075414, -2e-05, 0, 0, 0, 0, 0], [-2e-05, 0.03304661911741422, -1e-05, 0.017493918644089376, -2e-05, 0, 0, 0, 0, 0], [0.003960819336991076, 0.030929226988663027, -1e-05, 0.03635441104760333, 0.0333740246739807, 0, 0, 0, 0, 0], [0, 0.014993963381916118, -2e-05, 0.028942182352436726, 0.04146762977330981, -2e-05, -2e-05, 0, 0, 0], [0, 0, 0, 0.009986051055930102, -1e-05, 0, 0, 0, 0, 0]], "6_easy_full": [[0.0, -1e-05, 0.20511617908581029, -2e-05, 0.0025014168181196374, 0.005794297551347441], [0.0, -2e-05, -1e-05, -1e-05, 0.20261476226769065, 0.2095132008364112], [-1e-05, -2e-05, -2e-05, -2e-05, -1e-05, 0.022542064841414078], [-2e-05, 0.015164839459850303, -1e-05, -1e-05, -2e-05, 0.2129624201207715], [-1e-05, 0.02782826210158097, -2e-05, -2e-05, 0.02532684528346133, 0.01924918410818627], [0.0032928807332278038, 0.009087178284575245, 0.022542064841414078, 0.009878642199683412, 0.0065857614664556075, 0]],