{"10_easy_pruned": [[0, 0, 0, 0.0, -1e-05, -2e-05, -2e-05, 0.015596403278427628, 0.015596403278427628, 0], [0, 0, 0.0, 0.0, -2e-05, -1e-05, -1e-05, -1e-05, 0.14036762950584866, 0], [0, 0, 0.0, -1e-05, -2e-05, -2e-05, -2e-05, -1e-05, 0.031192806556855256, 0.10814036762950587], [0, 0, 0.050688310654889795, -2e-05, -2e-05, -1e-05, -1e-05, -2e-05, -1e-05, -1e-05], [-2e-05, 0.0, 0.0, -1e-05, 0.06628471393331742, -2e-05, -2e-05, 0.015596403278427628, 0.015596403278427628, -1e-05], [-1e-05, 0.0, 0.0, 0.0, 0.12087212540781414, 0, 0, 0, 0.035091907376462166, 0.10814036762950587], [-1e-05, -1e-05, 0.035091907376462166, 0, 0, 0.07018381475292433, 0.0, 0.050688310654889795, 0, 0], [-2e-05, -2e-05, 0.050688310654889795, 0, 0, 0.0, -1e-05, 0.0, 0, 0], [0, 0, 0, 0, 0, 0.035091907376462166, -1e-05, 0.035091907376462166, 0, 0], [0, 0, 0, 0, 0, -2e-05, -2e-05, -2e-05, 0, 0]], "10_medium_pruned": [[0, 0, 0, 0, 0, 0, 0, 0, 0, 0], [0, 0.0, 0.03851276117284894, 0.027814771958168682, 0, 0, 0, 0, 0, 0], [0, 0.0, -1e-05, 0.01925638058642447, 0.04707115254459316, -2e-05, 0, 0, 0, 0], [0, 0.07702552234569789, -1e-05, -1e-05, -1e-05, -2e-05, 0.025675174115232628, 0.0, 0.0, 0], [0, 0.10484029430386657, 0.08715586315306859, 0.06632753313101764, -2e-05, -2e-05, -2e-05, -1e-05, -2e-05, 0], [0, 0, 0.14756675326943652, 0.06418793528808157, 0.0, -1e-05, -2e-05, -2e-05, 0.0, 0], [0, 0, 0.03637316332991289, -1e-05, 0.0, -2e-05, 0.034233565486976834, 0, 0, 0], [0, 0, 0.03851276117284894, 0.08331332008820384, -1e-05, -1e-05, 0.08501626531013252, 0, 0, 0], [0, 0, 0, 0.0, 0.0, -1e-05, 0.017116782743488417, 0, 0, 0], [0, 0, 0, 0, 0.0, 0.0, -2e-05, 0, 0, 0]], "6_hard_pruned": [[0, -2e-05, 0.11474841950290121, -1e-05, -1e-05, 0.07794232268121591], [0.03680609682168529, -2e-05, -1e-05, -2e-05, 0.04208885424785659, 0.008660258075690656], [0.06806962847492856, -1e-05, 0.13804451372650908, 0.15051528535550363, 0, 0], [-2e-05, -1e-05, 0.13102970468519964, -2e-05, 0, 0], [0.03680609682168529, -1e-05, 0.12167662596345373, 0, 0, 0], [0.03680609682168529, -2e-05, 0.03680609682168529, 0, -2e-05, 0]], "10_hard_full": [[0, 0, 0.0, -2e-05, 0.0, 0, 0, 0, 0, 0], [0, 0, 0.0, -1e-05, 0.008083057540234863, -2e-05, 0.0, 0.0, 0, 0], [0, -2e-05, -2e-05, 0.04594145969296754, 0.1298341117400225, -1e-05, -1e-05, 0.01818687946552844, -2e-05, 0], [0.01818687946552844, 0.01818687946552844, -2e-05, -1e-05, -2e-05, 0.01818687946552844, 0.0, 0.008083057540234863, 0, 0], [0.03785840215273267, -1e-05, -1e-05, 0.10198674131122866, 0.11006979885146352, 0, 0, 0, 0, 0], [0.01818687946552844, -1e-05, -1e-05, 0.04594145969296754, -2e-05, 0, 0, 0, 0, 0], [0.07274751786211377, 0.05752992483993691, -1e-05, 0.01818687946552844, -2e-05, 0, 0, 0, 0, 0], [0, 0.03637375893105688, -1e-05, 0.052539874011526606, 0, 0, 0, 0, 0, 0], [0, 0.026269937005763303, -2e-05, 0.052539874011526606, 0.08689286855752477, -2e-05, -2e-05, 0, 0, 0], [0, 0, 0, 0.0, -1e-05, 0.01818687946552844, 0, 0, 0, 0]], "10_easy_full": [[0, 0, 0, 0.0, -1e-05, 0.144, -2e-05, 0.0, 0.0, 0], [0, 0, 0.0, 0.0, -2e-05, -1e-05, -1e-05, -1e-05, 0.144, 0], [0, 0, 0.0, -1e-05, -2e-05, -2e-05, -2e-05, -1e-05, 0.032, 0.0], [0, 0, 0.052, -2e-05, -2e-05, -1e-05, -1e-05, -2e-05, -1e-05, -1e-05], [-2e-05, 0.0, 0.0, -1e-05, 0.06799999999999999, -2e-05, -2e-05, 0.032, 0.032, 0.16], [-1e-05, 0.0, 0.0, 0.0, 0.124, 0, 0, 0, 0, 0], [-1e-05, -1e-05, 0.036, 0, 0, 0.072, 0.0, 0.016, 0, 0], [-2e-05, -2e-05, 0.052, 0, 0, 0.0, -1e-05, 0.0, 0, 0], [0, 0, 0, 0, 0, 0.0, -1e-05, 0.036, 0, 0], [0, 0, 0, 0, 0, -2e-05, -2e-05, -2e-05, 0, 0]], "6_easy_pruned": [[0.0, -1e-05, -2e-05, -2e-05, 0.03939765365084925, 0], [0.0, -2e-05, -1e-05, -1e-05, 0.157590614603397, 0.27140605848362814], [-1e-05, -2e-05, -2e-05, -2e-05, -1e-05, 0.16389423918753288], [-2e-05, 0.05690772194011558, -1e-05, -1e-05, -2e-05, -1e-05], [-1e-05, 0.09630537559096483, -2e-05, -2e-05, 0.0787953073016985, 0.11819296095254773], [0.0, 0.01751006828926633, 0, 0, 0, 0]], "10_hard_pruned": [[0, 0, 0.01966796374137297, -2e-05, 0.0, 0, 0, 0, 0, 0], [0, 0, 0.0, -1e-05, 0.0, -2e-05, 0.0, 0.0, 0, 0], [0, -2e-05, -2e-05, 0.10325680964220808, -1e-05, -1e-05, -1e-05, 0.07867185496549188, -2e-05, 0], [0.01966796374137297, 0.01966796374137297, -2e-05, -1e-05, -2e-05, 0.062214987345159393, 0.0, 0.008741317218387987, 0, 0], [0.04094147554326618, -1e-05, -1e-05, 0.11029223204629332, 0.09062426830492036, 0, 0, 0, 0, 0], [0.01966796374137297, -1e-05, -1e-05, 0.049682792761654174, -2e-05, 0, 0, 0, 0, 0], [-2e-05, 0.062214987345159393, -1e-05, 0.01966796374137297, -2e-05, 0, 0, 0, 0, 0], [0, 0.03933592748274594, -1e-05, 0.056818561919521914, 0, 0, 0, 0, 0, 0], [0, 0.028409280959760957, -2e-05, 0.056818561919521914, 0.09396916009767085, -2e-05, -2e-05, 0, 0, 0], [0, 0, 0, 0.0, -1e-05, 0.01966796374137297, 0, 0, 0, 0]], "6_easy_full": [[0.0, -1e-05, 0.1834862385321101, -2e-05, 0.01834862385321101, 0], [0.0, -2e-05, -1e-05, -1e-05, 0.1651376146788991, 0.1651376146788991], [-1e-05, -2e-05, -2e-05, -2e-05, -1e-05, 0.04128440366972477], [-2e-05, 0.05963302752293578, -1e-05, -1e-05, -2e-05, 0.1651376146788991], [-1e-05, 0.10091743119266056, -2e-05, -2e-05, 0.08256880733944955, 0], [0.0, 0.01834862385321101, 0, 0, 0, 0]], "10_medium_full": [[0, 0, 0, 0, 0, 0, 0, 0, 0, 0], [0, 0.0, 0.0, 0.010606060606060605, 0, 0, 0, 0, 0, 0], [0, 0.0, -1e-05, 0.023863636363636365, 0.02121212121212121, -2e-05, 0, 0, 0, 0], [0, 0.04772727272727273, 0.07353896103896104, -1e-05, -1e-05, 0.11596320346320346, 0.07954545454545454, 0.023863636363636365, 0.0, 0], [0, 0, 0.03446969696969697, 0.0821969696969697, -2e-05, -2e-05, -2e-05, -1e-05, -2e-05, 0], [0, 0, 0.11931818181818182, 0.04772727272727273, 0.0, -1e-05, -2e-05, -2e-05, 0.0, 0], [0, 0, 0.0, -1e-05, 0.0, -2e-05, 0.04242424242424242, 0, 0, 0], [0, 0, 0.04772727272727273, 0.10324675324675325, -1e-05, -1e-05, 0.10535714285714286, 0, 0, 0], [0, 0, 0, 0.0, 0.0, -1e-05, 0.02121212121212121, 0, 0, 0], [0, 0, 0, 0, 0.0, 0.0, -2e-05, 0, 0, 0]], "6_hard_full": [[0, -2e-05, 0.05665675586389164, 0.12801453584407005, -1e-05, 0.018582755203171458], [0.018582755203171458, -2e-05, -1e-05, -2e-05, 0.04013875123885035, 0.008259002312520648], [0.04013875123885035, -1e-05, 0.13164849686157915, 0.1621242153947803, 0, 0], [0.07433102081268583, -1e-05, 0.1249587049884374, -2e-05, 0, 0], [0.018582755203171458, -1e-05, 0.1160389824909151, 0, 0, 0], [0.026841757515692104, -2e-05, 0.03510075982821275, 0, -2e-05, 0]]}