{"10_easy_pruned": [[0, 0, 0, 0.0, -1e-05, -2e-05, -2e-05, 0.016036655211912942, 0.016036655211912942, 0], [0, 0, 0.0, 0.0, -2e-05, -1e-05, -1e-05, -1e-05, 0.048109965635738834, 0.13631156930126004], [0, 0, 0.0, -1e-05, -2e-05, -2e-05, -2e-05, -1e-05, 0.032073310423825885, 0.07903780068728522], [0, 0.016036655211912942, 0.040091638029782356, -2e-05, -2e-05, -1e-05, -1e-05, -2e-05, -1e-05, -1e-05], [-2e-05, 0.0, 0.0, -1e-05, 0.0561282932416953, -2e-05, -2e-05, 0.016036655211912942, 0.016036655211912942, -1e-05], [-1e-05, 0.0, 0.0, 0.0, 0.0882016036655212, 0.048109965635738834, 0.016036655211912942, 0.0, 0.024054982817869417, 0.07903780068728522], [-1e-05, -1e-05, 0.024054982817869417, 0, 0.07216494845360825, 0.048109965635738834, 0.0, 0.040091638029782356, 0.0, 0], [-2e-05, -2e-05, 0.040091638029782356, 0, 0, 0.0, -1e-05, 0.0, 0, 0], [0, 0, 0, 0, 0, 0.024054982817869417, -1e-05, 0.024054982817869417, 0, 0], [0, 0, 0, 0, 0, -2e-05, -2e-05, -2e-05, 0, 0]], "10_medium_pruned": [[0, 0, 0, 0, 0, 0, 0, 0, 0, 0], [0.0, 0.0, 0.03151969981238274, 0.026266416510318948, 0.0, 0.01575984990619137, 0, 0, 0, 0], [0.0, 0.0, -1e-05, 0.01575984990619137, 0.04202626641651032, -2e-05, 0.052532833020637895, 0, 0, 0], [0.055159474671669796, 0.03151969981238274, -1e-05, -1e-05, -1e-05, -2e-05, 0.03151969981238274, 0.0, 0.0, 0], [0.0, 0.05778611632270169, 0.07804878048780488, 0.05778611632270169, -2e-05, -2e-05, -2e-05, -1e-05, -2e-05, 0], [0, 0.0, 0.10356472795497186, 0.06303939962476549, 0.0, -1e-05, -2e-05, -2e-05, 0.0, 0], [0, 0, 0.036772983114446524, -1e-05, 0.0, -2e-05, 0.04202626641651032, 0.01050656660412758, 0, 0], [0, 0, 0.03151969981238274, 0.08105065666041275, -1e-05, -1e-05, 0.08330206378986867, 0.03151969981238274, 0, 0], [0, 0, 0.0, 0.0, 0.0, -1e-05, 0.02101313320825516, 0.0, 0, 0], [0, 0, 0, 0.0, 0.0, 0.0, -2e-05, 0.0, 0, 0]], "6_hard_pruned": [[0.022421524663677132, -2e-05, 0.05829596412556055, -1e-05, -1e-05, 0.026905829596412564], [0.03139013452914799, -2e-05, -1e-05, -2e-05, 0.032286995515695076, 0.008968609865470854], [0.05919282511210764, -1e-05, 0.11121076233183858, 0.13273542600896862, 0.07264573991031391, 0.0], [-2e-05, -1e-05, 0.11928251121076235, -2e-05, 0, 0], [0.03139013452914799, -1e-05, 0.10313901345291482, 0.073542600896861, 0, 0], [0.03139013452914799, -2e-05, 0.03139013452914799, 0.05381165919282512, -2e-05, 0]], "10_hard_full": [[0, 0, 0, -2e-05, 0.0, 0.0, 0, 0, 0, 0], [0, 0, 0.0, -1e-05, 0.011159824631327222, -2e-05, 0.0, 0.0, 0, 0], [0, -2e-05, -2e-05, 0.04942208051016341, 0.0976484655241132, -1e-05, -1e-05, 0.016739736946990835, -2e-05, 0], [0.016739736946990835, 0.016739736946990835, -2e-05, -1e-05, -2e-05, 0.016739736946990835, 0.0, 0.011159824631327222, 0, 0], [0.03826225587883619, -1e-05, -1e-05, 0.10442407333599042, 0.11558389796731766, 0.016739736946990835, 0, 0, 0, 0], [0.016739736946990835, -1e-05, -1e-05, 0.04942208051016341, -2e-05, 0, 0, 0, 0, 0], [0.03347947389398167, 0.05978477481068155, -1e-05, 0.016739736946990835, -2e-05, 0, 0, 0, 0, 0], [0.0, 0.03347947389398167, -1e-05, 0.055799123156636106, 0.04463929852530889, 0, 0, 0, 0, 0], [0, 0.027899561578318053, -2e-05, 0.055799123156636106, 0.09485850936628139, -2e-05, -2e-05, 0, 0, 0], [0, 0, 0, 0.0, -1e-05, 0, 0, 0, 0, 0]], "10_easy_full": [[0, 0, 0, 0.0, -1e-05, 0.059405940594059396, -2e-05, 0.0, 0.0, 0], [0, 0, 0.0, 0.0, -2e-05, -1e-05, -1e-05, -1e-05, 0.059405940594059396, 0.0792079207920792], [0, 0, 0.0, -1e-05, -2e-05, -2e-05, -2e-05, -1e-05, 0.0396039603960396, 0.0], [0, 0.0198019801980198, 0.04950495049504949, -2e-05, -2e-05, -1e-05, -1e-05, -2e-05, -1e-05, -1e-05], [-2e-05, 0.0, 0.0, -1e-05, 0.06930693069306929, -2e-05, -2e-05, 0.0396039603960396, 0.0396039603960396, 0.0792079207920792], [-1e-05, 0.0, 0.0, 0.0, 0.1089108910891089, 0.059405940594059396, 0.0198019801980198, 0.0, 0.0, 0], [-1e-05, -1e-05, 0.029702970297029698, 0, 0.08910891089108909, 0.059405940594059396, 0.0, 0.0198019801980198, 0, 0], [-2e-05, -2e-05, 0.04950495049504949, 0, 0, 0.0, -1e-05, 0.0, 0, 0], [0, 0, 0, 0, 0, 0.0, -1e-05, 0.029702970297029698, 0, 0], [0, 0, 0, 0, 0, -2e-05, -2e-05, -2e-05, 0, 0]], "6_easy_pruned": [[0.0, -1e-05, -2e-05, -2e-05, 0.03740648379052369, 0.07481296758104738], [0.0, -2e-05, -1e-05, -1e-05, 0.07481296758104738, 0.199501246882793], [-1e-05, -2e-05, -2e-05, -2e-05, -1e-05, 0.16458852867830426], [-2e-05, 0.06234413965087281, -1e-05, -1e-05, -2e-05, -1e-05], [-1e-05, 0.0997506234413965, -2e-05, -2e-05, 0.07481296758104738, 0.11221945137157106], [0.0, 0.024937655860349125, 0.03740648379052369, 0.0, 0.0, 0.03740648379052369]], "10_hard_pruned": [[0, 0, 0.017234304472712354, -2e-05, 0.0, 0.0, 0.0, 0, 0, 0], [0, 0, 0.0, -1e-05, 0.0, -2e-05, 0.0, 0.0, 0, 0], [0, -2e-05, -2e-05, 0.06032006565449324, -1e-05, -1e-05, -1e-05, 0.03446860894542471, -2e-05, 0], [0.017234304472712354, 0.017234304472712354, -2e-05, -1e-05, -2e-05, 0.06155108740254412, 0.0, 0.011489536315141569, 0, 0], [0.03939269593762824, -1e-05, -1e-05, 0.1075092326631104, 0.09027492819039803, 0.017234304472712354, 0.05744768157570784, 0, 0, 0], [0.017234304472712354, -1e-05, -1e-05, 0.050882232252769805, -2e-05, 0, 0, 0, 0, 0], [-2e-05, 0.06155108740254412, -1e-05, 0.017234304472712354, -2e-05, 0, 0, 0, 0, 0], [0.0, 0.03446860894542471, -1e-05, 0.05744768157570784, 0.045958145260566276, 0, 0, 0, 0, 0], [0, 0.02872384078785392, -2e-05, 0.05744768157570784, 0.09766105867870334, -2e-05, -2e-05, 0, 0, 0], [0, 0, 0, 0.0, -1e-05, 0, 0, 0, 0, 0]], "6_easy_full": [[0.0, -1e-05, 0.13333333333333333, -2e-05, 0.03333333333333333, 0.03333333333333333], [0.0, -2e-05, -1e-05, -1e-05, 0.1, 0.1], [-1e-05, -2e-05, -2e-05, -2e-05, -1e-05, 0.05], [-2e-05, 0.08333333333333333, -1e-05, -1e-05, -2e-05, 0.1], [-1e-05, 0.13333333333333333, -2e-05, -2e-05, 0.1, 0.05], [0.0, 0.03333333333333333, 0.05, 0.0, 0.0, 0]], "10_medium_full": [[0, 0, 0, 0, 0, 0, 0, 0, 0, 0], [0, 0.0, 0.0, 0.012269938650306749, 0.0, 0.012269938650306749, 0, 0, 0, 0], [0, 0.0, -1e-05, 0.018404907975460124, 0.024539877300613498, -2e-05, 0.024539877300613498, 0, 0, 0], [0, 0.03680981595092025, 0.06047326906222612, -1e-05, -1e-05, 0.10955302366345313, 0.0736196319018405, 0.018404907975460124, 0.0, 0], [0, 0.06748466257668712, 0.03067484662576687, 0.06748466257668712, -2e-05, -2e-05, -2e-05, -1e-05, -2e-05, 0], [0, 0.0, 0.055214723926380375, 0.03680981595092025, 0.0, -1e-05, -2e-05, -2e-05, 0.0, 0], [0, 0, 0.0, -1e-05, 0.0, -2e-05, 0.049079754601226995, 0.012269938650306749, 0, 0], [0, 0, 0.03680981595092025, 0.09465381244522349, -1e-05, -1e-05, 0.09728308501314636, 0.03680981595092025, 0, 0], [0, 0, 0.0, 0.0, 0.0, -1e-05, 0.024539877300613498, 0.0, 0, 0], [0, 0, 0, 0.0, 0.0, 0.0, -2e-05, 0.0, 0, 0]], "6_hard_full": [[0.02200704225352113, -2e-05, 0.049295774647887335, 0.07042253521126761, -1e-05, 0.013204225352112678], [0.013204225352112678, -2e-05, -1e-05, -2e-05, 0.03169014084507043, 0.008802816901408451], [0.03169014084507043, -1e-05, 0.1091549295774648, 0.14348591549295775, 0.07130281690140845, 0], [0.026408450704225355, -1e-05, 0.11707746478873239, -2e-05, 0, 0], [0.013204225352112678, -1e-05, 0.10123239436619719, 0.07218309859154931, 0, 0], [0.02200704225352113, -2e-05, 0.030809859154929578, 0.05281690140845071, -2e-05, 0]]}