{"10_easy_pruned": [[0, 0, 0, 0.003917053645556826, -1e-05, -2e-05, -2e-05, 0.003917053645556826, 0.007834107291113652, 0], [0, 0, 0.0044066853512514294, 0.0, -2e-05, -1e-05, -1e-05, -1e-05, 0.04418926143893795, 0.06120396321182541], [0, 0, 0.006610028026877144, -1e-05, -2e-05, -2e-05, -2e-05, -1e-05, 0.01958526822778413, 0.032134229070223126], [0, 0.017633935993334293, 0.03165122196739121, -2e-05, -2e-05, -1e-05, -1e-05, -2e-05, -1e-05, -1e-05], [-2e-05, 0.013716882347777466, 0.02196327952005355, -1e-05, 0.021210845490690217, -2e-05, -2e-05, 0.016674257850172867, 0.03036895688393724, -1e-05], [-1e-05, 0.013002020057463344, 0.028923244329245486, 0.029587544651583798, 0.07309622156723362, 0.03219818096647711, 0.027663591822717704, 0.019580072136213492, 0.038526650363722416, 0.03700679357931122], [-1e-05, -1e-05, 0.025927727102335, 0, 0.05345653510051059, 0.06239935281343213, 0.025756626216294067, 0.027484755926443834, 0.01799366540976298, 0], [-2e-05, -2e-05, 0.02783729075454395, 0, 0, 0.035571843343550826, -1e-05, 0.020293335629121265, 0, 0], [0, 0, 0, 0, 0, 0.03727247894149821, -1e-05, 0.02940503932605558, 0, 0], [0, 0, 0, 0, 0, -2e-05, -2e-05, -2e-05, 0, 0]], "10_medium_pruned": [[0, 0, 0, 0, 0, 0, 0, 0, 0, 0], [0.008818024601651405, 0.007314827284892011, 0.019750114488091244, 0.02785103919019028, 0.016122011893530835, 0.02295120749145906, 0, 0, 0, 0], [0.010786102761607639, 0.012218220695613086, -1e-05, 0.024342288309059722, 0.029403481046635416, -2e-05, 0.015175990217618281, 0, 0, 0], [0.04408782306045807, 0.04565549542779574, -1e-05, -1e-05, -1e-05, -2e-05, 0.009105594130570967, 0.003035198043523656, 0.0017072988994820564, 0], [0.014843667003261046, 0.05645986124102922, 0.06101493672073786, 0.041582213196274094, -2e-05, -2e-05, -2e-05, -1e-05, -2e-05, 0], [0, 0.028534268464069177, 0.07294114720136734, 0.055080350260433925, 0.015404404356097736, -1e-05, -2e-05, -2e-05, 0.008056437663995827, 0], [0, 0, 0.027907186322214467, -1e-05, 0.022612999709466418, -2e-05, 0.015175990217618281, 0.009105594130570967, 0, 0], [0, 0, 0.031735894762105914, 0.051736699895027334, -1e-05, -1e-05, 0.041547834932719886, 0.022774139916669642, 0, 0], [0, 0, 0.01582530579907209, 0.020825794575777313, 0.023161658212946235, -1e-05, 0.02853241017955274, 0.009105594130570967, 0, 0], [0, 0, 0, 0.006728538519954227, 0.012461036539094979, 0.005486120463669008, -2e-05, 0.003035198043523656, 0, 0]], "6_hard_pruned": [[0.01804287235729986, -2e-05, 0.07355940268745328, -1e-05, -1e-05, 0.0646247110874442], [0.023594525390315202, -2e-05, -1e-05, -2e-05, 0.04090442376107499, 0.016654959099046025], [0.043635992839500586, -1e-05, 0.10445612211370695, 0.114489885228071, 0.07005060218440554, 0.033223173619451186], [-2e-05, -1e-05, 0.10199866590378648, -2e-05, 0, 0], [0.023594525390315202, -1e-05, 0.09498318925471894, 0.07547649328136687, 0, 0], [0.023594525390315202, -2e-05, 0.03547853266411367, 0.04163739774761506, -2e-05, 0]], "10_hard_full": [[0, 0, 0, -2e-05, 0.0022610048918275333, 0.007104579815653626, 0, 0, 0, 0], [0, 0, 0.004019564252137836, -1e-05, 0.012309915522172124, -2e-05, 0.010669277051911783, 0.013299425599547894, 0, 0], [0, -2e-05, -2e-05, 0.027227215733205502, 0.07718369060785364, -1e-05, -1e-05, 0.02254482019069256, -2e-05, 0], [0.018944277673537197, 0.009044019567310133, -2e-05, -1e-05, -2e-05, 0.05122117353839523, 0.031085382175831466, 0.015967718991617554, 0, 0], [0.032432729822752936, -1e-05, -1e-05, 0.07096486565495673, 0.09686405856937604, 0.03552436497417943, 0, 0, 0, 0], [0.021580124770179475, -1e-05, -1e-05, 0.05253147212234666, -2e-05, 0, 0, 0, 0, 0], [0.046224988899585116, 0.03298995835999495, -1e-05, 0.022756798690084148, -2e-05, 0, 0, 0, 0, 0], [0.011356294411333302, 0.04308972878291761, -1e-05, 0.05553411962562141, 0.05043731482358862, 0, 0, 0, 0, 0], [0, 0.017083148071585806, -2e-05, 0.036670556025465054, 0.04858856403305374, -2e-05, -2e-05, 0, 0, 0], [0, 0, 0, 0.02248884675128485, -1e-05, 0, 0, 0, 0, 0]], "10_easy_full": [[0, 0, 0, 0.007759458505752464, -1e-05, 0.03934287945494804, -2e-05, 0.0, 0.003879729252876232, 0], [0, 0, 0.004364695409485761, 0.0, -2e-05, -1e-05, -1e-05, -1e-05, 0.04376819563400999, 0.04764792488688623], [0, 0, 0.006547043114228642, -1e-05, -2e-05, -2e-05, -2e-05, -1e-05, 0.01939864626438116, 0.01624636624641922], [0, 0.017465907671264654, 0.03134962726268973, -2e-05, -2e-05, -1e-05, -1e-05, -2e-05, -1e-05, -1e-05], [-2e-05, 0.013586178418388422, 0.02175399822254311, -1e-05, 0.021008733904324797, -2e-05, -2e-05, 0.020395103257186204, 0.03395930973949967, 0.06491742126472402], [-1e-05, 0.012878127829738508, 0.028647643679720027, 0.02930561408974863, 0.07239971027989452, 0.03189137445864262, 0.027399994012328253, 0.019393499684759997, 0.03287595472924498, 0], [-1e-05, -1e-05, 0.025680669809979413, 0, 0.05294716431114225, 0.061804768680006915, 0.02551119929136167, 0.022259352752267248, 0, 0], [-2e-05, -2e-05, 0.027572037820756574, 0, 0, 0.035232890250367306, -1e-05, 0.02009996671044955, 0, 0], [0, 0, 0, 0, 0, 0.03158396529896319, -1e-05, 0.029124847801020183, 0, 0], [0, 0, 0, 0, 0, -2e-05, -2e-05, -2e-05, 0, 0]], "6_easy_pruned": [[0.0, -1e-05, -2e-05, -2e-05, 0.028737954170457127, 0.057475908340914254], [0.0, -2e-05, -1e-05, -1e-05, 0.11495181668182851, 0.19797257317426023], [-1e-05, -2e-05, -2e-05, -2e-05, -1e-05, 0.11954988934910166], [-2e-05, 0.04151037824621585, -1e-05, -1e-05, -2e-05, -1e-05], [-1e-05, 0.07024833241667298, -2e-05, -2e-05, 0.057475908340914254, 0.08621386251137138], [0.012772424075758723, 0.03831727222727617, 0.06705522639773329, 0.03831727222727617, 0.025544848151517446, 0.04385633368870215]], "10_hard_pruned": [[0, 0, 0.009215323207255953, -2e-05, 0.0023038308018139882, 0.007239148341699954, 0.009079496447965333, 0, 0, 0], [0, 0, 0.004095699203224868, -1e-05, 0.00844737960665129, -2e-05, 0.010871364849376211, 0.013551331292302687, 0, 0], [0, -2e-05, -2e-05, 0.05305210374177212, -1e-05, -1e-05, -1e-05, 0.05080714861600449, -2e-05, 0], [0.014259213128387167, 0.009215323207255953, -2e-05, -1e-05, -2e-05, 0.06648166297497687, 0.03167417337383753, 0.016270165084810786, 0, 0], [0.024663035935371336, -1e-05, -1e-05, 0.07230901796516405, 0.08538774756009956, 0.036197235370085776, 0.06963739649081702, 0, 0, 0], [0.011737268167821559, -1e-05, -1e-05, 0.05352647576196691, -2e-05, 0, 0, 0, 0, 0], [-2e-05, 0.03361482431773292, -1e-05, 0.02318783739141738, -2e-05, 0, 0, 0, 0, 0], [0.004095699203224868, 0.043905895458570585, -1e-05, 0.05658599669889105, 0.05139265282944653, 0, 0, 0, 0, 0], [0, 0.017406721613705687, -2e-05, 0.03736513653574005, 0.04950888467330178, -2e-05, -2e-05, 0, 0, 0], [0, 0, 0, 0.02291481014930795, -1e-05, 0, 0, 0, 0, 0]], "6_easy_full": [[0.0, -1e-05, 0.12012012012012015, -2e-05, 0.012012012012012014, 0.024024024024024027], [0.0, -2e-05, -1e-05, -1e-05, 0.10810810810810813, 0.13813813813813816], [-1e-05, -2e-05, -2e-05, -2e-05, -1e-05, 0.06306306306306307], [-2e-05, 0.03903903903903905, -1e-05, -1e-05, -2e-05, 0.15315315315315317], [-1e-05, 0.06606606606606609, -2e-05, -2e-05, 0.054054054054054064, 0.05105105105105106], [0.012012012012012014, 0.03603603603603604, 0.06306306306306307, 0.03603603603603604, 0.024024024024024027, 0]],