{"10_easy_pruned": [[0, 0, 0, 0.0, -1e-05, -2e-05, -2e-05, 0.0, 0.0, 0], [0, 0, 0.0, 0.0, -2e-05, -1e-05, -1e-05, -1e-05, 0.1278538812785388, 0.1598173515981735], [0, 0, 0.0, -1e-05, -2e-05, -2e-05, -2e-05, -1e-05, 0.0, 0.18378995433789955], [0, 0.0, 0.03995433789954338, -2e-05, -2e-05, -1e-05, -1e-05, -2e-05, -1e-05, -1e-05], [-2e-05, 0.0, 0.0, -1e-05, 0.0, -2e-05, -2e-05, 0.0, 0.0, -1e-05], [-1e-05, 0.0, 0.0, 0.0, 0.07990867579908675, 0.0, 0.0, 0.0, 0.04794520547945205, 0.1050228310502283], [-1e-05, -1e-05, 0.03995433789954338, 0, 0.023972602739726026, 0.0639269406392694, 0.0, 0.0319634703196347, 0.0, 0], [-2e-05, -2e-05, 0.0319634703196347, 0, 0, 0.0, -1e-05, 0.0, 0, 0], [0, 0, 0, 0, 0, 0.0319634703196347, -1e-05, 0.0319634703196347, 0, 0], [0, 0, 0, 0, 0, -2e-05, -2e-05, -2e-05, 0, 0]], "10_medium_pruned": [[0, 0, 0, 0, 0, 0, 0, 0, 0, 0], [0.0, 0.0, 0.04605263157894737, 0.0, 0.0, 0.0, 0, 0, 0, 0], [0.0, 0.0, -1e-05, 0.0368421052631579, 0.0, -2e-05, 0.0, 0, 0, 0], [0.03223684210526316, 0.04605263157894737, -1e-05, -1e-05, -1e-05, -2e-05, 0.0, 0.0, 0.0, 0], [0.0, 0.06907894736842106, 0.10592105263157894, 0.08289473684210527, -2e-05, -2e-05, -2e-05, -1e-05, -2e-05, 0], [0, 0.0, 0.18157894736842106, 0.0736842105263158, 0.0, -1e-05, -2e-05, -2e-05, 0.0, 0], [0, 0, 0.013815789473684212, -1e-05, 0.0, -2e-05, 0.0, 0.0, 0, 0], [0, 0, 0.027631578947368424, 0.16578947368421051, -1e-05, -1e-05, 0.09078947368421053, 0.027631578947368424, 0, 0], [0, 0, 0.0, 0.0, 0.0, -1e-05, 0.0, 0.0, 0, 0], [0, 0, 0, 0.0, 0.0, 0.0, -2e-05, 0.0, 0, 0]], "6_hard_pruned": [[0.0, -2e-05, 0.07795889440113396, -1e-05, -1e-05, 0.021261516654854717], [0.01417434443656981, -2e-05, -1e-05, -2e-05, 0.04252303330970943, 0.0], [0.05102763997165132, -1e-05, 0.1785967399007796, 0.2034018426647768, 0.02551381998582566, 0.0], [-2e-05, -1e-05, 0.2034018426647768, -2e-05, 0, 0], [0.017717930545712263, -1e-05, 0.10630758327427359, 0.04039688164422396, 0, 0], [0.010630758327427358, -2e-05, 0.0, 0.007087172218284905, -2e-05, 0]], "10_hard_full": [[0, 0, 0, -2e-05, 0.0, 0.0, 0, 0, 0, 0], [0, 0, 0.0, -1e-05, 0.0, -2e-05, 0.0, 0.0, 0, 0], [0, -2e-05, -2e-05, 0.0568816658202133, 0.09954291518537328, -1e-05, -1e-05, 0.010665312341289994, -2e-05, 0], [0.017775520568816656, 0.02844083291010665, -2e-05, -1e-05, -2e-05, 0.02133062468257999, 0.0, 0.0, 0, 0], [0.0568816658202133, -1e-05, -1e-05, 0.1269680040629761, 0.08887760284408328, 0.010665312341289994, 0, 0, 0, 0], [0.02844083291010665, -1e-05, -1e-05, 0.08125952260030471, -2e-05, 0, 0, 0, 0, 0], [0.04977145759268664, 0.1269680040629761, -1e-05, 0.03199593702386998, -2e-05, 0, 0, 0, 0, 0], [0.0, 0.04266124936515998, -1e-05, 0.04977145759268664, 0.014220416455053324, 0, 0, 0, 0, 0], [0, 0.010665312341289994, -2e-05, 0.017775520568816656, 0.02844083291010665, -2e-05, -2e-05, 0, 0, 0], [0, 0, 0, 0.0, -1e-05, 0, 0, 0, 0, 0]], "10_easy_full": [[0, 0, 0, 0.0, -1e-05, 0.1978021978021978, -2e-05, 0.0, 0.0, 0], [0, 0, 0.0, 0.0, -2e-05, -1e-05, -1e-05, -1e-05, 0.1758241758241758, 0.0879120879120879], [0, 0, 0.0, -1e-05, -2e-05, -2e-05, -2e-05, -1e-05, 0.0, 0.0], [0, 0.0, 0.054945054945054944, -2e-05, -2e-05, -1e-05, -1e-05, -2e-05, -1e-05, -1e-05], [-2e-05, 0.0, 0.0, -1e-05, 0.0, -2e-05, -2e-05, 0.0, 0.0, 0.10989010989010989], [-1e-05, 0.0, 0.0, 0.0, 0.10989010989010989, 0.0, 0.0, 0.0, 0.0, 0], [-1e-05, -1e-05, 0.054945054945054944, 0, 0.03296703296703297, 0.0879120879120879, 0.0, 0.0, 0, 0], [-2e-05, -2e-05, 0.04395604395604395, 0, 0, 0.0, -1e-05, 0.0, 0, 0], [0, 0, 0, 0, 0, 0.0, -1e-05, 0.04395604395604395, 0, 0], [0, 0, 0, 0, 0, -2e-05, -2e-05, -2e-05, 0, 0]], "6_easy_pruned": [[0.0, -1e-05, -2e-05, -2e-05, 0.0, 0.026642984014209593], [0.0, -2e-05, -1e-05, -1e-05, 0.21314387211367675, 0.3552397868561279], [-1e-05, -2e-05, -2e-05, -2e-05, -1e-05, 0.2717584369449379], [-2e-05, 0.0, -1e-05, -1e-05, -2e-05, -1e-05], [-1e-05, 0.0, -2e-05, -2e-05, 0.0, 0.10657193605683837], [0.0, 0.0, 0.0, 0.0, 0.0, 0.026642984014209593]], "10_hard_pruned": [[0, 0, 0.010084033613445379, -2e-05, 0.0, 0.0, 0.0, 0, 0, 0], [0, 0, 0.0, -1e-05, 0.0, -2e-05, 0.0, 0.0, 0, 0], [0, -2e-05, -2e-05, 0.10588235294117648, -1e-05, -1e-05, -1e-05, 0.020168067226890758, -2e-05, 0], [0.01680672268907563, 0.026890756302521007, -2e-05, -1e-05, -2e-05, 0.09603841536614645, 0.0, 0.0, 0, 0], [0.05378151260504201, -1e-05, -1e-05, 0.13205282112845138, 0.09603841536614645, 0.013445378151260503, 0.020168067226890758, 0, 0, 0], [0.026890756302521007, -1e-05, -1e-05, 0.07683073229291718, -2e-05, 0, 0, 0, 0, 0], [-2e-05, 0.12004801920768306, -1e-05, 0.030252100840336135, -2e-05, 0, 0, 0, 0, 0], [0.0, 0.040336134453781515, -1e-05, 0.047058823529411764, 0.013445378151260503, 0, 0, 0, 0, 0], [0, 0.010084033613445379, -2e-05, 0.01680672268907563, 0.026890756302521007, -2e-05, -2e-05, 0, 0, 0], [0, 0, 0, 0.0, -1e-05, 0, 0, 0, 0, 0]], "6_easy_full": [[0.0, -1e-05, 0.34782608695652173, -2e-05, 0.0, 0.0], [0.0, -2e-05, -1e-05, -1e-05, 0.30434782608695654, 0.17391304347826086], [-1e-05, -2e-05, -2e-05, -2e-05, -1e-05, 0.0], [-2e-05, 0.0, -1e-05, -1e-05, -2e-05, 0.17391304347826086], [-1e-05, 0.0, -2e-05, -2e-05, 0.0, 0.0], [0.0, 0.0, 0.0, 0.0, 0.0, 0]], "10_medium_full": [[0, 0, 0, 0, 0, 0, 0, 0, 0, 0], [0, 0.0, 0.0, 0.0, 0.0, 0.0, 0, 0, 0, 0], [0, 0.0, -1e-05, 0.03417412530512612, 0.0, -2e-05, 0.0, 0, 0, 0], [0, 0.03417412530512612, 0.0935720097640358, -1e-05, -1e-05, 0.0935720097640358, 0.04556550040683483, 0.01708706265256306, 0.0, 0], [0, 0.05126118795768918, 0.0, 0.07973962571196094, -2e-05, -2e-05, -2e-05, -1e-05, -2e-05, 0], [0, 0.0, 0.0854353132628153, 0.07973962571196094, 0.0, -1e-05, -2e-05, -2e-05, 0.0, 0], [0, 0, 0.0, -1e-05, 0.0, -2e-05, 0.0, 0.0, 0, 0], [0, 0, 0.03417412530512612, 0.2050447518307567, -1e-05, -1e-05, 0.11228641171684296, 0.03417412530512612, 0, 0], [0, 0, 0.0, 0.0, 0.0, -1e-05, 0.0, 0.0, 0, 0], [0, 0, 0, 0.0, 0.0, 0.0, -2e-05, 0.0, 0, 0]], "6_hard_full": [[0.0, -2e-05, 0.03464036564830406, 0.06615347606446957, -1e-05, 0.007216742843396681], [0.014433485686793361, -2e-05, -1e-05, -2e-05, 0.02598027423622805, 0.0], [0.0519605484724561, -1e-05, 0.16165503969208564, 0.17753187394755832, 0.01732018282415203, 0], [0.05051719990377676, -1e-05, 0.20712051960548472, -2e-05, 0, 0], [0.0180418571084917, -1e-05, 0.1082511426509502, 0.04113543420736108, 0, 0], [0.01082511426509502, -2e-05, 0.0, 0.007216742843396681, -2e-05, 0]]}