{"10_easy_pruned": [[0, 0, 0, 0.0, -1e-05, -2e-05, -2e-05, 0.0, 0.0, 0], [0, 0, 0.0, 0.0, -2e-05, -1e-05, -1e-05, -1e-05, 0.14285714285714285, 0.21428571428571427], [0, 0, 0.0, -1e-05, -2e-05, -2e-05, -2e-05, -1e-05, 0.0, 0.10714285714285714], [0, 0.0, 0.03571428571428571, -2e-05, -2e-05, -1e-05, -1e-05, -2e-05, -1e-05, -1e-05], [-2e-05, 0.0, 0.0, -1e-05, 0.0, -2e-05, -2e-05, 0.0, 0.0, -1e-05], [-1e-05, 0.0, 0.0, 0.0, 0.07142857142857142, 0.0, 0.0, 0.0, 0.03571428571428571, 0.10714285714285714], [-1e-05, -1e-05, 0.03571428571428571, 0, 0.03571428571428571, 0.07142857142857142, 0.0, 0.03571428571428571, 0.0, 0], [-2e-05, -2e-05, 0.03571428571428571, 0, 0, 0.0, -1e-05, 0.0, 0, 0], [0, 0, 0, 0, 0, 0.03571428571428571, -1e-05, 0.03571428571428571, 0, 0], [0, 0, 0, 0, 0, -2e-05, -2e-05, -2e-05, 0, 0]], "10_medium_pruned": [[0, 0, 0, 0, 0, 0, 0, 0, 0, 0], [0.0, 0.0, 0.046511627906976744, 0.0, 0.0, 0.0, 0, 0, 0, 0], [0.0, 0.0, -1e-05, 0.023255813953488372, 0.0, -2e-05, 0.0, 0, 0, 0], [0.11627906976744186, 0.09302325581395349, -1e-05, -1e-05, -1e-05, -2e-05, 0.0, 0.0, 0.0, 0], [0.0, 0.11627906976744186, 0.06976744186046512, 0.046511627906976744, -2e-05, -2e-05, -2e-05, -1e-05, -2e-05, 0], [0, 0.0, 0.16279069767441862, 0.046511627906976744, 0.0, -1e-05, -2e-05, -2e-05, 0.0, 0], [0, 0, 0.023255813953488372, -1e-05, 0.0, -2e-05, 0.0, 0.0, 0, 0], [0, 0, 0.046511627906976744, 0.09302325581395349, -1e-05, -1e-05, 0.06976744186046512, 0.046511627906976744, 0, 0], [0, 0, 0.0, 0.0, 0.0, -1e-05, 0.0, 0.0, 0, 0], [0, 0, 0, 0.0, 0.0, 0.0, -2e-05, 0.0, 0, 0]], "6_hard_pruned": [[0.0, -2e-05, 0.125, -1e-05, -1e-05, 0.1], [0.025, -2e-05, -1e-05, -2e-05, 0.05, 0.0], [0.05, -1e-05, 0.1, 0.125, 0.05, 0.0], [-2e-05, -1e-05, 0.125, -2e-05, 0, 0], [0.025, -1e-05, 0.1, 0.075, 0, 0], [0.025, -2e-05, 0.0, 0.025, -2e-05, 0]], "10_hard_full": [[0, 0, 0, -2e-05, 0.0, 0.0, 0, 0, 0, 0], [0, 0, 0.0, -1e-05, 0.0, -2e-05, 0.0, 0.0, 0, 0], [0, -2e-05, -2e-05, 0.05, 0.125, -1e-05, -1e-05, 0.025, -2e-05, 0], [0.025, 0.025, -2e-05, -1e-05, -2e-05, 0.025, 0.0, 0.0, 0, 0], [0.05, -1e-05, -1e-05, 0.075, 0.075, 0.025, 0, 0, 0, 0], [0.025, -1e-05, -1e-05, 0.05, -2e-05, 0, 0, 0, 0, 0], [0.1, 0.075, -1e-05, 0.025, -2e-05, 0, 0, 0, 0, 0], [0.0, 0.05, -1e-05, 0.05, 0.025, 0, 0, 0, 0, 0], [0, 0.025, -2e-05, 0.025, 0.05, -2e-05, -2e-05, 0, 0, 0], [0, 0, 0, 0.0, -1e-05, 0, 0, 0, 0, 0]], "10_easy_full": [[0, 0, 0, 0.0, -1e-05, 0.16, -2e-05, 0.0, 0.0, 0], [0, 0, 0.0, 0.0, -2e-05, -1e-05, -1e-05, -1e-05, 0.16, 0.16], [0, 0, 0.0, -1e-05, -2e-05, -2e-05, -2e-05, -1e-05, 0.0, 0.0], [0, 0.0, 0.04, -2e-05, -2e-05, -1e-05, -1e-05, -2e-05, -1e-05, -1e-05], [-2e-05, 0.0, 0.0, -1e-05, 0.0, -2e-05, -2e-05, 0.0, 0.0, 0.16], [-1e-05, 0.0, 0.0, 0.0, 0.08, 0.0, 0.0, 0.0, 0.0, 0], [-1e-05, -1e-05, 0.04, 0, 0.04, 0.08, 0.0, 0.0, 0, 0], [-2e-05, -2e-05, 0.04, 0, 0, 0.0, -1e-05, 0.0, 0, 0], [0, 0, 0, 0, 0, 0.0, -1e-05, 0.04, 0, 0], [0, 0, 0, 0, 0, -2e-05, -2e-05, -2e-05, 0, 0]], "6_easy_pruned": [[0.0, -1e-05, -2e-05, -2e-05, 0.0, 0.058823529411764705], [0.0, -2e-05, -1e-05, -1e-05, 0.23529411764705882, 0.35294117647058826], [-1e-05, -2e-05, -2e-05, -2e-05, -1e-05, 0.17647058823529413], [-2e-05, 0.0, -1e-05, -1e-05, -2e-05, -1e-05], [-1e-05, 0.0, -2e-05, -2e-05, 0.0, 0.11764705882352941], [0.0, 0.0, 0.0, 0.0, 0.0, 0.058823529411764705]], "10_hard_pruned": [[0, 0, 0.023809523809523808, -2e-05, 0.0, 0.0, 0.0, 0, 0, 0], [0, 0, 0.0, -1e-05, 0.0, -2e-05, 0.0, 0.0, 0, 0], [0, -2e-05, -2e-05, 0.11904761904761904, -1e-05, -1e-05, -1e-05, 0.09523809523809523, -2e-05, 0], [0.023809523809523808, 0.023809523809523808, -2e-05, -1e-05, -2e-05, 0.07142857142857142, 0.0, 0.0, 0, 0], [0.047619047619047616, -1e-05, -1e-05, 0.07142857142857142, 0.07142857142857142, 0.023809523809523808, 0.047619047619047616, 0, 0, 0], [0.023809523809523808, -1e-05, -1e-05, 0.047619047619047616, -2e-05, 0, 0, 0, 0, 0], [-2e-05, 0.07142857142857142, -1e-05, 0.023809523809523808, -2e-05, 0, 0, 0, 0, 0], [0.0, 0.047619047619047616, -1e-05, 0.047619047619047616, 0.023809523809523808, 0, 0, 0, 0, 0], [0, 0.023809523809523808, -2e-05, 0.023809523809523808, 0.047619047619047616, -2e-05, -2e-05, 0, 0, 0], [0, 0, 0, 0.0, -1e-05, 0, 0, 0, 0, 0]], "6_easy_full": [[0.0, -1e-05, 0.25, -2e-05, 0.0, 0.0], [0.0, -2e-05, -1e-05, -1e-05, 0.25, 0.25], [-1e-05, -2e-05, -2e-05, -2e-05, -1e-05, 0.0], [-2e-05, 0.0, -1e-05, -1e-05, -2e-05, 0.25], [-1e-05, 0.0, -2e-05, -2e-05, 0.0, 0.0], [0.0, 0.0, 0.0, 0.0, 0.0, 0]], "10_medium_full": [[0, 0, 0, 0, 0, 0, 0, 0, 0, 0], [0, 0.0, 0.0, 0.0, 0.0, 0.0, 0, 0, 0, 0], [0, 0.0, -1e-05, 0.02702702702702703, 0.0, -2e-05, 0.0, 0, 0, 0], [0, 0.05405405405405406, 0.08108108108108109, -1e-05, -1e-05, 0.08108108108108109, 0.05405405405405406, 0.02702702702702703, 0.0, 0], [0, 0.13513513513513514, 0.0, 0.05405405405405406, -2e-05, -2e-05, -2e-05, -1e-05, -2e-05, 0], [0, 0.0, 0.13513513513513514, 0.05405405405405406, 0.0, -1e-05, -2e-05, -2e-05, 0.0, 0], [0, 0, 0.0, -1e-05, 0.0, -2e-05, 0.0, 0.0, 0, 0], [0, 0, 0.05405405405405406, 0.10810810810810811, -1e-05, -1e-05, 0.08108108108108109, 0.05405405405405406, 0, 0], [0, 0, 0.0, 0.0, 0.0, -1e-05, 0.0, 0.0, 0, 0], [0, 0, 0, 0.0, 0.0, 0.0, -2e-05, 0.0, 0, 0]], "6_hard_full": [[0.0, -2e-05, 0.046511627906976744, 0.11627906976744186, -1e-05, 0.023255813953488372], [0.023255813953488372, -2e-05, -1e-05, -2e-05, 0.046511627906976744, 0.0], [0.046511627906976744, -1e-05, 0.09302325581395349, 0.11627906976744186, 0.046511627906976744, 0], [0.09302325581395349, -1e-05, 0.11627906976744186, -2e-05, 0, 0], [0.023255813953488372, -1e-05, 0.09302325581395349, 0.06976744186046512, 0, 0], [0.023255813953488372, -2e-05, 0.0, 0.023255813953488372, -2e-05, 0]]}