{"10_easy_pruned": [[0, 0, 0, 0.004357298474945533, -1e-05, -2e-05, -2e-05, 0.004357298474945533, 0.008714596949891067, 0], [0, 0, 0.004901960784313725, 0.0, -2e-05, -1e-05, -1e-05, -1e-05, 0.04793028322440088, 0.06318082788671024], [0, 0, 0.007352941176470588, -1e-05, -2e-05, -2e-05, -2e-05, -1e-05, 0.02178649237472767, 0.03376906318082789], [0, 0.018518518518518517, 0.0326797385620915, -2e-05, -2e-05, -1e-05, -1e-05, -2e-05, -1e-05, -1e-05], [-2e-05, 0.014161220043572984, 0.021514161220043574, -1e-05, 0.023420479302832243, -2e-05, -2e-05, 0.017973856209150325, 0.031045751633986932, -1e-05], [-1e-05, 0.013616557734204792, 0.0264161220043573, 0.027777777777777776, 0.06835511982570808, 0.0326797385620915, 0.027777777777777776, 0.01906318082788671, 0.037037037037037035, 0.03867102396514161], [-1e-05, -1e-05, 0.0264161220043573, 0, 0.05119825708061002, 0.05610021786492376, 0.02396514161220044, 0.028322440087145972, 0.018518518518518517, 0], [-2e-05, -2e-05, 0.028322440087145972, 0, 0, 0.0334967320261438, -1e-05, 0.020424836601307186, 0, 0], [0, 0, 0, 0, 0, 0.03649237472766884, -1e-05, 0.02968409586056645, 0, 0], [0, 0, 0, 0, 0, -2e-05, -2e-05, -2e-05, 0, 0]], "10_medium_pruned": [[0, 0, 0, 0, 0, 0, 0, 0, 0, 0], [0.009024134312696747, 0.007555089192025183, 0.020776495278069254, 0.028541448058761805, 0.016159496327387196, 0.02371458551941238, 0, 0, 0, 0], [0.010912906610703042, 0.012381951731374605, -1e-05, 0.024344176285414482, 0.03189926547743967, -2e-05, 0.016789087093389297, 0, 0, 0], [0.0453305351521511, 0.046379853095487936, -1e-05, -1e-05, -1e-05, -2e-05, 0.010073452256033578, 0.0033578174186778592, 0.0018887722980062958, 0], [0.014690451206715634, 0.05729275970619098, 0.05750262329485834, 0.04281217208814271, -2e-05, -2e-05, -2e-05, -1e-05, -2e-05, 0], [0, 0.025183630640083943, 0.06862539349422875, 0.05246589716684155, 0.015320041972717732, -1e-05, -2e-05, -2e-05, 0.008604407135362015, 0], [0, 0, 0.02854144805876181, -1e-05, 0.022035676810073453, -2e-05, 0.016789087093389297, 0.010073452256033578, 0, 0], [0, 0, 0.03084994753410283, 0.04742917103882476, -1e-05, -1e-05, 0.042812172088142704, 0.02371458551941238, 0, 0], [0, 0, 0.015739769150052464, 0.020566631689401888, 0.022455403987408185, -1e-05, 0.02875131164742917, 0.010073452256033578, 0, 0], [0, 0, 0, 0.007135362014690451, 0.012381951731374605, 0.005666316894018888, -2e-05, 0.0033578174186778592, 0, 0]], "6_hard_pruned": [[0.0202808112324493, -2e-05, 0.0764430577223089, -1e-05, -1e-05, 0.06864274570982841], [0.0265210608424337, -2e-05, -1e-05, -2e-05, 0.0405616224648986, 0.0187207488299532], [0.046801872074883, -1e-05, 0.10296411856474261, 0.10296411856474261, 0.07332293291731669, 0.031201248049922], [-2e-05, -1e-05, 0.08892355694227772, -2e-05, 0, 0], [0.0265210608424337, -1e-05, 0.08892355694227772, 0.0748829953198128, 0, 0], [0.0265210608424337, -2e-05, 0.0390015600624025, 0.046801872074883, -2e-05, 0]], "10_hard_full": [[0, 0, 0, -2e-05, 0.0024637284423761297, 0.007391185327128389, 0, 0, 0, 0], [0, 0, 0.004379961675335341, -1e-05, 0.013139885026006024, -2e-05, 0.011223651793046813, 0.013687380235422942, 0, 0], [0, -2e-05, -2e-05, 0.028469750889679724, 0.07911305776074462, -1e-05, -1e-05, 0.02217355598138517, -2e-05, 0], [0.019709827539009038, 0.009854913769504519, -2e-05, -1e-05, -2e-05, 0.04598959759102109, 0.0292909937038051, 0.01669860388721599, 0, 0], [0.03202846975088969, -1e-05, -1e-05, 0.07172187243361622, 0.09170544757733373, 0.03339720777443198, 0, 0, 0, 0], [0.02217355598138517, -1e-05, -1e-05, 0.05091705447577335, -2e-05, 0, 0, 0, 0, 0], [0.04927456884752259, 0.0339447029838489, -1e-05, 0.023542294004927463, -2e-05, 0, 0, 0, 0, 0], [0.011771147002463732, 0.04160963591568575, -1e-05, 0.05338078291814949, 0.04954831645223106, 0, 0, 0, 0, 0], [0, 0.018614837120175202, -2e-05, 0.03832466465918424, 0.05201204489460718, -2e-05, -2e-05, 0, 0, 0], [0, 0, 0, 0.022447303586093627, -1e-05, 0, 0, 0, 0, 0]], "10_easy_full": [[0, 0, 0, 0.008585994097129058, -1e-05, 0.04292997048564529, -2e-05, 0.0, 0.004292997048564529, 0], [0, 0, 0.004829621679635095, 0.0, -2e-05, -1e-05, -1e-05, -1e-05, 0.04722296753420982, 0.051515964582774354], [0, 0, 0.007244432519452643, -1e-05, -2e-05, -2e-05, -2e-05, -1e-05, 0.021464985242822646, 0.017171988194258116], [0, 0.018245237456399246, 0.032197477864233964, -2e-05, -2e-05, -1e-05, -1e-05, -2e-05, -1e-05, -1e-05], [-2e-05, 0.013952240407834719, 0.02119667292728736, -1e-05, 0.023074859136034343, -2e-05, -2e-05, 0.02200160987389321, 0.034880601019586795, 0.0668097665682855], [-1e-05, 0.013415615776764152, 0.02602629460692246, 0.027367856184598867, 0.06734639119935605, 0.032197477864233964, 0.027367856184598867, 0.018781862087469813, 0.031124228602092834, 0], [-1e-05, -1e-05, 0.02602629460692246, 0, 0.050442715320633214, 0.05527233700026832, 0.02361148376710491, 0.022538234504963773, 0, 0], [-2e-05, -2e-05, 0.02790448081566944, 0, 0, 0.03300241481083982, -1e-05, 0.020123423665146224, 0, 0], [0, 0, 0, 0, 0, 0.03058760397102227, -1e-05, 0.029246042393345852, 0, 0], [0, 0, 0, 0, 0, -2e-05, -2e-05, -2e-05, 0, 0]], "6_easy_pruned": [[0.0, -1e-05, -2e-05, -2e-05, 0.029702970297029712, 0.059405940594059424], [0.0, -2e-05, -1e-05, -1e-05, 0.11881188118811885, 0.17821782178217827], [-1e-05, -2e-05, -2e-05, -2e-05, -1e-05, 0.11881188118811885], [-2e-05, 0.04290429042904292, -1e-05, -1e-05, -2e-05, -1e-05], [-1e-05, 0.07260726072607264, -2e-05, -2e-05, 0.059405940594059424, 0.08910891089108913], [0.013201320132013205, 0.03960396039603961, 0.06930693069306931, 0.03960396039603961, 0.02640264026402641, 0.04290429042904292]], "10_hard_pruned": [[0, 0, 0.010129431626336524, -2e-05, 0.002532357906584131, 0.007597073719752393, 0.009566685424873385, 0, 0, 0], [0, 0, 0.004501969611705122, -1e-05, 0.009003939223410244, -2e-05, 0.011536297129994374, 0.014068655036578505, 0, 0], [0, -2e-05, -2e-05, 0.055149127743387746, -1e-05, -1e-05, -1e-05, 0.053179516038266754, -2e-05, 0], [0.015194147439504787, 0.010129431626336524, -2e-05, -1e-05, -2e-05, 0.06049521665728759, 0.030106921778278003, 0.017163759144625777, 0, 0], [0.02532357906584131, -1e-05, -1e-05, 0.07371975239167138, 0.07962858750703435, 0.034327518289251555, 0.06443444006752957, 0, 0, 0], [0.012661789532920655, -1e-05, -1e-05, 0.05233539673607204, -2e-05, 0, 0, 0, 0, 0], [-2e-05, 0.034890264490714695, -1e-05, 0.02419808666291503, -2e-05, 0, 0, 0, 0, 0], [0.004501969611705122, 0.04276871131119866, -1e-05, 0.05486775464265618, 0.0509285312324142, 0, 0, 0, 0, 0], [0, 0.01913337084974677, -2e-05, 0.039392234102419814, 0.053460889138998324, -2e-05, -2e-05, 0, 0, 0], [0, 0, 0, 0.023072594259988748, -1e-05, 0, 0, 0, 0, 0]], "6_easy_full": [[0.0, -1e-05, 0.12195121951219513, -2e-05, 0.012195121951219513, 0.024390243902439025], [0.0, -2e-05, -1e-05, -1e-05, 0.10975609756097561, 0.13414634146341464], [-1e-05, -2e-05, -2e-05, -2e-05, -1e-05, 0.06402439024390244], [-2e-05, 0.039634146341463415, -1e-05, -1e-05, -2e-05, 0.14634146341463417], [-1e-05, 0.06707317073170732, -2e-05, -2e-05, 0.054878048780487805, 0.051829268292682924], [0.012195121951219513, 0.036585365853658534, 0.06402439024390244, 0.036585365853658534, 0.024390243902439025, 0]],