{"10_easy_pruned": [[0, 0, 0, 0.0, -1e-05, -2e-05, -2e-05, 0.0, 0.0, 0], [0, 0, 0.0, 0.0, -2e-05, -1e-05, -1e-05, -1e-05, 0.22084507042253523, 0.17943661971830988], [0, 0, 0.0, -1e-05, -2e-05, -2e-05, -2e-05, -1e-05, 0.0, 0.14887323943661973], [0, 0.0, 0.03450704225352113, -2e-05, -2e-05, -1e-05, -1e-05, -2e-05, -1e-05, -1e-05], [-2e-05, 0.0, 0.0, -1e-05, 0.0, -2e-05, -2e-05, 0.0, 0.0, -1e-05], [-1e-05, 0.0, 0.0, 0.0, 0.06901408450704226, 0.0, 0.0, 0.0, 0.04140845070422535, 0.08507042253521127], [-1e-05, -1e-05, 0.03450704225352113, 0, 0.020704225352112676, 0.05521126760563381, 0.0, 0.027605633802816904, 0.0, 0], [-2e-05, -2e-05, 0.027605633802816904, 0, 0, 0.0, -1e-05, 0.0, 0, 0], [0, 0, 0, 0, 0, 0.027605633802816904, -1e-05, 0.027605633802816904, 0, 0], [0, 0, 0, 0, 0, -2e-05, -2e-05, -2e-05, 0, 0]], "10_medium_pruned": [[0, 0, 0, 0, 0, 0, 0, 0, 0, 0], [0.0, 0.0, 0.04187139500106816, 0.0, 0.0, 0.0, 0, 0, 0, 0], [0.0, 0.0, -1e-05, 0.033497116000854525, 0.0, -2e-05, 0.0, 0, 0, 0], [0.04396496475112156, 0.08374279000213632, -1e-05, -1e-05, -1e-05, -2e-05, 0.0, 0.0, 0.0, 0], [0.0, 0.10467848750267039, 0.09032258064516131, 0.07536851100192268, -2e-05, -2e-05, -2e-05, -1e-05, -2e-05, 0], [0, 0.0, 0.19252296517838074, 0.06699423200170905, 0.0, -1e-05, -2e-05, -2e-05, 0.0, 0], [0, 0, 0.012561418500320446, -1e-05, 0.0, -2e-05, 0.0, 0.0, 0, 0], [0, 0, 0.025122837000640892, 0.12681051057466355, -1e-05, -1e-05, 0.0774193548387097, 0.025122837000640892, 0, 0], [0, 0, 0.0, 0.0, 0.0, -1e-05, 0.0, 0.0, 0, 0], [0, 0, 0, 0.0, 0.0, 0.0, -2e-05, 0.0, 0, 0]], "6_hard_pruned": [[0.0, -2e-05, 0.12934903120215405, -1e-05, -1e-05, 0.04751597064568924], [0.015838656881896413, -2e-05, -1e-05, -2e-05, 0.04276437358112032, 0.0], [0.05131724829734438, -1e-05, 0.16535557784699859, 0.17406683913204157, 0.02565862414867219, 0.0], [-2e-05, -1e-05, 0.17406683913204157, -2e-05, 0, 0], [0.01979832110237052, -1e-05, 0.09503194129137849, 0.03943825563592207, 0, 0], [0.01187899266142231, -2e-05, 0.0, 0.007919328440948207, -2e-05, 0]], "10_hard_full": [[0, 0, 0, -2e-05, 0.0, 0.0, 0, 0, 0, 0], [0, 0, 0.0, -1e-05, 0.0, -2e-05, 0.0, 0.0, 0, 0], [0, -2e-05, -2e-05, 0.04966956521739129, 0.1431652173913043, -1e-05, -1e-05, 0.010226086956521737, -2e-05, 0], [0.017043478260869563, 0.0272695652173913, -2e-05, -1e-05, -2e-05, 0.020452173913043475, 0.0, 0.0, 0, 0], [0.04966956521739129, -1e-05, -1e-05, 0.10782608695652172, 0.0754782608695652, 0.010226086956521737, 0, 0, 0, 0], [0.0272695652173913, -1e-05, -1e-05, 0.07095652173913042, -2e-05, 0, 0, 0, 0, 0], [0.09544347826086955, 0.10782608695652172, -1e-05, 0.030678260869565207, -2e-05, 0, 0, 0, 0, 0], [0.0, 0.04090434782608695, -1e-05, 0.04772173913043477, 0.01363478260869565, 0, 0, 0, 0, 0], [0, 0.010226086956521737, -2e-05, 0.017043478260869563, 0.0272695652173913, -2e-05, -2e-05, 0, 0, 0], [0, 0, 0, 0.0, -1e-05, 0, 0, 0, 0, 0]], "10_easy_full": [[0, 0, 0, 0.0, -1e-05, 0.2517482517482517, -2e-05, 0.0, 0.0, 0], [0, 0, 0.0, 0.0, -2e-05, -1e-05, -1e-05, -1e-05, 0.22377622377622375, 0.11188811188811187], [0, 0, 0.0, -1e-05, -2e-05, -2e-05, -2e-05, -1e-05, 0.0, 0.0], [0, 0.0, 0.03496503496503497, -2e-05, -2e-05, -1e-05, -1e-05, -2e-05, -1e-05, -1e-05], [-2e-05, 0.0, 0.0, -1e-05, 0.0, -2e-05, -2e-05, 0.0, 0.0, 0.13986013986013987], [-1e-05, 0.0, 0.0, 0.0, 0.06993006993006994, 0.0, 0.0, 0.0, 0.0, 0], [-1e-05, -1e-05, 0.03496503496503497, 0, 0.020979020979020976, 0.05594405594405594, 0.0, 0.0, 0, 0], [-2e-05, -2e-05, 0.02797202797202797, 0, 0, 0.0, -1e-05, 0.0, 0, 0], [0, 0, 0, 0, 0, 0.0, -1e-05, 0.02797202797202797, 0, 0], [0, 0, 0, 0, 0, -2e-05, -2e-05, -2e-05, 0, 0]], "6_easy_pruned": [[0.0, -1e-05, -2e-05, -2e-05, 0.0, 0.02053294396787735], [0.0, -2e-05, -1e-05, -1e-05, 0.3285271034860376, 0.353622923891221], [-1e-05, -2e-05, -2e-05, -2e-05, -1e-05, 0.1946523088154773], [-2e-05, 0.0, -1e-05, -1e-05, -2e-05, -1e-05], [-1e-05, 0.0, -2e-05, -2e-05, 0.0, 0.0821317758715094], [0.0, 0.0, 0.0, 0.0, 0.0, 0.02053294396787735]], "10_hard_pruned": [[0, 0, 0.009977431999049768, -2e-05, 0.0, 0.0, 0.0, 0, 0, 0], [0, 0, 0.0, -1e-05, 0.0, -2e-05, 0.0, 0.0, 0, 0], [0, -2e-05, -2e-05, 0.15714455398503382, -1e-05, -1e-05, -1e-05, 0.039909727996199074, -2e-05, 0], [0.01662905333174961, 0.02660648533079938, -2e-05, -1e-05, -2e-05, 0.08416337196477355, 0.0, 0.0, 0, 0], [0.04846181256681316, -1e-05, -1e-05, 0.11572463645156364, 0.08416337196477355, 0.01330324266539969, 0.019954863998099537, 0, 0, 0], [0.02660648533079938, -1e-05, -1e-05, 0.06923116080973309, -2e-05, 0, 0, 0, 0, 0], [-2e-05, 0.10520421495596695, -1e-05, 0.029932295997149302, -2e-05, 0, 0, 0, 0, 0], [0.0, 0.039909727996199074, -1e-05, 0.04656134932889892, 0.01330324266539969, 0, 0, 0, 0, 0], [0, 0.009977431999049768, -2e-05, 0.01662905333174961, 0.02660648533079938, -2e-05, -2e-05, 0, 0, 0], [0, 0, 0, 0.0, -1e-05, 0, 0, 0, 0, 0]], "6_easy_full": [[0.0, -1e-05, 0.34782608695652173, -2e-05, 0.0, 0.0], [0.0, -2e-05, -1e-05, -1e-05, 0.30434782608695654, 0.17391304347826086], [-1e-05, -2e-05, -2e-05, -2e-05, -1e-05, 0.0], [-2e-05, 0.0, -1e-05, -1e-05, -2e-05, 0.17391304347826086], [-1e-05, 0.0, -2e-05, -2e-05, 0.0, 0.0], [0.0, 0.0, 0.0, 0.0, 0.0, 0]], "10_medium_full": [[0, 0, 0, 0, 0, 0, 0, 0, 0, 0], [0, 0.0, 0.0, 0.0, 0.0, 0.0, 0, 0, 0, 0], [0, 0.0, -1e-05, 0.03286017659550687, 0.0, -2e-05, 0.0, 0, 0, 0], [0, 0.03286017659550687, 0.08438582765172682, -1e-05, -1e-05, 0.08438582765172682, 0.04381356879400916, 0.016430088297753435, 0.0, 0], [0, 0.08215044148876718, 0.0, 0.07667374538951603, -2e-05, -2e-05, -2e-05, -1e-05, -2e-05, 0], [0, 0.0, 0.13691740248127862, 0.07667374538951603, 0.0, -1e-05, -2e-05, -2e-05, 0.0, 0], [0, 0, 0.0, -1e-05, 0.0, -2e-05, 0.0, 0.0, 0, 0], [0, 0, 0.03286017659550687, 0.16586565329160613, -1e-05, -1e-05, 0.10126299318207219, 0.03286017659550687, 0, 0], [0, 0, 0.0, 0.0, 0.0, -1e-05, 0.0, 0.0, 0, 0], [0, 0, 0, 0.0, 0.0, 0.0, -2e-05, 0.0, 0, 0]], "6_hard_full": [[0.0, -2e-05, 0.033704943044887914, 0.10619484369852802, -1e-05, 0.007802070149279609], [0.015604140298559218, -2e-05, -1e-05, -2e-05, 0.025278707283665935, 0.0], [0.05055741456733187, -1e-05, 0.14480642197062957, 0.14699100161242784, 0.016852471522443957, 0], [0.10922898208991452, -1e-05, 0.1714895018811658, -2e-05, 0, 0], [0.019505175373199023, -1e-05, 0.09362484179135531, 0.038854309343412455, 0, 0], [0.011703105223919414, -2e-05, 0.0, 0.007802070149279609, -2e-05, 0]]}