{"10_easy_pruned": [[0, 0, 0, 0.0, -1e-05, -2e-05, -2e-05, 0.006700167504187603, 0.006700167504187603, 0], [0, 0, 0.0, 0.0, -2e-05, -1e-05, -1e-05, -1e-05, 0.1809045226130653, 0.23283082077051923], [0, 0, 0.0, -1e-05, -2e-05, -2e-05, -2e-05, -1e-05, 0.013400335008375206, 0.06783919597989949], [0, 0.006700167504187603, 0.029313232830820764, -2e-05, -2e-05, -1e-05, -1e-05, -2e-05, -1e-05, -1e-05], [-2e-05, 0.0, 0.0, -1e-05, 0.03601340033500837, -2e-05, -2e-05, 0.006700167504187603, 0.006700167504187603, -1e-05], [-1e-05, 0.0, 0.0, 0.0, 0.07453936348408709, 0.02010050251256281, 0.006700167504187603, 0.0, 0.022613065326633163, 0.06783919597989949], [-1e-05, -1e-05, 0.022613065326633163, 0, 0.04271356783919597, 0.045226130653266326, 0.0, 0.029313232830820764, 0.0, 0], [-2e-05, -2e-05, 0.029313232830820764, 0, 0, 0.0, -1e-05, 0.0, 0, 0], [0, 0, 0, 0, 0, 0.022613065326633163, -1e-05, 0.022613065326633163, 0, 0], [0, 0, 0, 0, 0, -2e-05, -2e-05, -2e-05, 0, 0]], "10_medium_pruned": [[0, 0, 0, 0, 0, 0, 0, 0, 0, 0], [0.0, 0.0, 0.027286508337544216, 0.017685699848408287, 0.0, 0.013643254168772108, 0, 0, 0, 0], [0.0, 0.0, -1e-05, 0.013643254168772108, 0.031328954017180395, -2e-05, 0.0202122283981809, 0, 0, 0], [0.12278928751894898, 0.10914603335017686, -1e-05, -1e-05, -1e-05, -2e-05, 0.01212733703890854, 0.0, 0.0, 0], [0.0, 0.12683173319858515, 0.058615462354724604, 0.0449722081859525, -2e-05, -2e-05, -2e-05, -1e-05, -2e-05, 0], [0, 0.0, 0.1500757958564932, 0.039413845376452754, 0.0, -1e-05, -2e-05, -2e-05, 0.0, 0], [0, 0, 0.021728145528044467, -1e-05, 0.0, -2e-05, 0.01616978271854472, 0.00404244567963618, 0, 0], [0, 0, 0.027286508337544216, 0.05457301667508843, -1e-05, -1e-05, 0.05305709954522486, 0.027286508337544216, 0, 0], [0, 0, 0.0, 0.0, 0.0, -1e-05, 0.00808489135927236, 0.0, 0, 0], [0, 0, 0, 0.0, 0.0, 0.0, -2e-05, 0.0, 0, 0]], "6_hard_pruned": [[0.02012650948821161, -2e-05, 0.14433582518688898, -1e-05, -1e-05, 0.12420931569867738], [0.024726854514088552, -2e-05, -1e-05, -2e-05, 0.031052328924669345, 0.00460034502587694], [0.04485336400230017, -1e-05, 0.09775733179988497, 0.09775733179988497, 0.06037952846463484, 0.0], [-2e-05, -1e-05, 0.0822311673375503, -2e-05, 0, 0], [0.024726854514088552, -1e-05, 0.0822311673375503, 0.06670500287521562, 0, 0], [0.024726854514088552, -2e-05, 0.024726854514088552, 0.04485336400230017, -2e-05, 0]], "10_hard_full": [[0, 0, 0, -2e-05, 0.0, 0.0, 0, 0, 0, 0], [0, 0, 0.0, -1e-05, 0.004807692307692307, -2e-05, 0.0, 0.0, 0, 0], [0, -2e-05, -2e-05, 0.037259615384615384, 0.17187499999999997, -1e-05, -1e-05, 0.016225961538461536, -2e-05, 0], [0.016225961538461536, 0.016225961538461536, -2e-05, -1e-05, -2e-05, 0.016225961538461536, 0.0, 0.004807692307692307, 0, 0], [0.03245192307692307, -1e-05, -1e-05, 0.08593749999999999, 0.0907451923076923, 0.016225961538461536, 0, 0, 0, 0], [0.016225961538461536, -1e-05, -1e-05, 0.037259615384615384, -2e-05, 0, 0, 0, 0, 0], [0.1298076923076923, 0.048677884615384616, -1e-05, 0.016225961538461536, -2e-05, 0, 0, 0, 0, 0], [0.0, 0.03245192307692307, -1e-05, 0.04206730769230769, 0.037259615384615384, 0, 0, 0, 0, 0], [0, 0.021033653846153844, -2e-05, 0.04206730769230769, 0.06790865384615384, -2e-05, -2e-05, 0, 0, 0], [0, 0, 0, 0.0, -1e-05, 0, 0, 0, 0, 0]], "10_easy_full": [[0, 0, 0, 0.0, -1e-05, 0.16155572176514585, -2e-05, 0.0, 0.0, 0], [0, 0, 0.0, 0.0, -2e-05, -1e-05, -1e-05, -1e-05, 0.16155572176514585, 0.1675392670157068], [0, 0, 0.0, -1e-05, -2e-05, -2e-05, -2e-05, -1e-05, 0.011967090501121914, 0.0], [0, 0.005983545250560957, 0.02617801047120419, -2e-05, -2e-05, -1e-05, -1e-05, -2e-05, -1e-05, -1e-05], [-2e-05, 0.0, 0.0, -1e-05, 0.03216155572176514, -2e-05, -2e-05, 0.011967090501121914, 0.011967090501121914, 0.1675392670157068], [-1e-05, 0.0, 0.0, 0.0, 0.06656694091249064, 0.01795063575168287, 0.005983545250560957, 0.0, 0.0, 0], [-1e-05, -1e-05, 0.02019446522064323, 0, 0.0381451009723261, 0.04038893044128646, 0.0, 0.005983545250560957, 0, 0], [-2e-05, -2e-05, 0.02617801047120419, 0, 0, 0.0, -1e-05, 0.0, 0, 0], [0, 0, 0, 0, 0, 0.0, -1e-05, 0.02019446522064323, 0, 0], [0, 0, 0, 0, 0, -2e-05, -2e-05, -2e-05, 0, 0]], "6_easy_pruned": [[0.0, -1e-05, -2e-05, -2e-05, 0.027863777089783277, 0.055727554179566555], [0.0, -2e-05, -1e-05, -1e-05, 0.22291021671826622, 0.27863777089783276], [-1e-05, -2e-05, -2e-05, -2e-05, -1e-05, 0.11145510835913311], [-2e-05, 0.03611971104231166, -1e-05, -1e-05, -2e-05, -1e-05], [-1e-05, 0.06398348813209494, -2e-05, -2e-05, 0.055727554179566555, 0.08359133126934984], [0.0, 0.008255933952528379, 0.027863777089783277, 0.0, 0.0, 0.027863777089783277]], "10_hard_pruned": [[0, 0, 0.01646341463414634, -2e-05, 0.0, 0.0, 0.0, 0, 0, 0], [0, 0, 0.0, -1e-05, 0.0, -2e-05, 0.0, 0.0, 0, 0], [0, -2e-05, -2e-05, 0.14817073170731704, -1e-05, -1e-05, -1e-05, 0.1317073170731707, -2e-05, 0], [0.01646341463414634, 0.01646341463414634, -2e-05, -1e-05, -2e-05, 0.04939024390243901, 0.0, 0.004878048780487803, 0, 0], [0.03292682926829268, -1e-05, -1e-05, 0.08719512195121948, 0.07073170731707315, 0.01646341463414634, 0.04268292682926828, 0, 0, 0], [0.01646341463414634, -1e-05, -1e-05, 0.03780487804878048, -2e-05, 0, 0, 0, 0, 0], [-2e-05, 0.04939024390243901, -1e-05, 0.01646341463414634, -2e-05, 0, 0, 0, 0, 0], [0.0, 0.03292682926829268, -1e-05, 0.04268292682926828, 0.03780487804878048, 0, 0, 0, 0, 0], [0, 0.02134146341463414, -2e-05, 0.04268292682926828, 0.06890243902439022, -2e-05, -2e-05, 0, 0, 0], [0, 0, 0, 0.0, -1e-05, 0, 0, 0, 0, 0]], "6_easy_full": [[0.0, -1e-05, 0.19858156028368792, -2e-05, 0.0070921985815602835, 0.0070921985815602835], [0.0, -2e-05, -1e-05, -1e-05, 0.19148936170212766, 0.19148936170212766], [-1e-05, -2e-05, -2e-05, -2e-05, -1e-05, 0.023936170212765957], [-2e-05, 0.03102836879432624, -1e-05, -1e-05, -2e-05, 0.19148936170212766], [-1e-05, 0.054964539007092195, -2e-05, -2e-05, 0.047872340425531915, 0.023936170212765957], [0.0, 0.0070921985815602835, 0.023936170212765957, 0.0, 0.0, 0]], "10_medium_full": [[0, 0, 0, 0, 0, 0, 0, 0, 0, 0], [0, 0.0, 0.0, 0.005416384563303994, 0.0, 0.005416384563303994, 0, 0, 0, 0], [0, 0.0, -1e-05, 0.01828029790115098, 0.010832769126607989, -2e-05, 0.010832769126607989, 0, 0, 0], [0, 0.03656059580230196, 0.05484089370345294, -1e-05, -1e-05, 0.07650643195666892, 0.052809749492213946, 0.01828029790115098, 0.0, 0], [0, 0.16993906567366282, 0.023696682464454978, 0.06025727826675694, -2e-05, -2e-05, -2e-05, -1e-05, -2e-05, 0], [0, 0.0, 0.16452268111035884, 0.03656059580230196, 0.0, -1e-05, -2e-05, -2e-05, 0.0, 0], [0, 0, 0.0, -1e-05, 0.0, -2e-05, 0.021665538253215978, 0.005416384563303994, 0, 0], [0, 0, 0.03656059580230196, 0.07312119160460392, -1e-05, -1e-05, 0.07109004739336493, 0.03656059580230196, 0, 0], [0, 0, 0.0, 0.0, 0.0, -1e-05, 0.010832769126607989, 0.0, 0, 0], [0, 0, 0, 0.0, 0.0, 0.0, -2e-05, 0.0, 0, 0]], "6_hard_full": [[0.019167579408543262, -2e-05, 0.038335158817086525, 0.15224534501642933, -1e-05, 0.01478641840087623], [0.01478641840087623, -2e-05, -1e-05, -2e-05, 0.02957283680175246, 0.004381161007667032], [0.02957283680175246, -1e-05, 0.09309967141292441, 0.10788608981380064, 0.05750273822562979, 0], [0.11829134720700984, -1e-05, 0.07831325301204818, -2e-05, 0, 0], [0.01478641840087623, -1e-05, 0.07831325301204818, 0.06352683461117195, 0, 0], [0.019167579408543262, -2e-05, 0.023548740416210294, 0.04271631982475356, -2e-05, 0]]}