{"10_medium_full.json": [[0.0106951871657754, 0.0106951871657754, 0.0106951871657754, 0.0106951871657754, 0.0106951871657754, 0.0106951871657754, 0.0106951871657754, 0.0106951871657754, 0.0106951871657754, 0.0106951871657754], [0.0106951871657754, 0.0106951871657754, 0.0106951871657754, 0.0106951871657754, 0.0106951871657754, 0.0106951871657754, 0.0106951871657754, 0.0106951871657754, 0.0106951871657754, 0.0106951871657754], [0.0106951871657754, 0.0106951871657754, -1e-05, 0.0106951871657754, 0.0106951871657754, -2e-05, 0.0106951871657754, 0.0106951871657754, 0.0106951871657754, 0.0106951871657754], [0.0106951871657754, 0.0213903743315508, 0.0374331550802139, -1e-05, -1e-05, 0.0106951871657754, 0.0962566844919786, 0.016042780748663103, 0.0106951871657754, 0.0106951871657754], [0.0106951871657754, 0.0053475935828877, 0.016042780748663103, 0.0106951871657754, -2e-05, -2e-05, -2e-05, -1e-05, -2e-05, 0.0106951871657754], [0.0106951871657754, 0.0106951871657754, 0.0053475935828877, 0.0106951871657754, 0.0106951871657754, -1e-05, -2e-05, -2e-05, 0.0106951871657754, 0.0106951871657754], [0.0106951871657754, 0.0106951871657754, 0.0106951871657754, -1e-05, 0.0106951871657754, -2e-05, 0.0106951871657754, 0.0106951871657754, 0.0106951871657754, 0.0106951871657754], [0.0106951871657754, 0.0106951871657754, 0.0106951871657754, 0.0106951871657754, -1e-05, -1e-05, 0.0106951871657754, 0.0106951871657754, 0.0106951871657754, 0.0106951871657754], [0.0106951871657754, 0.0106951871657754, 0.0106951871657754, 0.0106951871657754, 0.0106951871657754, -1e-05, 0.0106951871657754, 0.0106951871657754, 0.0106951871657754, 0.0106951871657754], [0.0106951871657754, 0.0106951871657754, 0.0106951871657754, 0.0106951871657754, 0.0106951871657754, 0.0106951871657754, -2e-05, 0.0106951871657754, 0.0106951871657754, 0.0106951871657754]], "10_hard_pruned.json": [[0.011560693641618497, 0.011560693641618497, 0.011560693641618497, -2e-05, 0.011560693641618497, 0.011560693641618497, 0.011560693641618497, 0.011560693641618497, 0.011560693641618497, 0.011560693641618497], [0.028901734104046242, 0.011560693641618497, 0.011560693641618497, -1e-05, 0.011560693641618497, -2e-05, 0.011560693641618497, 0.011560693641618497, 0.011560693641618497, 0.011560693641618497], [0.011560693641618497, -2e-05, -2e-05, 0.023121387283236993, -1e-05, -1e-05, -1e-05, 0.023121387283236993, -2e-05, 0.011560693641618497], [0.023121387283236993, 0.011560693641618497, -2e-05, -1e-05, -2e-05, 0.011560693641618497, 0.011560693641618497, 0.011560693641618497, 0.011560693641618497, 0.011560693641618497], [0.011560693641618497, -1e-05, -1e-05, 0.017341040462427744, 0.011560693641618497, 0.011560693641618497, 0.011560693641618497, 0.011560693641618497, 0.011560693641618497, 0.011560693641618497], [0.023121387283236993, -1e-05, -1e-05, 0.017341040462427744, -2e-05, 0.011560693641618497, 0.011560693641618497, 0.011560693641618497, 0.011560693641618497, 0.011560693641618497], [-2e-05, 0.023121387283236993, -1e-05, 0.023121387283236993, -2e-05, 0.011560693641618497, 0.011560693641618497, 0.011560693641618497, 0.011560693641618497, 0.011560693641618497], [0.011560693641618497, 0.011560693641618497, -1e-05, 0.011560693641618497, 0.03468208092485549, 0.011560693641618497, 0.011560693641618497, 0.011560693641618497, 0.011560693641618497, 0.011560693641618497], [0.011560693641618497, 0.011560693641618497, -2e-05, 0.023121387283236993, 0.011560693641618497, -2e-05, -2e-05, 0.011560693641618497, 0.011560693641618497, 0.011560693641618497], [0.011560693641618497, 0.011560693641618497, 0.011560693641618497, 0.011560693641618497, -1e-05, 0.011560693641618497, 0.011560693641618497, 0.011560693641618497, 0.011560693641618497, 0.011560693641618497]], "10_hard_full.json": [[0.009345794392523364, 0.009345794392523364, 0.009345794392523364, -2e-05, 0.009345794392523364, 0.009345794392523364, 0.009345794392523364, 0.009345794392523364, 0.009345794392523364, 0.009345794392523364], [0.037383177570093455, 0.009345794392523364, 0.009345794392523364, -1e-05, 0.009345794392523364, -2e-05, 0.009345794392523364, 0.009345794392523364, 0.009345794392523364, 0.009345794392523364], [0.009345794392523364, -2e-05, -2e-05, 0.009345794392523364, 0.009345794392523364, -1e-05, -1e-05, 0.009345794392523364, -2e-05, 0.009345794392523364], [0.009345794392523364, 0.009345794392523364, -2e-05, -1e-05, -2e-05, 0.009345794392523364, 0.009345794392523364, 0.009345794392523364, 0.009345794392523364, 0.009345794392523364], [0.009345794392523364, -1e-05, -1e-05, 0.1308411214953271, 0.009345794392523364, 0.11214953271028037, 0.009345794392523364, 0.009345794392523364, 0.009345794392523364, 0.009345794392523364], [0.009345794392523364, -1e-05, -1e-05, 0.018691588785046728, -2e-05, 0.009345794392523364, 0.009345794392523364, 0.009345794392523364, 0.009345794392523364, 0.009345794392523364], [0.009345794392523364, 0.009345794392523364, -1e-05, 0.009345794392523364, -2e-05, 0.009345794392523364, 0.009345794392523364, 0.009345794392523364, 0.009345794392523364, 0.009345794392523364], [0.009345794392523364, 0.009345794392523364, -1e-05, 0.009345794392523364, 0.009345794392523364, 0.009345794392523364, 0.009345794392523364, 0.009345794392523364, 0.009345794392523364, 0.009345794392523364], [0.009345794392523364, 0.009345794392523364, -2e-05, 0.018691588785046728, 0.009345794392523364, -2e-05, -2e-05, 0.009345794392523364, 0.018691588785046728, 0.009345794392523364], [0.009345794392523364, 0.009345794392523364, 0.009345794392523364, 0.009345794392523364, -1e-05, 0.009345794392523364, 0.009345794392523364, 0.009345794392523364, 0.009345794392523364, 0.009345794392523364]], "10_medium_pruned.json": [[0.012658227848101266, 0.012658227848101266, 0.012658227848101266, 0.012658227848101266, 0.012658227848101266, 0.012658227848101266, 0.012658227848101266, 0.012658227848101266, 0.012658227848101266, 0.012658227848101266], [0.012658227848101266, 0.012658227848101266, 0.012658227848101266, 0.012658227848101266, 0.012658227848101266, 0.012658227848101266, 0.012658227848101266, 0.012658227848101266, 0.012658227848101266, 0.012658227848101266], [0.012658227848101266, 0.012658227848101266, -1e-05, 0.012658227848101266, 0.012658227848101266, -2e-05, 0.012658227848101266, 0.012658227848101266, 0.012658227848101266, 0.012658227848101266], [0.012658227848101266, 0.012658227848101266, -1e-05, -1e-05, -1e-05, -2e-05, 0.012658227848101266, 0.012658227848101266, 0.012658227848101266, 0.012658227848101266], [0.012658227848101266, 0.006329113924050633, 0.012658227848101266, 0.012658227848101266, -2e-05, -2e-05, -2e-05, -1e-05, -2e-05, 0.012658227848101266], [0.012658227848101266, 0.012658227848101266, 0.006329113924050633, 0.012658227848101266, 0.012658227848101266, -1e-05, -2e-05, -2e-05, 0.012658227848101266, 0.012658227848101266], [0.012658227848101266, 0.012658227848101266, 0.012658227848101266, -1e-05, 0.012658227848101266, -2e-05, 0.012658227848101266, 0.012658227848101266, 0.012658227848101266, 0.012658227848101266], [0.012658227848101266, 0.012658227848101266, 0.012658227848101266, 0.012658227848101266, -1e-05, -1e-05, 0.012658227848101266, 0.012658227848101266, 0.012658227848101266, 0.012658227848101266], [0.012658227848101266, 0.012658227848101266, 0.012658227848101266, 0.012658227848101266, 0.012658227848101266, -1e-05, 0.012658227848101266, 0.012658227848101266, 0.012658227848101266, 0.012658227848101266], [0.012658227848101266, 0.012658227848101266, 0.012658227848101266, 0.012658227848101266, 0.012658227848101266, 0.012658227848101266, -2e-05, 0.012658227848101266, 0.012658227848101266, 0.012658227848101266]],