{"10_medium_full.json": [[0.004166666666666667, 0.004166666666666667, 0.008333333333333333, 0.008333333333333333, 0.0125, 0.0125, 0.0125, 0.0125, 0.0125, 0.0125], [0.0125, 0.0125, 0.0125, 0.0125, 0.0125, 0.0125, 0.0125, 0.0125, 0.0125, 0.0125], [0.0125, 0.0125, -1e-05, 0.0125, 0.0125, -2e-05, 0.0125, 0.0125, 0.0125, 0.0125], [0.0125, 0.0125, 0.0125, -1e-05, -1e-05, 0.0125, 0.0125, 0.0125, 0.0125, 0.0125], [0.0125, 0.0125, 0.0125, 0.0125, -2e-05, -2e-05, -2e-05, -1e-05, -2e-05, 0.0125], [0.0125, 0.0125, 0.0125, 0.0125, 0.0125, -1e-05, -2e-05, -2e-05, 0.0125, 0.0125], [0.0125, 0.0125, 0.0125, -1e-05, 0.0125, -2e-05, 0.0125, 0.0125, 0.0125, 0.0125], [0.0125, 0.0125, 0.0125, 0.0125, -1e-05, -1e-05, 0.0125, 0.0125, 0.0125, 0.0125], [0.0125, 0.0125, 0.0125, 0.0125, 0.0125, -1e-05, 0.0125, 0.0125, 0.0125, 0.0125], [0.0125, 0.0125, 0.0125, 0.0125, 0.0125, 0.0125, -2e-05, 0.0125, 0.0125, 0.0125]], "10_hard_pruned.json": [[0.0045662100456621, 0.0045662100456621, 0.0091324200913242, -2e-05, 0.0091324200913242, 0.0136986301369863, 0.0136986301369863, 0.0136986301369863, 0.0136986301369863, 0.0136986301369863], [0.0136986301369863, 0.0136986301369863, 0.0136986301369863, -1e-05, 0.0136986301369863, -2e-05, 0.0136986301369863, 0.0136986301369863, 0.0136986301369863, 0.0136986301369863], [0.0136986301369863, -2e-05, -2e-05, 0.0136986301369863, -1e-05, -1e-05, -1e-05, 0.0136986301369863, -2e-05, 0.0136986301369863], [0.0136986301369863, 0.0136986301369863, -2e-05, -1e-05, -2e-05, 0.0136986301369863, 0.0136986301369863, 0.0136986301369863, 0.0136986301369863, 0.0136986301369863], [0.0136986301369863, -1e-05, -1e-05, 0.0136986301369863, 0.0136986301369863, 0.0136986301369863, 0.0136986301369863, 0.0136986301369863, 0.0136986301369863, 0.0136986301369863], [0.0136986301369863, -1e-05, -1e-05, 0.0136986301369863, -2e-05, 0.0136986301369863, 0.0136986301369863, 0.0136986301369863, 0.0136986301369863, 0.0136986301369863], [-2e-05, 0.0136986301369863, -1e-05, 0.0136986301369863, -2e-05, 0.0136986301369863, 0.0136986301369863, 0.0136986301369863, 0.0136986301369863, 0.0136986301369863], [0.0136986301369863, 0.0136986301369863, -1e-05, 0.0136986301369863, 0.0136986301369863, 0.0136986301369863, 0.0136986301369863, 0.0136986301369863, 0.0136986301369863, 0.0136986301369863], [0.0136986301369863, 0.0136986301369863, -2e-05, 0.0136986301369863, 0.0136986301369863, -2e-05, -2e-05, 0.0136986301369863, 0.0136986301369863, 0.0136986301369863], [0.0136986301369863, 0.0136986301369863, 0.0136986301369863, 0.0136986301369863, -1e-05, 0.0136986301369863, 0.0136986301369863, 0.0136986301369863, 0.0136986301369863, 0.0136986301369863]], "10_hard_full.json": [[0.0033783783783783786, 0.0033783783783783786, 0.006756756756756757, -2e-05, 0.006756756756756757, 0.010135135135135136, 0.010135135135135136, 0.013513513513513514, 0.013513513513513514, 0.013513513513513514], [0.013513513513513514, 0.013513513513513514, 0.013513513513513514, -1e-05, 0.013513513513513514, -2e-05, 0.013513513513513514, 0.013513513513513514, 0.013513513513513514, 0.013513513513513514], [0.013513513513513514, -2e-05, -2e-05, 0.013513513513513514, 0.013513513513513514, -1e-05, -1e-05, 0.013513513513513514, -2e-05, 0.013513513513513514], [0.013513513513513514, 0.013513513513513514, -2e-05, -1e-05, -2e-05, 0.013513513513513514, 0.013513513513513514, 0.013513513513513514, 0.013513513513513514, 0.013513513513513514], [0.013513513513513514, -1e-05, -1e-05, 0.013513513513513514, 0.013513513513513514, 0.013513513513513514, 0.013513513513513514, 0.013513513513513514, 0.013513513513513514, 0.013513513513513514], [0.013513513513513514, -1e-05, -1e-05, 0.013513513513513514, -2e-05, 0.013513513513513514, 0.013513513513513514, 0.013513513513513514, 0.013513513513513514, 0.013513513513513514], [0.013513513513513514, 0.013513513513513514, -1e-05, 0.013513513513513514, -2e-05, 0.013513513513513514, 0.013513513513513514, 0.013513513513513514, 0.013513513513513514, 0.013513513513513514], [0.013513513513513514, 0.013513513513513514, -1e-05, 0.013513513513513514, 0.013513513513513514, 0.013513513513513514, 0.013513513513513514, 0.013513513513513514, 0.013513513513513514, 0.013513513513513514], [0.013513513513513514, 0.013513513513513514, -2e-05, 0.013513513513513514, 0.013513513513513514, -2e-05, -2e-05, 0.013513513513513514, 0.013513513513513514, 0.013513513513513514], [0.013513513513513514, 0.013513513513513514, 0.013513513513513514, 0.013513513513513514, -1e-05, 0.013513513513513514, 0.013513513513513514, 0.013513513513513514, 0.013513513513513514, 0.013513513513513514]], "10_medium_pruned.json": [[0.006329113924050633, 0.006329113924050633, 0.012658227848101266, 0.012658227848101266, 0.012658227848101266, 0.012658227848101266, 0.012658227848101266, 0.012658227848101266, 0.012658227848101266, 0.012658227848101266], [0.012658227848101266, 0.012658227848101266, 0.012658227848101266, 0.012658227848101266, 0.012658227848101266, 0.012658227848101266, 0.012658227848101266, 0.012658227848101266, 0.012658227848101266, 0.012658227848101266], [0.012658227848101266, 0.012658227848101266, -1e-05, 0.012658227848101266, 0.012658227848101266, -2e-05, 0.012658227848101266, 0.012658227848101266, 0.012658227848101266, 0.012658227848101266], [0.012658227848101266, 0.012658227848101266, -1e-05, -1e-05, -1e-05, -2e-05, 0.012658227848101266, 0.012658227848101266, 0.012658227848101266, 0.012658227848101266], [0.012658227848101266, 0.012658227848101266, 0.012658227848101266, 0.012658227848101266, -2e-05, -2e-05, -2e-05, -1e-05, -2e-05, 0.012658227848101266], [0.012658227848101266, 0.012658227848101266, 0.012658227848101266, 0.012658227848101266, 0.012658227848101266, -1e-05, -2e-05, -2e-05, 0.012658227848101266, 0.012658227848101266], [0.012658227848101266, 0.012658227848101266, 0.012658227848101266, -1e-05, 0.012658227848101266, -2e-05, 0.012658227848101266, 0.012658227848101266, 0.012658227848101266, 0.012658227848101266], [0.012658227848101266, 0.012658227848101266, 0.012658227848101266, 0.012658227848101266, -1e-05, -1e-05, 0.012658227848101266, 0.012658227848101266, 0.012658227848101266, 0.012658227848101266], [0.012658227848101266, 0.012658227848101266, 0.012658227848101266, 0.012658227848101266, 0.012658227848101266, -1e-05, 0.012658227848101266, 0.012658227848101266, 0.012658227848101266, 0.012658227848101266], [0.012658227848101266, 0.012658227848101266, 0.012658227848101266, 0.012658227848101266, 0.012658227848101266, 0.012658227848101266, -2e-05, 0.012658227848101266, 0.012658227848101266, 0.012658227848101266]], "6_hard_pruned.json": [[0.012048192771084338, -2e-05, 0.012048192771084338, -1e-05, -1e-05, 0.03614457831325301], [0.024096385542168676, -2e-05, -1e-05, -2e-05, 0.03614457831325301, 0.04819277108433735], [0.04819277108433735, -1e-05, 0.04819277108433735, 0.060240963855421686, 0.04819277108433735, 0.04819277108433735], [-2e-05, -1e-05, 0.04819277108433735, -2e-05, 0.04819277108433735, 0.04819277108433735], [0.04819277108433735, -1e-05, 0.04819277108433735, 0.04819277108433735, 0.04819277108433735, 0.04819277108433735], [0.04819277108433735, -2e-05, 0.04819277108433735, 0.04819277108433735, -2e-05, 0.04819277108433735]], "6_hard_full.json": [[0.009259259259259259, -2e-05, 0.009259259259259259, 0.018518518518518517, -1e-05, 0.037037037037037035], [0.027777777777777776, -2e-05, -1e-05, -2e-05, 0.037037037037037035, 0.046296296296296294], [0.046296296296296294, -1e-05, 0.046296296296296294, 0.05555555555555555, 0.046296296296296294, 0.046296296296296294], [0.018518518518518517, -1e-05, 0.046296296296296294, -2e-05, 0.046296296296296294, 0.046296296296296294], [0.046296296296296294, -1e-05, 0.046296296296296294, 0.046296296296296294, 0.046296296296296294, 0.046296296296296294], [0.046296296296296294, -2e-05, 0.046296296296296294, 0.046296296296296294, -2e-05, 0.046296296296296294]],