{"10_medium_full.json": [[0.005714285714285714, 0.005714285714285714, 0.011428571428571429, 0.011428571428571429, 0.011428571428571429, 0.005714285714285714, 0.011428571428571429, 0.011428571428571429, 0.005714285714285714, 0.005714285714285714], [0.005714285714285714, 0.005714285714285714, 0.02857142857142857, 0.011428571428571429, 0.005714285714285714, 0.011428571428571429, 0.005714285714285714, 0.011428571428571429, 0.005714285714285714, 0.005714285714285714], [0.011428571428571429, 0.011428571428571429, -1e-05, 0.011428571428571429, 0.011428571428571429, -2e-05, 0.0, 0.011428571428571429, 0.0, 0.005714285714285714], [0.011428571428571429, 0.03428571428571429, 0.06285714285714286, -1e-05, -1e-05, 0.011428571428571429, 0.011428571428571429, 0.011428571428571429, 0.011428571428571429, 0.005714285714285714], [0.011428571428571429, 0.005714285714285714, 0.017142857142857144, 0.011428571428571429, -2e-05, -2e-05, -2e-05, -1e-05, -2e-05, 0.011428571428571429], [0.011428571428571429, 0.03428571428571429, 0.005714285714285714, 0.011428571428571429, 0.03428571428571429, -1e-05, -2e-05, -2e-05, 0.011428571428571429, 0.005714285714285714], [0.011428571428571429, 0.011428571428571429, 0.02857142857142857, -1e-05, 0.03428571428571429, -2e-05, 0.011428571428571429, 0.011428571428571429, 0.005714285714285714, 0.005714285714285714], [0.011428571428571429, 0.011428571428571429, 0.011428571428571429, 0.011428571428571429, -1e-05, -1e-05, 0.011428571428571429, 0.011428571428571429, 0.011428571428571429, 0.011428571428571429], [0.005714285714285714, 0.011428571428571429, 0.011428571428571429, 0.011428571428571429, 0.011428571428571429, -1e-05, 0.03428571428571429, 0.011428571428571429, 0.011428571428571429, 0.011428571428571429], [0.011428571428571429, 0.011428571428571429, 0.011428571428571429, 0.011428571428571429, 0.011428571428571429, 0.005714285714285714, -2e-05, 0.011428571428571429, 0.005714285714285714, 0.011428571428571429]], "10_hard_pruned.json": [[0.006134969325153374, 0.0, 0.018404907975460124, -2e-05, 0.006134969325153374, 0.006134969325153374, 0.012269938650306749, 0.006134969325153374, 0.012269938650306749, 0.006134969325153374], [0.03680981595092025, 0.012269938650306749, 0.012269938650306749, -1e-05, 0.012269938650306749, -2e-05, 0.012269938650306749, 0.012269938650306749, 0.006134969325153374, 0.006134969325153374], [0.006134969325153374, -2e-05, -2e-05, 0.012269938650306749, -1e-05, -1e-05, -1e-05, 0.006134969325153374, -2e-05, 0.006134969325153374], [0.018404907975460124, 0.018404907975460124, -2e-05, -1e-05, -2e-05, 0.018404907975460124, 0.012269938650306749, 0.006134969325153374, 0.006134969325153374, 0.006134969325153374], [0.018404907975460124, -1e-05, -1e-05, 0.04294478527607362, 0.03067484662576687, 0.04294478527607362, 0.018404907975460124, 0.012269938650306749, 0.006134969325153374, 0.006134969325153374], [0.018404907975460124, -1e-05, -1e-05, 0.012269938650306749, -2e-05, 0.012269938650306749, 0.012269938650306749, 0.018404907975460124, 0.012269938650306749, 0.006134969325153374], [-2e-05, 0.018404907975460124, -1e-05, 0.018404907975460124, -2e-05, 0.012269938650306749, 0.012269938650306749, 0.006134969325153374, 0.012269938650306749, 0.012269938650306749], [0.012269938650306749, 0.018404907975460124, -1e-05, 0.018404907975460124, 0.018404907975460124, 0.012269938650306749, 0.012269938650306749, 0.012269938650306749, 0.006134969325153374, 0.006134969325153374], [0.012269938650306749, 0.018404907975460124, -2e-05, 0.03680981595092025, 0.018404907975460124, -2e-05, -2e-05, 0.006134969325153374, 0.012269938650306749, 0.006134969325153374], [0.012269938650306749, 0.012269938650306749, 0.012269938650306749, 0.012269938650306749, -1e-05, 0.018404907975460124, 0.012269938650306749, 0.012269938650306749, 0.012269938650306749, 0.006134969325153374]], "10_hard_full.json": [[0.009345794392523364, 0.009345794392523364, 0.009345794392523364, -2e-05, 0.009345794392523364, 0.009345794392523364, 0.009345794392523364, 0.009345794392523364, 0.009345794392523364, 0.009345794392523364], [0.037383177570093455, 0.009345794392523364, 0.009345794392523364, -1e-05, 0.009345794392523364, -2e-05, 0.009345794392523364, 0.009345794392523364, 0.009345794392523364, 0.009345794392523364], [0.009345794392523364, -2e-05, -2e-05, 0.009345794392523364, 0.009345794392523364, -1e-05, -1e-05, 0.009345794392523364, -2e-05, 0.009345794392523364], [0.009345794392523364, 0.009345794392523364, -2e-05, -1e-05, -2e-05, 0.009345794392523364, 0.009345794392523364, 0.009345794392523364, 0.009345794392523364, 0.009345794392523364], [0.009345794392523364, -1e-05, -1e-05, 0.1308411214953271, 0.009345794392523364, 0.11214953271028037, 0.009345794392523364, 0.009345794392523364, 0.009345794392523364, 0.009345794392523364], [0.009345794392523364, -1e-05, -1e-05, 0.018691588785046728, -2e-05, 0.009345794392523364, 0.009345794392523364, 0.009345794392523364, 0.009345794392523364, 0.009345794392523364], [0.009345794392523364, 0.009345794392523364, -1e-05, 0.009345794392523364, -2e-05, 0.009345794392523364, 0.009345794392523364, 0.009345794392523364, 0.009345794392523364, 0.009345794392523364], [0.009345794392523364, 0.009345794392523364, -1e-05, 0.009345794392523364, 0.009345794392523364, 0.009345794392523364, 0.009345794392523364, 0.009345794392523364, 0.009345794392523364, 0.009345794392523364], [0.009345794392523364, 0.009345794392523364, -2e-05, 0.018691588785046728, 0.009345794392523364, -2e-05, -2e-05, 0.009345794392523364, 0.018691588785046728, 0.009345794392523364], [0.009345794392523364, 0.009345794392523364, 0.009345794392523364, 0.009345794392523364, -1e-05, 0.009345794392523364, 0.009345794392523364, 0.009345794392523364, 0.009345794392523364, 0.009345794392523364]], "10_medium_pruned.json": [[0.0, 0.0, 0.029411764705882353, 0.00980392156862745, 0.00980392156862745, 0.0196078431372549, 0.00980392156862745, 0.00980392156862745, 0.0, 0.0], [0.00980392156862745, 0.0, 0.049019607843137254, 0.00980392156862745, 0.0196078431372549, 0.00980392156862745, 0.0, 0.00980392156862745, 0.0, 0.0], [0.00980392156862745, 0.00980392156862745, -1e-05, 0.029411764705882353, 0.00980392156862745, -2e-05, 0.0, 0.00980392156862745, 0.0, 0.0], [0.029411764705882353, 0.029411764705882353, -1e-05, -1e-05, -1e-05, -2e-05, 0.0, 0.00980392156862745, 0.0, 0.0], [0.00980392156862745, 0.00980392156862745, 0.049019607843137254, 0.029411764705882353, -2e-05, -2e-05, -2e-05, -1e-05, -2e-05, 0.00980392156862745], [0.0196078431372549, 0.0196078431372549, 0.00980392156862745, 0.029411764705882353, 0.0196078431372549, -1e-05, -2e-05, -2e-05, 0.00980392156862745, 0.0], [0.00980392156862745, 0.0196078431372549, 0.049019607843137254, -1e-05, 0.00980392156862745, -2e-05, 0.00980392156862745, 0.00980392156862745, 0.0, 0.0], [0.0196078431372549, 0.029411764705882353, 0.029411764705882353, 0.029411764705882353, -1e-05, -1e-05, 0.029411764705882353, 0.029411764705882353, 0.029411764705882353, 0.00980392156862745], [0.0, 0.00980392156862745, 0.00980392156862745, 0.00980392156862745, 0.00980392156862745, -1e-05, 0.00980392156862745, 0.00980392156862745, 0.00980392156862745, 0.00980392156862745], [0.00980392156862745, 0.00980392156862745, 0.0, 0.00980392156862745, 0.00980392156862745, 0.0, -2e-05, 0.00980392156862745, 0.0, 0.00980392156862745]], "6_hard_pruned.json": [[0.17391304347826086, -2e-05, 0.043478260869565216, -1e-05, -1e-05, 0.021739130434782608], [0.021739130434782608, -2e-05, -1e-05, -2e-05, 0.021739130434782608, 0.021739130434782608], [0.06521739130434782, -1e-05, 0.06521739130434782, 0.021739130434782608, 0.021739130434782608, 0.021739130434782608], [-2e-05, -1e-05, 0.043478260869565216, -2e-05, 0.021739130434782608, 0.021739130434782608], [0.021739130434782608, -1e-05, 0.10869565217391304, 0.043478260869565216, 0.043478260869565216, 0.021739130434782608], [0.021739130434782608, -2e-05, 0.08695652173913043, 0.043478260869565216, -2e-05, 0.021739130434782608]],