{"10_medium_full.json": [[0.0, 0.0, 0.0, 0.0, 0.0, 0.0, 0.0, 0.0, 0.0, 0.0], [0.0, 0.008547008547008548, 0.017094017094017096, 0.02564102564102564, 0.02564102564102564, 0.02564102564102564, 0.0, 0.0, 0.0, 0.0], [0.0, 0.02564102564102564, -1e-05, 0.02564102564102564, 0.02564102564102564, -2e-05, 0.02564102564102564, 0.0, 0.0, 0.0], [0.0, 0.02564102564102564, 0.02564102564102564, -1e-05, -1e-05, 0.02564102564102564, 0.02564102564102564, 0.02564102564102564, 0.02564102564102564, 0.0], [0.0, 0.02564102564102564, 0.02564102564102564, 0.02564102564102564, -2e-05, -2e-05, -2e-05, -1e-05, -2e-05, 0.0], [0.0, 0.02564102564102564, 0.02564102564102564, 0.02564102564102564, 0.02564102564102564, -1e-05, -2e-05, -2e-05, 0.02564102564102564, 0.0], [0.0, 0.0, 0.02564102564102564, -1e-05, 0.02564102564102564, -2e-05, 0.02564102564102564, 0.02564102564102564, 0.0, 0.0], [0.0, 0.0, 0.02564102564102564, 0.02564102564102564, -1e-05, -1e-05, 0.02564102564102564, 0.02564102564102564, 0.0, 0.0], [0.0, 0.0, 0.02564102564102564, 0.02564102564102564, 0.02564102564102564, -1e-05, 0.02564102564102564, 0.02564102564102564, 0.0, 0.0], [0.0, 0.0, 0.0, 0.02564102564102564, 0.02564102564102564, 0.02564102564102564, -2e-05, 0.02564102564102564, 0.0, 0.0]], "10_hard_pruned.json": [[0.0, 0.0, 0.010752688172043012, -2e-05, 0.021505376344086023, 0.03225806451612903, 0.03225806451612903, 0.0, 0.0, 0.0], [0.0, 0.0, 0.03225806451612903, -1e-05, 0.03225806451612903, -2e-05, 0.03225806451612903, 0.03225806451612903, 0.0, 0.0], [0.0, -2e-05, -2e-05, 0.03225806451612903, -1e-05, -1e-05, -1e-05, 0.03225806451612903, -2e-05, 0.0], [0.03225806451612903, 0.03225806451612903, -2e-05, -1e-05, -2e-05, 0.03225806451612903, 0.03225806451612903, 0.03225806451612903, 0.0, 0.0], [0.03225806451612903, -1e-05, -1e-05, 0.03225806451612903, 0.03225806451612903, 0.03225806451612903, 0.03225806451612903, 0.0, 0.0, 0.0], [0.03225806451612903, -1e-05, -1e-05, 0.03225806451612903, -2e-05, 0.0, 0.0, 0.0, 0.0, 0.0], [-2e-05, 0.03225806451612903, -1e-05, 0.03225806451612903, -2e-05, 0.0, 0.0, 0.0, 0.0, 0.0], [0.03225806451612903, 0.03225806451612903, -1e-05, 0.03225806451612903, 0.03225806451612903, 0.0, 0.0, 0.0, 0.0, 0.0], [0.0, 0.03225806451612903, -2e-05, 0.03225806451612903, 0.03225806451612903, -2e-05, -2e-05, 0.0, 0.0, 0.0], [0.0, 0.0, 0.0, 0.03225806451612903, -1e-05, 0.0, 0.0, 0.0, 0.0, 0.0]], "10_hard_full.json": [[0.0, 0.0, 0.006369426751592357, -2e-05, 0.012738853503184714, 0.01910828025477707, 0.01910828025477707, 0.025477707006369428, 0.0, 0.0], [0.0, 0.025477707006369428, 0.025477707006369428, -1e-05, 0.025477707006369428, -2e-05, 0.025477707006369428, 0.025477707006369428, 0.0, 0.0], [0.025477707006369428, -2e-05, -2e-05, 0.025477707006369428, 0.025477707006369428, -1e-05, -1e-05, 0.025477707006369428, -2e-05, 0.0], [0.025477707006369428, 0.025477707006369428, -2e-05, -1e-05, -2e-05, 0.025477707006369428, 0.025477707006369428, 0.025477707006369428, 0.0, 0.0], [0.025477707006369428, -1e-05, -1e-05, 0.025477707006369428, 0.025477707006369428, 0.025477707006369428, 0.025477707006369428, 0.025477707006369428, 0.0, 0.0], [0.025477707006369428, -1e-05, -1e-05, 0.025477707006369428, -2e-05, 0.0, 0.0, 0.0, 0.0, 0.0], [0.025477707006369428, 0.025477707006369428, -1e-05, 0.025477707006369428, -2e-05, 0.0, 0.0, 0.0, 0.0, 0.0], [0.025477707006369428, 0.025477707006369428, -1e-05, 0.025477707006369428, 0.025477707006369428, 0.0, 0.0, 0.0, 0.0, 0.0], [0.025477707006369428, 0.025477707006369428, -2e-05, 0.025477707006369428, 0.025477707006369428, -2e-05, -2e-05, 0.0, 0.0, 0.0], [0.0, 0.0, 0.025477707006369428, 0.025477707006369428, -1e-05, 0.025477707006369428, 0.0, 0.0, 0.0, 0.0]], "10_medium_pruned.json": [[0.0, 0.0, 0.0, 0.0, 0.0, 0.0, 0.0, 0.0, 0.0, 0.0], [0.012048192771084338, 0.024096385542168676, 0.024096385542168676, 0.024096385542168676, 0.024096385542168676, 0.024096385542168676, 0.0, 0.0, 0.0, 0.0], [0.024096385542168676, 0.024096385542168676, -1e-05, 0.024096385542168676, 0.024096385542168676, -2e-05, 0.024096385542168676, 0.0, 0.0, 0.0], [0.024096385542168676, 0.024096385542168676, -1e-05, -1e-05, -1e-05, -2e-05, 0.024096385542168676, 0.024096385542168676, 0.024096385542168676, 0.0], [0.024096385542168676, 0.024096385542168676, 0.024096385542168676, 0.024096385542168676, -2e-05, -2e-05, -2e-05, -1e-05, -2e-05, 0.0], [0.0, 0.024096385542168676, 0.024096385542168676, 0.024096385542168676, 0.024096385542168676, -1e-05, -2e-05, -2e-05, 0.024096385542168676, 0.0], [0.0, 0.0, 0.024096385542168676, -1e-05, 0.024096385542168676, -2e-05, 0.024096385542168676, 0.024096385542168676, 0.0, 0.0], [0.0, 0.0, 0.024096385542168676, 0.024096385542168676, -1e-05, -1e-05, 0.024096385542168676, 0.024096385542168676, 0.0, 0.0], [0.0, 0.0, 0.024096385542168676, 0.024096385542168676, 0.024096385542168676, -1e-05, 0.024096385542168676, 0.024096385542168676, 0.0, 0.0], [0.0, 0.0, 0.0, 0.024096385542168676, 0.024096385542168676, 0.024096385542168676, -2e-05, 0.024096385542168676, 0.0, 0.0]], "6_hard_pruned.json": [[0.015873015873015872, -2e-05, 0.015873015873015872, -1e-05, -1e-05, 0.047619047619047616], [0.031746031746031744, -2e-05, -1e-05, -2e-05, 0.047619047619047616, 0.06349206349206349], [0.06349206349206349, -1e-05, 0.06349206349206349, 0.07936507936507936, 0.06349206349206349, 0.06349206349206349], [-2e-05, -1e-05, 0.06349206349206349, -2e-05, 0.0, 0.0], [0.06349206349206349, -1e-05, 0.06349206349206349, 0.06349206349206349, 0.0, 0.0], [0.06349206349206349, -2e-05, 0.06349206349206349, 0.06349206349206349, -2e-05, 0.0]], "6_hard_full.json": [[0.01282051282051282, -2e-05, 0.01282051282051282, 0.02564102564102564, -1e-05, 0.05128205128205128], [0.038461538461538464, -2e-05, -1e-05, -2e-05, 0.05128205128205128, 0.0641025641025641], [0.0641025641025641, -1e-05, 0.0641025641025641, 0.07692307692307693, 0.0641025641025641, 0.0], [0.02564102564102564, -1e-05, 0.0641025641025641, -2e-05, 0.0, 0.0], [0.0641025641025641, -1e-05, 0.0641025641025641, 0.0641025641025641, 0.0, 0.0], [0.0641025641025641, -2e-05, 0.0641025641025641, 0.0641025641025641, -2e-05, 0.0]], "6_easy_full.json": [[0.016129032258064516, -1e-05, 0.016129032258064516, -2e-05, 0.03225806451612903, 0.03225806451612903], [0.06451612903225806, -2e-05, -1e-05, -1e-05, 0.06451612903225806, 0.06451612903225806], [-1e-05, -2e-05, -2e-05, -2e-05, -1e-05, 0.06451612903225806], [-2e-05, 0.06451612903225806, -1e-05, -1e-05, -2e-05, 0.06451612903225806], [-1e-05, 0.06451612903225806, -2e-05, -2e-05, 0.06451612903225806, 0.06451612903225806], [0.06451612903225806, 0.06451612903225806, 0.06451612903225806, 0.06451612903225806, 0.06451612903225806, 0.0]], "6_easy_pruned.json": [[0.02040816326530612, -1e-05, -2e-05, -2e-05, 0.04081632653061224, 0.061224489795918366], [0.061224489795918366, -2e-05, -1e-05, -1e-05, 0.08163265306122448, 0.061224489795918366], [-1e-05, -2e-05, -2e-05, -2e-05, -1e-05, 0.061224489795918366], [-2e-05, 0.061224489795918366, -1e-05, -1e-05, -2e-05, -1e-05], [-1e-05, 0.061224489795918366, -2e-05, -2e-05, 0.061224489795918366, 0.061224489795918366], [0.061224489795918366, 0.061224489795918366, 0.061224489795918366, 0.061224489795918366, 0.061224489795918366, 0.061224489795918366]],