{"10_medium_full.json": [[0.0, 0.0, 0.0, 0.0, 0.0, 0.0, 0.0, 0.0, 0.0, 0.0], [0.0, 0.023255813953488372, 0.023255813953488372, 0.023255813953488372, 0.023255813953488372, 0.023255813953488372, 0.0, 0.0, 0.0, 0.0], [0.0, 0.023255813953488372, -1e-05, 0.023255813953488372, 0.023255813953488372, -2e-05, 0.023255813953488372, 0.0, 0.0, 0.0], [0.0, 0.023255813953488372, 0.023255813953488372, -1e-05, -1e-05, 0.015503875968992248, 0.12403100775193798, 0.03875968992248062, 0.023255813953488372, 0.0], [0.0, 0.007751937984496124, 0.023255813953488372, 0.023255813953488372, -2e-05, -2e-05, -2e-05, -1e-05, -2e-05, 0.0], [0.0, 0.023255813953488372, 0.007751937984496124, 0.023255813953488372, 0.023255813953488372, -1e-05, -2e-05, -2e-05, 0.023255813953488372, 0.0], [0.0, 0.0, 0.023255813953488372, -1e-05, 0.023255813953488372, -2e-05, 0.023255813953488372, 0.023255813953488372, 0.0, 0.0], [0.0, 0.0, 0.023255813953488372, 0.023255813953488372, -1e-05, -1e-05, 0.015503875968992248, 0.023255813953488372, 0.0, 0.0], [0.0, 0.0, 0.023255813953488372, 0.023255813953488372, 0.023255813953488372, -1e-05, 0.023255813953488372, 0.023255813953488372, 0.0, 0.0], [0.0, 0.0, 0.0, 0.023255813953488372, 0.023255813953488372, 0.023255813953488372, -2e-05, 0.023255813953488372, 0.0, 0.0]], "10_hard_pruned.json": [[0.0, 0.0, 0.018518518518518517, -2e-05, 0.018518518518518517, 0.018518518518518517, 0.018518518518518517, 0.0, 0.0, 0.0], [0.1111111111111111, 0.0, 0.018518518518518517, -1e-05, 0.018518518518518517, -2e-05, 0.018518518518518517, 0.018518518518518517, 0.0, 0.0], [0.0, -2e-05, -2e-05, 0.18518518518518517, -1e-05, -1e-05, -1e-05, 0.018518518518518517, -2e-05, 0.0], [0.018518518518518517, 0.018518518518518517, -2e-05, -1e-05, -2e-05, 0.018518518518518517, 0.018518518518518517, 0.018518518518518517, 0.0, 0.0], [0.018518518518518517, -1e-05, -1e-05, 0.07407407407407407, 0.018518518518518517, 0.018518518518518517, 0.018518518518518517, 0.0, 0.0, 0.0], [0.018518518518518517, -1e-05, -1e-05, 0.018518518518518517, -2e-05, 0.0, 0.0, 0.0, 0.0, 0.0], [-2e-05, 0.018518518518518517, -1e-05, 0.018518518518518517, -2e-05, 0.0, 0.0, 0.0, 0.0, 0.0], [0.018518518518518517, 0.018518518518518517, -1e-05, 0.037037037037037035, 0.07407407407407407, 0.0, 0.0, 0.0, 0.0, 0.0], [0.0, 0.018518518518518517, -2e-05, 0.018518518518518517, 0.018518518518518517, -2e-05, -2e-05, 0.0, 0.0, 0.0], [0.0, 0.0, 0.0, 0.018518518518518517, -1e-05, 0.0, 0.0, 0.0, 0.0, 0.0]], "10_hard_full.json": [[0.0, 0.0, 0.015384615384615385, -2e-05, 0.015384615384615385, 0.015384615384615385, 0.015384615384615385, 0.015384615384615385, 0.0, 0.0], [0.15384615384615385, 0.015384615384615385, 0.015384615384615385, -1e-05, 0.015384615384615385, -2e-05, 0.015384615384615385, 0.015384615384615385, 0.0, 0.0], [0.015384615384615385, -2e-05, -2e-05, 0.015384615384615385, 0.06153846153846154, -1e-05, -1e-05, 0.015384615384615385, -2e-05, 0.0], [0.015384615384615385, 0.015384615384615385, -2e-05, -1e-05, -2e-05, 0.015384615384615385, 0.015384615384615385, 0.015384615384615385, 0.0, 0.0], [0.015384615384615385, -1e-05, -1e-05, 0.03076923076923077, 0.15384615384615385, 0.015384615384615385, 0.015384615384615385, 0.015384615384615385, 0.0, 0.0], [0.015384615384615385, -1e-05, -1e-05, 0.015384615384615385, -2e-05, 0.0, 0.0, 0.0, 0.0, 0.0], [0.015384615384615385, 0.015384615384615385, -1e-05, 0.015384615384615385, -2e-05, 0.0, 0.0, 0.0, 0.0, 0.0], [0.015384615384615385, 0.015384615384615385, -1e-05, 0.015384615384615385, 0.015384615384615385, 0.0, 0.0, 0.0, 0.0, 0.0], [0.015384615384615385, 0.015384615384615385, -2e-05, 0.03076923076923077, 0.015384615384615385, -2e-05, -2e-05, 0.0, 0.0, 0.0], [0.0, 0.0, 0.015384615384615385, 0.015384615384615385, -1e-05, 0.015384615384615385, 0.0, 0.0, 0.0, 0.0]], "10_medium_pruned.json": [[0.0, 0.0, 0.0, 0.0, 0.0, 0.0, 0.0, 0.0, 0.0, 0.0], [0.024390243902439025, 0.024390243902439025, 0.024390243902439025, 0.024390243902439025, 0.024390243902439025, 0.024390243902439025, 0.0, 0.0, 0.0, 0.0], [0.024390243902439025, 0.024390243902439025, -1e-05, 0.024390243902439025, 0.024390243902439025, -2e-05, 0.024390243902439025, 0.0, 0.0, 0.0], [0.024390243902439025, 0.024390243902439025, -1e-05, -1e-05, -1e-05, -2e-05, 0.024390243902439025, 0.024390243902439025, 0.024390243902439025, 0.0], [0.024390243902439025, 0.012195121951219513, 0.024390243902439025, 0.024390243902439025, -2e-05, -2e-05, -2e-05, -1e-05, -2e-05, 0.0], [0.0, 0.024390243902439025, 0.012195121951219513, 0.024390243902439025, 0.024390243902439025, -1e-05, -2e-05, -2e-05, 0.024390243902439025, 0.0], [0.0, 0.0, 0.024390243902439025, -1e-05, 0.024390243902439025, -2e-05, 0.024390243902439025, 0.024390243902439025, 0.0, 0.0], [0.0, 0.0, 0.024390243902439025, 0.024390243902439025, -1e-05, -1e-05, 0.024390243902439025, 0.024390243902439025, 0.0, 0.0], [0.0, 0.0, 0.024390243902439025, 0.024390243902439025, 0.024390243902439025, -1e-05, 0.024390243902439025, 0.024390243902439025, 0.0, 0.0], [0.0, 0.0, 0.0, 0.024390243902439025, 0.024390243902439025, 0.024390243902439025, -2e-05, 0.024390243902439025, 0.0, 0.0]], "6_hard_pruned.json": [[0.175, -2e-05, 0.025, -1e-05, -1e-05, 0.05], [0.025, -2e-05, -1e-05, -2e-05, 0.025, 0.025], [0.1, -1e-05, 0.075, 0.05, 0.05, 0.025], [-2e-05, -1e-05, 0.025, -2e-05, 0.0, 0.0], [0.025, -1e-05, 0.05, 0.075, 0.025, 0.0], [0.025, -2e-05, 0.075, 0.075, -2e-05, 0.0]], "6_hard_full.json": [[0.08888888888888889, -2e-05, 0.022222222222222223, 0.08888888888888889, -1e-05, 0.022222222222222223], [0.022222222222222223, -2e-05, -1e-05, -2e-05, 0.022222222222222223, 0.022222222222222223], [0.1111111111111111, -1e-05, 0.1111111111111111, 0.022222222222222223, 0.044444444444444446, 0.0], [0.022222222222222223, -1e-05, 0.022222222222222223, -2e-05, 0.0, 0.022222222222222223], [0.022222222222222223, -1e-05, 0.06666666666666667, 0.044444444444444446, 0.06666666666666667, 0.0], [0.022222222222222223, -2e-05, 0.044444444444444446, 0.08888888888888889, -2e-05, 0.0]], "6_easy_full.json": [[0.05454545454545454, -1e-05, 0.01818181818181818, -2e-05, 0.05454545454545454, 0.05454545454545454], [0.05454545454545454, -2e-05, -1e-05, -1e-05, 0.03636363636363636, 0.03636363636363636], [-1e-05, -2e-05, -2e-05, -2e-05, -1e-05, 0.05454545454545454], [-2e-05, 0.10909090909090909, -1e-05, -1e-05, -2e-05, 0.01818181818181818], [-1e-05, 0.07272727272727272, -2e-05, -2e-05, 0.07272727272727272, 0.07272727272727272], [0.05454545454545454, 0.05454545454545454, 0.07272727272727272, 0.05454545454545454, 0.05454545454545454, 0.0]], "6_easy_pruned.json": [[0.05128205128205128, -1e-05, -2e-05, -2e-05, 0.05128205128205128, 0.05128205128205128], [0.05128205128205128, -2e-05, -1e-05, -1e-05, 0.02564102564102564, 0.02564102564102564], [-1e-05, -2e-05, -2e-05, -2e-05, -1e-05, 0.05128205128205128], [-2e-05, 0.1282051282051282, -1e-05, -1e-05, -2e-05, -1e-05], [-1e-05, 0.07692307692307693, -2e-05, -2e-05, 0.07692307692307693, 0.07692307692307693], [0.05128205128205128, 0.05128205128205128, 0.07692307692307693, 0.05128205128205128, 0.05128205128205128, 0.05128205128205128]],