{"10_medium_full.json": [[0.008283437626615046, 0.008283437626615046, 0.008868680502408499, 0.009543960743708639, 0.008283437626615046, 0.008283437626615046, 0.00990411020573538, 0.008283437626615046, 0.008283437626615046, 0.008283437626615046], [0.00837347499212173, 0.008283437626615046, 0.01589159501192995, 0.00990411020573538, 0.008283437626615046, 0.010489353081528834, 0.008283437626615046, 0.008553549723135101, 0.008283437626615046, 0.008283437626615046], [0.008283437626615046, 0.00837347499212173, -1e-05, 0.013730698239769504, 0.016116688425696662, -2e-05, 0.008283437626615046, 0.008283437626615046, 0.008283437626615046, 0.008283437626615046], [0.010489353081528834, 0.012515193805429254, 0.05514788637284473, -1e-05, -1e-05, 0.004907036420114348, 0.03723045063701436, 0.01485616530860307, 0.008283437626615046, 0.008283437626615046], [0.008283437626615046, 0.031378021879079815, 0.016026651060189977, 0.0072480079232881646, -2e-05, -2e-05, -2e-05, -1e-05, -2e-05, 0.008553549723135101], [0.008283437626615046, 0.011164633322828974, 0.038986179264394724, 0.030432629541259623, 0.008868680502408499, -1e-05, -2e-05, -2e-05, 0.008688605771395129, 0.008283437626615046], [0.010219240985008779, 0.01980822041147076, 0.022824472155944717, -1e-05, 0.020168369873497502, -2e-05, 0.008283437626615046, 0.008688605771395129, 0.008283437626615046, 0.008283437626615046], [0.01980822041147076, 0.011209652005582316, 0.012560212488182596, 0.027371359114032323, -1e-05, -1e-05, 0.008103362895601676, 0.025075406293611848, 0.021068743528564353, 0.008328456309368388], [0.008283437626615046, 0.00837347499212173, 0.008868680502408499, 0.008283437626615046, 0.00837347499212173, -1e-05, 0.019313014901183992, 0.008283437626615046, 0.008328456309368388, 0.008283437626615046], [0.00837347499212173, 0.008283437626615046, 0.008283437626615046, 0.008283437626615046, 0.008643587088641786, 0.008283437626615046, -2e-05, 0.008283437626615046, 0.008283437626615046, 0.008328456309368388]], "10_hard_pruned.json": [[0.009478672985781991, 0.009478672985781991, 0.009478672985781991, -2e-05, 0.009478672985781991, 0.009478672985781991, 0.009478672985781991, 0.009478672985781991, 0.009478672985781991, 0.009478672985781991], [0.2796208530805687, 0.009478672985781991, 0.009478672985781991, -1e-05, 0.009478672985781991, -2e-05, 0.009478672985781991, 0.009478672985781991, 0.009478672985781991, 0.009478672985781991], [0.009478672985781991, -2e-05, -2e-05, 0.002369668246445498, -1e-05, -1e-05, -1e-05, 0.002369668246445498, -2e-05, 0.009478672985781991], [0.009478672985781991, 0.009478672985781991, -2e-05, -1e-05, -2e-05, 0.009478672985781991, 0.009478672985781991, 0.009478672985781991, 0.009478672985781991, 0.009478672985781991], [0.009478672985781991, -1e-05, -1e-05, 0.0071090047393364926, 0.014218009478672985, 0.014218009478672985, 0.009478672985781991, 0.009478672985781991, 0.009478672985781991, 0.009478672985781991], [0.009478672985781991, -1e-05, -1e-05, 0.0071090047393364926, -2e-05, 0.009478672985781991, 0.009478672985781991, 0.009478672985781991, 0.009478672985781991, 0.009478672985781991], [-2e-05, 0.009478672985781991, -1e-05, 0.009478672985781991, -2e-05, 0.009478672985781991, 0.009478672985781991, 0.009478672985781991, 0.009478672985781991, 0.009478672985781991], [0.009478672985781991, 0.009478672985781991, -1e-05, 0.009478672985781991, 0.014218009478672985, 0.009478672985781991, 0.009478672985781991, 0.009478672985781991, 0.009478672985781991, 0.009478672985781991], [0.009478672985781991, 0.009478672985781991, -2e-05, 0.03317535545023697, 0.009478672985781991, -2e-05, -2e-05, 0.009478672985781991, 0.009478672985781991, 0.009478672985781991], [0.009478672985781991, 0.009478672985781991, 0.009478672985781991, 0.009478672985781991, -1e-05, 0.009478672985781991, 0.009478672985781991, 0.009478672985781991, 0.009478672985781991, 0.009478672985781991]], "10_hard_full.json": [[0.008680555555555556, 0.008680555555555556, 0.008680555555555556, -2e-05, 0.008680555555555556, 0.008680555555555556, 0.008680555555555556, 0.008680555555555556, 0.008680555555555556, 0.008680555555555556], [0.21354166666666666, 0.008680555555555556, 0.008680555555555556, -1e-05, 0.008680555555555556, -2e-05, 0.008680555555555556, 0.008680555555555556, 0.008680555555555556, 0.008680555555555556], [0.008680555555555556, -2e-05, -2e-05, 0.003472222222222222, 0.1267361111111111, -1e-05, -1e-05, 0.003472222222222222, -2e-05, 0.008680555555555556], [0.008680555555555556, 0.008680555555555556, -2e-05, -1e-05, -2e-05, 0.008680555555555556, 0.008680555555555556, 0.008680555555555556, 0.008680555555555556, 0.008680555555555556], [0.008680555555555556, -1e-05, -1e-05, 0.006944444444444444, 0.013888888888888888, 0.012152777777777778, 0.008680555555555556, 0.008680555555555556, 0.008680555555555556, 0.008680555555555556], [0.008680555555555556, -1e-05, -1e-05, 0.006944444444444444, -2e-05, 0.008680555555555556, 0.008680555555555556, 0.008680555555555556, 0.008680555555555556, 0.008680555555555556], [0.001736111111111111, 0.008680555555555556, -1e-05, 0.008680555555555556, -2e-05, 0.008680555555555556, 0.008680555555555556, 0.008680555555555556, 0.008680555555555556, 0.008680555555555556], [0.008680555555555556, 0.008680555555555556, -1e-05, 0.008680555555555556, 0.012152777777777778, 0.008680555555555556, 0.008680555555555556, 0.008680555555555556, 0.008680555555555556, 0.008680555555555556], [0.008680555555555556, 0.008680555555555556, -2e-05, 0.026041666666666668, 0.008680555555555556, -2e-05, -2e-05, 0.008680555555555556, 0.008680555555555556, 0.008680555555555556], [0.008680555555555556, 0.008680555555555556, 0.008680555555555556, 0.008680555555555556, -1e-05, 0.008680555555555556, 0.008680555555555556, 0.008680555555555556, 0.008680555555555556, 0.008680555555555556]], "10_medium_pruned.json": [[0.010351966873706004, 0.010351966873706004, 0.010351966873706004, 0.010351966873706004, 0.010351966873706004, 0.010351966873706004, 0.010351966873706004, 0.010351966873706004, 0.010351966873706004, 0.010351966873706004], [0.010351966873706004, 0.010351966873706004, 0.018633540372670808, 0.026915113871635612, 0.010351966873706004, 0.010351966873706004, 0.010351966873706004, 0.010351966873706004, 0.010351966873706004, 0.010351966873706004], [0.010351966873706004, 0.010351966873706004, -1e-05, 0.010351966873706004, 0.14906832298136646, -2e-05, 0.010351966873706004, 0.010351966873706004, 0.010351966873706004, 0.010351966873706004], [0.006211180124223602, 0.006211180124223602, -1e-05, -1e-05, -1e-05, -2e-05, 0.010351966873706004, 0.010351966873706004, 0.010351966873706004, 0.010351966873706004], [0.010351966873706004, 0.006211180124223602, 0.022774327122153208, 0.010351966873706004, -2e-05, -2e-05, -2e-05, -1e-05, -2e-05, 0.010351966873706004], [0.010351966873706004, 0.010351966873706004, 0.006211180124223602, 0.010351966873706004, 0.010351966873706004, -1e-05, -2e-05, -2e-05, 0.010351966873706004, 0.010351966873706004], [0.010351966873706004, 0.010351966873706004, 0.020703933747412008, -1e-05, 0.010351966873706004, -2e-05, 0.010351966873706004, 0.010351966873706004, 0.010351966873706004, 0.010351966873706004], [0.010351966873706004, 0.010351966873706004, 0.010351966873706004, 0.010351966873706004, -1e-05, -1e-05, 0.010351966873706004, 0.010351966873706004, 0.010351966873706004, 0.012422360248447204], [0.010351966873706004, 0.010351966873706004, 0.010351966873706004, 0.010351966873706004, 0.010351966873706004, -1e-05, 0.010351966873706004, 0.010351966873706004, 0.010351966873706004, 0.010351966873706004], [0.010351966873706004, 0.010351966873706004, 0.010351966873706004, 0.010351966873706004, 0.010351966873706004, 0.010351966873706004, -2e-05, 0.010351966873706004, 0.010351966873706004, 0.010351966873706004]],