{"10_medium_full.json": [[0.012096774193548387, 0.012096774193548387, 0.012096774193548387, 0.012096774193548387, 0.012096774193548387, 0.012096774193548387, 0.012096774193548387, 0.012096774193548387, 0.012096774193548387, 0.012096774193548387], [0.012096774193548387, 0.012096774193548387, 0.012096774193548387, 0.012096774193548387, 0.012096774193548387, 0.012096774193548387, 0.012096774193548387, 0.012096774193548387, 0.012096774193548387, 0.012096774193548387], [0.012096774193548387, 0.012096774193548387, -1e-05, 0.012096774193548387, 0.012096774193548387, -2e-05, 0.012096774193548387, 0.012096774193548387, 0.012096774193548387, 0.012096774193548387], [0.012096774193548387, 0.016129032258064516, 0.016129032258064516, -1e-05, -1e-05, 0.008064516129032258, 0.024193548387096774, 0.024193548387096774, 0.012096774193548387, 0.012096774193548387], [0.012096774193548387, 0.004032258064516129, 0.012096774193548387, 0.012096774193548387, -2e-05, -2e-05, -2e-05, -1e-05, -2e-05, 0.012096774193548387], [0.012096774193548387, 0.012096774193548387, 0.004032258064516129, 0.012096774193548387, 0.012096774193548387, -1e-05, -2e-05, -2e-05, 0.012096774193548387, 0.012096774193548387], [0.012096774193548387, 0.012096774193548387, 0.012096774193548387, -1e-05, 0.012096774193548387, -2e-05, 0.012096774193548387, 0.012096774193548387, 0.012096774193548387, 0.012096774193548387], [0.012096774193548387, 0.012096774193548387, 0.012096774193548387, 0.012096774193548387, -1e-05, -1e-05, 0.008064516129032258, 0.012096774193548387, 0.012096774193548387, 0.012096774193548387], [0.012096774193548387, 0.012096774193548387, 0.012096774193548387, 0.012096774193548387, 0.012096774193548387, -1e-05, 0.012096774193548387, 0.012096774193548387, 0.012096774193548387, 0.012096774193548387], [0.012096774193548387, 0.012096774193548387, 0.012096774193548387, 0.012096774193548387, 0.012096774193548387, 0.012096774193548387, -2e-05, 0.012096774193548387, 0.012096774193548387, 0.012096774193548387]], "10_hard_pruned.json": [[0.012195121951219513, 0.012195121951219513, 0.012195121951219513, -2e-05, 0.012195121951219513, 0.012195121951219513, 0.012195121951219513, 0.012195121951219513, 0.012195121951219513, 0.012195121951219513], [0.012195121951219513, 0.012195121951219513, 0.012195121951219513, -1e-05, 0.012195121951219513, -2e-05, 0.012195121951219513, 0.012195121951219513, 0.012195121951219513, 0.012195121951219513], [0.012195121951219513, -2e-05, -2e-05, 0.03048780487804878, -1e-05, -1e-05, -1e-05, 0.03048780487804878, -2e-05, 0.012195121951219513], [0.03048780487804878, 0.012195121951219513, -2e-05, -1e-05, -2e-05, 0.012195121951219513, 0.012195121951219513, 0.012195121951219513, 0.012195121951219513, 0.012195121951219513], [0.018292682926829267, -1e-05, -1e-05, 0.012195121951219513, 0.006097560975609756, 0.012195121951219513, 0.006097560975609756, 0.012195121951219513, 0.012195121951219513, 0.012195121951219513], [0.012195121951219513, -1e-05, -1e-05, 0.012195121951219513, -2e-05, 0.012195121951219513, 0.012195121951219513, 0.006097560975609756, 0.012195121951219513, 0.012195121951219513], [-2e-05, 0.012195121951219513, -1e-05, 0.03048780487804878, -2e-05, 0.012195121951219513, 0.012195121951219513, 0.012195121951219513, 0.012195121951219513, 0.012195121951219513], [0.018292682926829267, 0.018292682926829267, -1e-05, 0.012195121951219513, 0.012195121951219513, 0.012195121951219513, 0.012195121951219513, 0.012195121951219513, 0.012195121951219513, 0.012195121951219513], [0.012195121951219513, 0.012195121951219513, -2e-05, 0.012195121951219513, 0.018292682926829267, -2e-05, -2e-05, 0.012195121951219513, 0.012195121951219513, 0.012195121951219513], [0.012195121951219513, 0.012195121951219513, 0.012195121951219513, 0.012195121951219513, -1e-05, 0.018292682926829267, 0.012195121951219513, 0.012195121951219513, 0.012195121951219513, 0.012195121951219513]], "10_hard_full.json": [[0.009900990099009901, 0.009900990099009901, 0.009900990099009901, -2e-05, 0.009900990099009901, 0.009900990099009901, 0.009900990099009901, 0.009900990099009901, 0.009900990099009901, 0.009900990099009901], [0.019801980198019802, 0.009900990099009901, 0.009900990099009901, -1e-05, 0.009900990099009901, -2e-05, 0.009900990099009901, 0.009900990099009901, 0.009900990099009901, 0.009900990099009901], [0.009900990099009901, -2e-05, -2e-05, 0.009900990099009901, 0.0594059405940594, -1e-05, -1e-05, 0.009900990099009901, -2e-05, 0.009900990099009901], [0.009900990099009901, 0.009900990099009901, -2e-05, -1e-05, -2e-05, 0.009900990099009901, 0.009900990099009901, 0.019801980198019802, 0.009900990099009901, 0.009900990099009901], [0.009900990099009901, -1e-05, -1e-05, 0.009900990099009901, 0.0594059405940594, 0.0594059405940594, 0.009900990099009901, 0.009900990099009901, 0.009900990099009901, 0.019801980198019802], [0.009900990099009901, -1e-05, -1e-05, 0.009900990099009901, -2e-05, 0.019801980198019802, 0.009900990099009901, 0.009900990099009901, 0.009900990099009901, 0.009900990099009901], [0.039603960396039604, 0.009900990099009901, -1e-05, 0.009900990099009901, -2e-05, 0.019801980198019802, 0.009900990099009901, 0.009900990099009901, 0.009900990099009901, 0.009900990099009901], [0.009900990099009901, 0.009900990099009901, -1e-05, 0.009900990099009901, 0.009900990099009901, 0.009900990099009901, 0.009900990099009901, 0.009900990099009901, 0.019801980198019802, 0.009900990099009901], [0.009900990099009901, 0.009900990099009901, -2e-05, 0.009900990099009901, 0.009900990099009901, -2e-05, -2e-05, 0.009900990099009901, 0.009900990099009901, 0.009900990099009901], [0.009900990099009901, 0.009900990099009901, 0.009900990099009901, 0.009900990099009901, -1e-05, 0.009900990099009901, 0.009900990099009901, 0.009900990099009901, 0.009900990099009901, 0.009900990099009901]], "10_medium_pruned.json": [[0.010810810810810811, 0.010810810810810811, 0.010810810810810811, 0.010810810810810811, 0.010810810810810811, 0.010810810810810811, 0.010810810810810811, 0.010810810810810811, 0.010810810810810811, 0.010810810810810811], [0.010810810810810811, 0.010810810810810811, 0.010810810810810811, 0.010810810810810811, 0.02702702702702703, 0.010810810810810811, 0.010810810810810811, 0.010810810810810811, 0.010810810810810811, 0.010810810810810811], [0.010810810810810811, 0.010810810810810811, -1e-05, 0.021621621621621623, 0.010810810810810811, -2e-05, 0.010810810810810811, 0.010810810810810811, 0.010810810810810811, 0.010810810810810811], [0.04864864864864865, 0.043243243243243246, -1e-05, -1e-05, -1e-05, -2e-05, 0.010810810810810811, 0.010810810810810811, 0.010810810810810811, 0.010810810810810811], [0.010810810810810811, 0.010810810810810811, 0.010810810810810811, 0.016216216216216217, -2e-05, -2e-05, -2e-05, -1e-05, -2e-05, 0.010810810810810811], [0.010810810810810811, 0.010810810810810811, 0.010810810810810811, 0.043243243243243246, 0.010810810810810811, -1e-05, -2e-05, -2e-05, 0.010810810810810811, 0.010810810810810811], [0.010810810810810811, 0.010810810810810811, 0.010810810810810811, -1e-05, 0.010810810810810811, -2e-05, 0.010810810810810811, 0.010810810810810811, 0.010810810810810811, 0.010810810810810811], [0.010810810810810811, 0.010810810810810811, 0.010810810810810811, 0.010810810810810811, -1e-05, -1e-05, 0.010810810810810811, 0.010810810810810811, 0.010810810810810811, 0.010810810810810811], [0.010810810810810811, 0.010810810810810811, 0.010810810810810811, 0.010810810810810811, 0.010810810810810811, -1e-05, 0.010810810810810811, 0.010810810810810811, 0.010810810810810811, 0.010810810810810811], [0.010810810810810811, 0.010810810810810811, 0.010810810810810811, 0.010810810810810811, 0.010810810810810811, 0.010810810810810811, -2e-05, 0.010810810810810811, 0.010810810810810811, 0.010810810810810811]],