{"10_medium_full.json": [[0.0, 0.0, 0.0, 0.0, 0.0, 0.0, 0.0, 0.0, 0.0, 0.0], [0.0, 0.019417475728155338, 0.019417475728155338, 0.019417475728155338, 0.019417475728155338, 0.019417475728155338, 0.0, 0.0, 0.0, 0.0], [0.0, 0.019417475728155338, -1e-05, 0.019417475728155338, 0.019417475728155338, -2e-05, 0.019417475728155338, 0.0, 0.0, 0.0], [0.0, 0.038834951456310676, 0.06796116504854369, -1e-05, -1e-05, 0.019417475728155338, 0.17475728155339806, 0.02912621359223301, 0.019417475728155338, 0.0], [0.0, 0.009708737864077669, 0.02912621359223301, 0.019417475728155338, -2e-05, -2e-05, -2e-05, -1e-05, -2e-05, 0.0], [0.0, 0.019417475728155338, 0.009708737864077669, 0.019417475728155338, 0.019417475728155338, -1e-05, -2e-05, -2e-05, 0.019417475728155338, 0.0], [0.0, 0.0, 0.019417475728155338, -1e-05, 0.019417475728155338, -2e-05, 0.019417475728155338, 0.019417475728155338, 0.0, 0.0], [0.0, 0.0, 0.019417475728155338, 0.019417475728155338, -1e-05, -1e-05, 0.019417475728155338, 0.019417475728155338, 0.0, 0.0], [0.0, 0.0, 0.019417475728155338, 0.019417475728155338, 0.019417475728155338, -1e-05, 0.019417475728155338, 0.019417475728155338, 0.0, 0.0], [0.0, 0.0, 0.0, 0.019417475728155338, 0.019417475728155338, 0.019417475728155338, -2e-05, 0.019417475728155338, 0.0, 0.0]], "10_hard_pruned.json": [[0.0, 0.0, 0.024096385542168676, -2e-05, 0.024096385542168676, 0.024096385542168676, 0.024096385542168676, 0.0, 0.0, 0.0], [0.060240963855421686, 0.0, 0.024096385542168676, -1e-05, 0.024096385542168676, -2e-05, 0.024096385542168676, 0.024096385542168676, 0.0, 0.0], [0.0, -2e-05, -2e-05, 0.03614457831325301, -1e-05, -1e-05, -1e-05, 0.03614457831325301, -2e-05, 0.0], [0.03614457831325301, 0.024096385542168676, -2e-05, -1e-05, -2e-05, 0.024096385542168676, 0.024096385542168676, 0.024096385542168676, 0.0, 0.0], [0.024096385542168676, -1e-05, -1e-05, 0.03614457831325301, 0.024096385542168676, 0.024096385542168676, 0.024096385542168676, 0.0, 0.0, 0.0], [0.03614457831325301, -1e-05, -1e-05, 0.03614457831325301, -2e-05, 0.0, 0.0, 0.0, 0.0, 0.0], [-2e-05, 0.03614457831325301, -1e-05, 0.03614457831325301, -2e-05, 0.0, 0.0, 0.0, 0.0, 0.0], [0.024096385542168676, 0.024096385542168676, -1e-05, 0.024096385542168676, 0.07228915662650602, 0.0, 0.0, 0.0, 0.0, 0.0], [0.0, 0.024096385542168676, -2e-05, 0.04819277108433735, 0.024096385542168676, -2e-05, -2e-05, 0.0, 0.0, 0.0], [0.0, 0.0, 0.0, 0.024096385542168676, -1e-05, 0.0, 0.0, 0.0, 0.0, 0.0]], "10_hard_full.json": [[0.0, 0.0, 0.014084507042253521, -2e-05, 0.014084507042253521, 0.014084507042253521, 0.014084507042253521, 0.014084507042253521, 0.0, 0.0], [0.04225352112676056, 0.014084507042253521, 0.014084507042253521, -1e-05, 0.014084507042253521, -2e-05, 0.014084507042253521, 0.014084507042253521, 0.0, 0.0], [0.014084507042253521, -2e-05, -2e-05, 0.014084507042253521, 0.014084507042253521, -1e-05, -1e-05, 0.014084507042253521, -2e-05, 0.0], [0.014084507042253521, 0.014084507042253521, -2e-05, -1e-05, -2e-05, 0.014084507042253521, 0.014084507042253521, 0.014084507042253521, 0.0, 0.0], [0.014084507042253521, -1e-05, -1e-05, 0.19718309859154928, 0.014084507042253521, 0.16901408450704225, 0.014084507042253521, 0.014084507042253521, 0.0, 0.0], [0.014084507042253521, -1e-05, -1e-05, 0.028169014084507043, -2e-05, 0.0, 0.0, 0.0, 0.0, 0.0], [0.014084507042253521, 0.014084507042253521, -1e-05, 0.014084507042253521, -2e-05, 0.0, 0.0, 0.0, 0.0, 0.0], [0.014084507042253521, 0.014084507042253521, -1e-05, 0.014084507042253521, 0.014084507042253521, 0.0, 0.0, 0.0, 0.0, 0.0], [0.014084507042253521, 0.014084507042253521, -2e-05, 0.028169014084507043, 0.014084507042253521, -2e-05, -2e-05, 0.0, 0.014084507042253521, 0.0], [0.0, 0.0, 0.014084507042253521, 0.014084507042253521, -1e-05, 0.014084507042253521, 0.0, 0.0, 0.0, 0.0]], "10_medium_pruned.json": [[0.0, 0.0, 0.0, 0.0, 0.0, 0.0, 0.0, 0.0, 0.0, 0.0], [0.024390243902439025, 0.024390243902439025, 0.024390243902439025, 0.024390243902439025, 0.024390243902439025, 0.024390243902439025, 0.0, 0.0, 0.0, 0.0], [0.024390243902439025, 0.024390243902439025, -1e-05, 0.024390243902439025, 0.024390243902439025, -2e-05, 0.024390243902439025, 0.0, 0.0, 0.0], [0.024390243902439025, 0.024390243902439025, -1e-05, -1e-05, -1e-05, -2e-05, 0.024390243902439025, 0.024390243902439025, 0.024390243902439025, 0.0], [0.024390243902439025, 0.012195121951219513, 0.024390243902439025, 0.024390243902439025, -2e-05, -2e-05, -2e-05, -1e-05, -2e-05, 0.0], [0.0, 0.024390243902439025, 0.012195121951219513, 0.024390243902439025, 0.024390243902439025, -1e-05, -2e-05, -2e-05, 0.024390243902439025, 0.0], [0.0, 0.0, 0.024390243902439025, -1e-05, 0.024390243902439025, -2e-05, 0.024390243902439025, 0.024390243902439025, 0.0, 0.0], [0.0, 0.0, 0.024390243902439025, 0.024390243902439025, -1e-05, -1e-05, 0.024390243902439025, 0.024390243902439025, 0.0, 0.0], [0.0, 0.0, 0.024390243902439025, 0.024390243902439025, 0.024390243902439025, -1e-05, 0.024390243902439025, 0.024390243902439025, 0.0, 0.0], [0.0, 0.0, 0.0, 0.024390243902439025, 0.024390243902439025, 0.024390243902439025, -2e-05, 0.024390243902439025, 0.0, 0.0]], "6_hard_pruned.json": [[0.20512820512820512, -2e-05, 0.02564102564102564, -1e-05, -1e-05, 0.02564102564102564], [0.02564102564102564, -2e-05, -1e-05, -2e-05, 0.02564102564102564, 0.02564102564102564], [0.05128205128205128, -1e-05, 0.07692307692307693, 0.05128205128205128, 0.05128205128205128, 0.02564102564102564], [-2e-05, -1e-05, 0.05128205128205128, -2e-05, 0.0, 0.0], [0.02564102564102564, -1e-05, 0.05128205128205128, 0.10256410256410256, 0.02564102564102564, 0.0], [0.02564102564102564, -2e-05, 0.07692307692307693, 0.05128205128205128, -2e-05, 0.0]], "6_hard_full.json": [[0.08888888888888889, -2e-05, 0.022222222222222223, 0.06666666666666667, -1e-05, 0.022222222222222223], [0.022222222222222223, -2e-05, -1e-05, -2e-05, 0.044444444444444446, 0.022222222222222223], [0.044444444444444446, -1e-05, 0.06666666666666667, 0.044444444444444446, 0.06666666666666667, 0.0], [0.022222222222222223, -1e-05, 0.06666666666666667, -2e-05, 0.0, 0.022222222222222223], [0.022222222222222223, -1e-05, 0.06666666666666667, 0.06666666666666667, 0.08888888888888889, 0.0], [0.022222222222222223, -2e-05, 0.06666666666666667, 0.044444444444444446, -2e-05, 0.0]], "6_easy_full.json": [[0.05555555555555555, -1e-05, 0.018518518518518517, -2e-05, 0.05555555555555555, 0.05555555555555555], [0.05555555555555555, -2e-05, -1e-05, -1e-05, 0.037037037037037035, 0.037037037037037035], [-1e-05, -2e-05, -2e-05, -2e-05, -1e-05, 0.07407407407407407], [-2e-05, 0.09259259259259259, -1e-05, -1e-05, -2e-05, 0.018518518518518517], [-1e-05, 0.05555555555555555, -2e-05, -2e-05, 0.05555555555555555, 0.09259259259259259], [0.05555555555555555, 0.05555555555555555, 0.07407407407407407, 0.05555555555555555, 0.05555555555555555, 0.0]], "6_easy_pruned.json": [[0.05128205128205128, -1e-05, -2e-05, -2e-05, 0.05128205128205128, 0.05128205128205128], [0.05128205128205128, -2e-05, -1e-05, -1e-05, 0.02564102564102564, 0.02564102564102564], [-1e-05, -2e-05, -2e-05, -2e-05, -1e-05, 0.07692307692307693], [-2e-05, 0.10256410256410256, -1e-05, -1e-05, -2e-05, -1e-05], [-1e-05, 0.05128205128205128, -2e-05, -2e-05, 0.05128205128205128, 0.10256410256410256], [0.05128205128205128, 0.05128205128205128, 0.07692307692307693, 0.05128205128205128, 0.05128205128205128, 0.07692307692307693]],