{"10_medium_full.json": [[0.0, 0.0, 0.0, 0.0, 0.0, 0.0, 0.0, 0.0, 0.0, 0.0], [0.0, 0.009207099158035012, 0.01895935550305894, 0.014113513840935248, 0.009207099158035012, 0.023017747895087527, 0.0, 0.0, 0.0, 0.0], [0.0, 0.009509964261917742, -1e-05, 0.017263310921315646, 0.040705069961838994, -2e-05, 0.009207099158035012, 0.0, 0.0, 0.0], [0.0, 0.015991277485008178, 0.11702707614028712, -1e-05, -1e-05, 0.01580955842267854, 0.0632988067114907, 0.03682839663214005, 0.009207099158035012, 0.0], [0.0, 0.10745653885759283, 0.010721424677448665, 0.025743533830032105, -2e-05, -2e-05, -2e-05, -1e-05, -2e-05, 0.0], [0.0, 0.014840390090253801, 0.11787509843115876, 0.02677327518323339, 0.01047913259434248, -1e-05, -2e-05, -2e-05, 0.010176267490459748, 0.0], [0.009752256345023927, 0.0, 0.02004966987703677, -1e-05, 0.014174086861711793, -2e-05, 0.009207099158035012, 0.010176267490459748, 0.0, 0.0], [0.0, 0.0, 0.02253316372887516, 0.041613665273487185, -1e-05, -1e-05, 0.015688412381125446, 0.03161911684535708, 0.00030286510388273063, 0.0], [0.0, 0.0, 0.01078199769822521, 0.00969168332424738, 0.010055121448906657, -1e-05, 0.013204918529287056, 0.009449391241141195, 0.0, 0.0], [0.0, 0.0, 0.0, 0.009207099158035012, 0.010660851656672118, 0.009207099158035012, -2e-05, 0.009207099158035012, 0.0, 0.0]], "10_hard_pruned.json": [[0.0, 0.0, 0.020512820512820513, -2e-05, 0.020512820512820513, 0.020512820512820513, 0.020512820512820513, 0.0, 0.0, 0.0], [0.3435897435897436, 0.0, 0.020512820512820513, -1e-05, 0.020512820512820513, -2e-05, 0.020512820512820513, 0.020512820512820513, 0.0, 0.0], [0.0, -2e-05, -2e-05, 0.005128205128205128, -1e-05, -1e-05, -1e-05, 0.005128205128205128, -2e-05, 0.0], [0.020512820512820513, 0.020512820512820513, -2e-05, -1e-05, -2e-05, 0.020512820512820513, 0.020512820512820513, 0.020512820512820513, 0.0, 0.0], [0.020512820512820513, -1e-05, -1e-05, 0.015384615384615385, 0.03076923076923077, 0.03076923076923077, 0.020512820512820513, 0.0, 0.0, 0.0], [0.020512820512820513, -1e-05, -1e-05, 0.015384615384615385, -2e-05, 0.0, 0.0, 0.0, 0.0, 0.0], [-2e-05, 0.020512820512820513, -1e-05, 0.020512820512820513, -2e-05, 0.0, 0.0, 0.0, 0.0, 0.0], [0.020512820512820513, 0.020512820512820513, -1e-05, 0.020512820512820513, 0.020512820512820513, 0.0, 0.0, 0.0, 0.0, 0.0], [0.0, 0.020512820512820513, -2e-05, 0.041025641025641026, 0.020512820512820513, -2e-05, -2e-05, 0.0, 0.0, 0.0], [0.0, 0.0, 0.0, 0.020512820512820513, -1e-05, 0.0, 0.0, 0.0, 0.0, 0.0]], "10_hard_full.json": [[0.0, 0.0, 0.015822784810126583, -2e-05, 0.015822784810126583, 0.015822784810126583, 0.015822784810126583, 0.015822784810126583, 0.0, 0.0], [0.370253164556962, 0.015822784810126583, 0.015822784810126583, -1e-05, 0.015822784810126583, -2e-05, 0.015822784810126583, 0.015822784810126583, 0.0, 0.0], [0.015822784810126583, -2e-05, -2e-05, 0.006329113924050633, 0.006329113924050633, -1e-05, -1e-05, 0.006329113924050633, -2e-05, 0.0], [0.015822784810126583, 0.015822784810126583, -2e-05, -1e-05, -2e-05, 0.015822784810126583, 0.015822784810126583, 0.015822784810126583, 0.0, 0.0], [0.015822784810126583, -1e-05, -1e-05, 0.012658227848101266, 0.02531645569620253, 0.022151898734177215, 0.015822784810126583, 0.015822784810126583, 0.0, 0.0], [0.015822784810126583, -1e-05, -1e-05, 0.012658227848101266, -2e-05, 0.0, 0.0, 0.0, 0.0, 0.0], [0.0031645569620253164, 0.015822784810126583, -1e-05, 0.015822784810126583, -2e-05, 0.0, 0.0, 0.0, 0.0, 0.0], [0.015822784810126583, 0.015822784810126583, -1e-05, 0.015822784810126583, 0.015822784810126583, 0.0, 0.0, 0.0, 0.0, 0.0], [0.015822784810126583, 0.015822784810126583, -2e-05, 0.028481012658227847, 0.015822784810126583, -2e-05, -2e-05, 0.0, 0.0, 0.0], [0.0, 0.0, 0.015822784810126583, 0.015822784810126583, -1e-05, 0.015822784810126583, 0.0, 0.0, 0.0, 0.0]], "10_medium_pruned.json": [[0.0, 0.0, 0.0, 0.0, 0.0, 0.0, 0.0, 0.0, 0.0, 0.0], [0.0196078431372549, 0.0196078431372549, 0.03529411764705882, 0.16470588235294117, 0.0196078431372549, 0.0196078431372549, 0.0, 0.0, 0.0, 0.0], [0.0196078431372549, 0.0196078431372549, -1e-05, 0.0196078431372549, 0.023529411764705882, -2e-05, 0.0196078431372549, 0.0, 0.0, 0.0], [0.011764705882352941, 0.011764705882352941, -1e-05, -1e-05, -1e-05, -2e-05, 0.0196078431372549, 0.0196078431372549, 0.0196078431372549, 0.0], [0.0196078431372549, 0.011764705882352941, 0.0392156862745098, 0.0196078431372549, -2e-05, -2e-05, -2e-05, -1e-05, -2e-05, 0.0], [0.0, 0.0196078431372549, 0.011764705882352941, 0.0196078431372549, 0.0196078431372549, -1e-05, -2e-05, -2e-05, 0.0196078431372549, 0.0], [0.0, 0.0, 0.0392156862745098, -1e-05, 0.0196078431372549, -2e-05, 0.0196078431372549, 0.0196078431372549, 0.0, 0.0], [0.0, 0.0, 0.0196078431372549, 0.0196078431372549, -1e-05, -1e-05, 0.0196078431372549, 0.0196078431372549, 0.0, 0.00392156862745098], [0.0, 0.0, 0.0196078431372549, 0.0196078431372549, 0.0196078431372549, -1e-05, 0.0196078431372549, 0.0196078431372549, 0.0, 0.0], [0.0, 0.0, 0.0, 0.0196078431372549, 0.0196078431372549, 0.0196078431372549, -2e-05, 0.0196078431372549, 0.0, 0.0]], "6_hard_pruned.json": [[0.2847682119205298, -2e-05, 0.026490066225165563, -1e-05, -1e-05, 0.026490066225165563], [0.033112582781456956, -2e-05, -1e-05, -2e-05, 0.039735099337748346, 0.033112582781456956], [0.046357615894039736, -1e-05, 0.033112582781456956, 0.052980132450331126, 0.039735099337748346, 0.033112582781456956], [-2e-05, -1e-05, 0.019867549668874173, -2e-05, 0.0, 0.013245033112582781], [0.052980132450331126, -1e-05, 0.046357615894039736, 0.052980132450331126, 0.052980132450331126, 0.0], [0.033112582781456956, -2e-05, 0.033112582781456956, 0.046357615894039736, -2e-05, 0.0]], "6_hard_full.json": [[0.3191489361702128, -2e-05, 0.0425531914893617, 0.015957446808510637, -1e-05, 0.026595744680851064], [0.031914893617021274, -2e-05, -1e-05, -2e-05, 0.03723404255319149, 0.031914893617021274], [0.0425531914893617, -1e-05, 0.03723404255319149, 0.05319148936170213, 0.03723404255319149, 0.0], [0.005319148936170213, -1e-05, 0.02127659574468085, -2e-05, 0.0, 0.010638297872340425], [0.047872340425531915, -1e-05, 0.047872340425531915, 0.047872340425531915, 0.03723404255319149, 0.0], [0.031914893617021274, -2e-05, 0.031914893617021274, 0.0425531914893617, -2e-05, 0.0]], "6_easy_full.json": [[0.03535353535353535, -1e-05, 0.015151515151515152, -2e-05, 0.03535353535353535, 0.04040404040404041], [0.03535353535353535, -2e-05, -1e-05, -1e-05, 0.025252525252525252, 0.025252525252525252], [-1e-05, -2e-05, -2e-05, -2e-05, -1e-05, 0.09090909090909091], [-2e-05, 0.31313131313131315, -1e-05, -1e-05, -2e-05, 0.015151515151515152], [-1e-05, 0.06565656565656566, -2e-05, -2e-05, 0.03535353535353535, 0.06565656565656566], [0.03535353535353535, 0.03535353535353535, 0.06060606060606061, 0.03535353535353535, 0.03535353535353535, 0.0]], "6_easy_pruned.json": [[0.037037037037037035, -1e-05, -2e-05, -2e-05, 0.037037037037037035, 0.05555555555555555], [0.037037037037037035, -2e-05, -1e-05, -1e-05, 0.018518518518518517, 0.018518518518518517], [-1e-05, -2e-05, -2e-05, -2e-05, -1e-05, 0.12962962962962962], [-2e-05, 0.25925925925925924, -1e-05, -1e-05, -2e-05, -1e-05], [-1e-05, 0.05555555555555555, -2e-05, -2e-05, 0.037037037037037035, 0.07407407407407407], [0.037037037037037035, 0.037037037037037035, 0.037037037037037035, 0.037037037037037035, 0.037037037037037035, 0.05555555555555555]],