{"10_medium_full.json": [[0.0, 0.0, 0.0, 0.0, 0.0, 0.0, 0.0, 0.0, 0.0, 0.0], [0.0, 0.007182651134950964, 0.009668953450895528, 0.008333717021962337, 0.007182651134950964, 0.020627100695243795, 0.0, 0.0, 0.0, 0.0], [0.0, 0.007504949583314149, -1e-05, 0.013490492195773286, 0.03669598047792256, -2e-05, 0.007182651134950964, 0.0, 0.0, 0.0], [0.0, 0.02601408904645702, 0.08536304618076339, -1e-05, -1e-05, 0.017450158847092407, 0.04972604631889129, 0.033380910723329806, 0.007182651134950964, 0.0], [0.0, 0.11436990653344997, 0.008103503844560062, 0.010958147244348267, -2e-05, -2e-05, -2e-05, -1e-05, -2e-05, 0.0], [0.0, 0.014365302269901929, 0.1272158018324969, 0.0314471200331507, 0.010037294534739168, -1e-05, -2e-05, -2e-05, 0.007919333302638243, 0.0], [0.0029006860352686586, 0.0, 0.01625305032460058, -1e-05, 0.03545282931995027, -2e-05, 0.007182651134950964, 0.007919333302638243, 0.0, 0.0], [0.0, 9.208527096090981e-05, 0.03130899212670933, 0.050877112205902665, -1e-05, -1e-05, 0.025507620056172017, 0.04125420139048759, 0.00036834108384363923, 0.0], [0.0, 0.0, 0.008379759657442792, 0.019568120079193334, 0.007735162760716423, -1e-05, 0.0343017634329389, 0.007366821676872784, 0.0, 0.0], [0.0, 0.0, 0.0, 0.019291864266310604, 0.008471844928403702, 0.007182651134950964, -2e-05, 0.007182651134950964, 0.0, 0.0]], "10_hard_pruned.json": [[0.0, 0.0, 0.016241299303944315, -2e-05, 0.01160092807424594, 0.01160092807424594, 0.01160092807424594, 0.0, 0.0, 0.0], [0.01160092807424594, 0.0, 0.01160092807424594, -1e-05, 0.01160092807424594, -2e-05, 0.01160092807424594, 0.01160092807424594, 0.0, 0.0], [0.0, -2e-05, -2e-05, 0.0069605568445475635, -1e-05, -1e-05, -1e-05, 0.009280742459396751, -2e-05, 0.0], [0.016241299303944315, 0.018561484918793503, -2e-05, -1e-05, -2e-05, 0.02088167053364269, 0.01160092807424594, 0.01160092807424594, 0.0, 0.0], [0.08120649651972157, -1e-05, -1e-05, 0.1925754060324826, 0.14385150812064965, 0.09048723897911833, 0.016241299303944315, 0.0, 0.0, 0.0], [0.016241299303944315, -1e-05, -1e-05, 0.01160092807424594, -2e-05, 0.0, 0.0, 0.0, 0.0, 0.0], [-2e-05, 0.02320185614849188, -1e-05, 0.013921113689095127, -2e-05, 0.0, 0.0, 0.0, 0.0, 0.0], [0.01160092807424594, 0.02088167053364269, -1e-05, 0.013921113689095127, 0.02088167053364269, 0.0, 0.0, 0.0, 0.0, 0.0], [0.0, 0.018561484918793503, -2e-05, 0.09280742459396751, 0.016241299303944315, -2e-05, -2e-05, 0.0, 0.0, 0.0], [0.0, 0.0, 0.0, 0.01160092807424594, -1e-05, 0.0, 0.0, 0.0, 0.0, 0.0]], "10_hard_full.json": [[0.0, 0.0, 0.013071895424836602, -2e-05, 0.00980392156862745, 0.00980392156862745, 0.00980392156862745, 0.00980392156862745, 0.0, 0.0], [0.00980392156862745, 0.00980392156862745, 0.00980392156862745, -1e-05, 0.00980392156862745, -2e-05, 0.00980392156862745, 0.00980392156862745, 0.0, 0.0], [0.00980392156862745, -2e-05, -2e-05, 0.006535947712418301, 0.06209150326797386, -1e-05, -1e-05, 0.008169934640522876, -2e-05, 0.0], [0.013071895424836602, 0.014705882352941176, -2e-05, -1e-05, -2e-05, 0.016339869281045753, 0.00980392156862745, 0.00980392156862745, 0.0, 0.0], [0.06862745098039216, -1e-05, -1e-05, 0.17647058823529413, 0.12581699346405228, 0.0784313725490196, 0.013071895424836602, 0.00980392156862745, 0.0, 0.0], [0.013071895424836602, -1e-05, -1e-05, 0.00980392156862745, -2e-05, 0.0, 0.0, 0.0, 0.0, 0.0], [0.0016339869281045752, 0.017973856209150325, -1e-05, 0.011437908496732025, -2e-05, 0.0, 0.0, 0.0, 0.0, 0.0], [0.00980392156862745, 0.016339869281045753, -1e-05, 0.013071895424836602, 0.016339869281045753, 0.0, 0.0, 0.0, 0.0, 0.0], [0.00980392156862745, 0.014705882352941176, -2e-05, 0.08333333333333333, 0.014705882352941176, -2e-05, -2e-05, 0.0, 0.0, 0.0], [0.0, 0.0, 0.00980392156862745, 0.00980392156862745, -1e-05, 0.014705882352941176, 0.0, 0.0, 0.0, 0.0]], "10_medium_pruned.json": [[0.0, 0.0, 0.0, 0.0, 0.0, 0.0, 0.0, 0.0, 0.0, 0.0], [0.01968503937007874, 0.01968503937007874, 0.03543307086614173, 0.023622047244094488, 0.01968503937007874, 0.01968503937007874, 0.0, 0.0, 0.0, 0.0], [0.01968503937007874, 0.01968503937007874, -1e-05, 0.01968503937007874, 0.16141732283464566, -2e-05, 0.01968503937007874, 0.0, 0.0, 0.0], [0.011811023622047244, 0.011811023622047244, -1e-05, -1e-05, -1e-05, -2e-05, 0.01968503937007874, 0.01968503937007874, 0.01968503937007874, 0.0], [0.01968503937007874, 0.011811023622047244, 0.03937007874015748, 0.01968503937007874, -2e-05, -2e-05, -2e-05, -1e-05, -2e-05, 0.0], [0.0, 0.01968503937007874, 0.011811023622047244, 0.01968503937007874, 0.01968503937007874, -1e-05, -2e-05, -2e-05, 0.01968503937007874, 0.0], [0.0, 0.0, 0.03937007874015748, -1e-05, 0.01968503937007874, -2e-05, 0.01968503937007874, 0.01968503937007874, 0.0, 0.0], [0.0, 0.0, 0.01968503937007874, 0.01968503937007874, -1e-05, -1e-05, 0.01968503937007874, 0.01968503937007874, 0.0, 0.003937007874015748], [0.0, 0.0, 0.01968503937007874, 0.01968503937007874, 0.01968503937007874, -1e-05, 0.01968503937007874, 0.01968503937007874, 0.0, 0.0], [0.0, 0.0, 0.0, 0.01968503937007874, 0.01968503937007874, 0.01968503937007874, -2e-05, 0.01968503937007874, 0.0, 0.0]], "6_hard_pruned.json": [[0.21333333333333335, -2e-05, 0.04, -1e-05, -1e-05, 0.02666666666666667], [0.03333333333333333, -2e-05, -1e-05, -2e-05, 0.04, 0.03333333333333333], [0.04, -1e-05, 0.03333333333333333, 0.04666666666666667, 0.03333333333333333, 0.03333333333333333], [-2e-05, -1e-05, 0.02, -2e-05, 0.0, 0.09333333333333334], [0.05333333333333334, -1e-05, 0.05333333333333334, 0.05333333333333334, 0.04, 0.0], [0.03333333333333333, -2e-05, 0.03333333333333333, 0.04666666666666667, -2e-05, 0.0]], "6_hard_full.json": [[0.24210526315789474, -2e-05, 0.04736842105263158, 0.03684210526315789, -1e-05, 0.02631578947368421], [0.031578947368421054, -2e-05, -1e-05, -2e-05, 0.03684210526315789, 0.031578947368421054], [0.03684210526315789, -1e-05, 0.042105263157894736, 0.04736842105263158, 0.031578947368421054, 0.0], [0.005263157894736842, -1e-05, 0.02631578947368421, -2e-05, 0.0, 0.06842105263157895], [0.04736842105263158, -1e-05, 0.05263157894736842, 0.04736842105263158, 0.03684210526315789, 0.0], [0.031578947368421054, -2e-05, 0.031578947368421054, 0.042105263157894736, -2e-05, 0.0]], "6_easy_full.json": [[0.03482587064676617, -1e-05, 0.014925373134328358, -2e-05, 0.03482587064676617, 0.03980099502487562], [0.03482587064676617, -2e-05, -1e-05, -1e-05, 0.024875621890547265, 0.03980099502487562], [-1e-05, -2e-05, -2e-05, -2e-05, -1e-05, 0.0945273631840796], [-2e-05, 0.3034825870646766, -1e-05, -1e-05, -2e-05, 0.014925373134328358], [-1e-05, 0.05970149253731343, -2e-05, -2e-05, 0.03482587064676617, 0.06467661691542288], [0.03482587064676617, 0.03482587064676617, 0.06467661691542288, 0.03482587064676617, 0.03482587064676617, 0.0]], "6_easy_pruned.json": [[0.037037037037037035, -1e-05, -2e-05, -2e-05, 0.037037037037037035, 0.05555555555555555], [0.037037037037037035, -2e-05, -1e-05, -1e-05, 0.018518518518518517, 0.018518518518518517], [-1e-05, -2e-05, -2e-05, -2e-05, -1e-05, 0.12962962962962962], [-2e-05, 0.25925925925925924, -1e-05, -1e-05, -2e-05, -1e-05], [-1e-05, 0.05555555555555555, -2e-05, -2e-05, 0.037037037037037035, 0.07407407407407407], [0.037037037037037035, 0.037037037037037035, 0.037037037037037035, 0.037037037037037035, 0.037037037037037035, 0.05555555555555555]],