{"10_medium_full.json": [[0.0, 0.0, 0.0, 0.0, 0.0, 0.0, 0.0, 0.0, 0.0, 0.0], [0.0, 0.023809523809523808, 0.023809523809523808, 0.023809523809523808, 0.023809523809523808, 0.023809523809523808, 0.0, 0.0, 0.0, 0.0], [0.0, 0.023809523809523808, -1e-05, 0.023809523809523808, 0.023809523809523808, -2e-05, 0.023809523809523808, 0.0, 0.0, 0.0], [0.0, 0.03968253968253968, 0.03968253968253968, -1e-05, -1e-05, 0.015873015873015872, 0.05555555555555555, 0.05555555555555555, 0.023809523809523808, 0.0], [0.0, 0.007936507936507936, 0.023809523809523808, 0.023809523809523808, -2e-05, -2e-05, -2e-05, -1e-05, -2e-05, 0.0], [0.0, 0.023809523809523808, 0.007936507936507936, 0.023809523809523808, 0.023809523809523808, -1e-05, -2e-05, -2e-05, 0.023809523809523808, 0.0], [0.0, 0.0, 0.023809523809523808, -1e-05, 0.023809523809523808, -2e-05, 0.023809523809523808, 0.023809523809523808, 0.0, 0.0], [0.0, 0.0, 0.023809523809523808, 0.023809523809523808, -1e-05, -1e-05, 0.015873015873015872, 0.023809523809523808, 0.0, 0.0], [0.0, 0.0, 0.023809523809523808, 0.023809523809523808, 0.023809523809523808, -1e-05, 0.023809523809523808, 0.023809523809523808, 0.0, 0.0], [0.0, 0.0, 0.0, 0.023809523809523808, 0.023809523809523808, 0.023809523809523808, -2e-05, 0.023809523809523808, 0.0, 0.0]], "10_hard_pruned.json": [[0.0, 0.0, 0.029411764705882353, -2e-05, 0.029411764705882353, 0.029411764705882353, 0.029411764705882353, 0.0, 0.0, 0.0], [0.0, 0.0, 0.029411764705882353, -1e-05, 0.029411764705882353, -2e-05, 0.029411764705882353, 0.029411764705882353, 0.0, 0.0], [0.0, -2e-05, -2e-05, 0.058823529411764705, -1e-05, -1e-05, -1e-05, 0.058823529411764705, -2e-05, 0.0], [0.04411764705882353, 0.029411764705882353, -2e-05, -1e-05, -2e-05, 0.029411764705882353, 0.029411764705882353, 0.029411764705882353, 0.0, 0.0], [0.029411764705882353, -1e-05, -1e-05, 0.029411764705882353, 0.014705882352941176, 0.014705882352941176, 0.029411764705882353, 0.0, 0.0, 0.0], [0.029411764705882353, -1e-05, -1e-05, 0.029411764705882353, -2e-05, 0.014705882352941176, 0.0, 0.0, 0.0, 0.0], [-2e-05, 0.029411764705882353, -1e-05, 0.04411764705882353, -2e-05, 0.0, 0.0, 0.0, 0.0, 0.0], [0.029411764705882353, 0.029411764705882353, -1e-05, 0.014705882352941176, 0.029411764705882353, 0.0, 0.0, 0.0, 0.0, 0.0], [0.0, 0.029411764705882353, -2e-05, 0.029411764705882353, 0.029411764705882353, -2e-05, -2e-05, 0.0, 0.0, 0.0], [0.0, 0.0, 0.0, 0.029411764705882353, -1e-05, 0.0, 0.0, 0.0, 0.0, 0.0]], "10_hard_full.json": [[0.0, 0.0, 0.015384615384615385, -2e-05, 0.015384615384615385, 0.015384615384615385, 0.015384615384615385, 0.015384615384615385, 0.0, 0.0], [0.046153846153846156, 0.015384615384615385, 0.015384615384615385, -1e-05, 0.015384615384615385, -2e-05, 0.015384615384615385, 0.015384615384615385, 0.0, 0.0], [0.015384615384615385, -2e-05, -2e-05, 0.015384615384615385, 0.13846153846153847, -1e-05, -1e-05, 0.015384615384615385, -2e-05, 0.0], [0.015384615384615385, 0.015384615384615385, -2e-05, -1e-05, -2e-05, 0.015384615384615385, 0.015384615384615385, 0.03076923076923077, 0.0, 0.0], [0.015384615384615385, -1e-05, -1e-05, 0.09230769230769231, 0.046153846153846156, 0.03076923076923077, 0.015384615384615385, 0.015384615384615385, 0.0, 0.0], [0.015384615384615385, -1e-05, -1e-05, 0.015384615384615385, -2e-05, 0.015384615384615385, 0.0, 0.0, 0.0, 0.0], [0.015384615384615385, 0.015384615384615385, -1e-05, 0.015384615384615385, -2e-05, 0.0, 0.0, 0.0, 0.0, 0.0], [0.015384615384615385, 0.015384615384615385, -1e-05, 0.015384615384615385, 0.015384615384615385, 0.0, 0.0, 0.0, 0.0, 0.0], [0.015384615384615385, 0.015384615384615385, -2e-05, 0.03076923076923077, 0.046153846153846156, -2e-05, -2e-05, 0.0, 0.0, 0.0], [0.0, 0.0, 0.015384615384615385, 0.015384615384615385, -1e-05, 0.015384615384615385, 0.0, 0.0, 0.0, 0.0]], "10_medium_pruned.json": [[0.0, 0.0, 0.0, 0.0, 0.0, 0.0, 0.0, 0.0, 0.0, 0.0], [0.018867924528301886, 0.018867924528301886, 0.018867924528301886, 0.018867924528301886, 0.018867924528301886, 0.018867924528301886, 0.0, 0.0, 0.0, 0.0], [0.018867924528301886, 0.018867924528301886, -1e-05, 0.018867924528301886, 0.018867924528301886, -2e-05, 0.018867924528301886, 0.0, 0.0, 0.0], [0.10377358490566038, 0.07547169811320754, -1e-05, -1e-05, -1e-05, -2e-05, 0.018867924528301886, 0.018867924528301886, 0.018867924528301886, 0.0], [0.018867924528301886, 0.018867924528301886, 0.018867924528301886, 0.02830188679245283, -2e-05, -2e-05, -2e-05, -1e-05, -2e-05, 0.0], [0.0, 0.018867924528301886, 0.018867924528301886, 0.07547169811320754, 0.018867924528301886, -1e-05, -2e-05, -2e-05, 0.018867924528301886, 0.0], [0.0, 0.0, 0.018867924528301886, -1e-05, 0.018867924528301886, -2e-05, 0.018867924528301886, 0.018867924528301886, 0.0, 0.0], [0.0, 0.0, 0.018867924528301886, 0.018867924528301886, -1e-05, -1e-05, 0.018867924528301886, 0.018867924528301886, 0.0, 0.0], [0.0, 0.0, 0.018867924528301886, 0.018867924528301886, 0.018867924528301886, -1e-05, 0.018867924528301886, 0.018867924528301886, 0.0, 0.0], [0.0, 0.0, 0.0, 0.018867924528301886, 0.018867924528301886, 0.018867924528301886, -2e-05, 0.018867924528301886, 0.0, 0.0]], "6_hard_pruned.json": [[0.125, -2e-05, 0.05, -1e-05, -1e-05, 0.1], [0.025, -2e-05, -1e-05, -2e-05, 0.05, 0.025], [0.025, -1e-05, 0.1, 0.025, 0.075, 0.05], [-2e-05, -1e-05, 0.125, -2e-05, 0.0, 0.0], [0.025, -1e-05, 0.025, 0.1, 0.0, 0.0], [0.025, -2e-05, 0.025, 0.025, -2e-05, 0.0]], "6_hard_full.json": [[0.11363636363636363, -2e-05, 0.022727272727272728, 0.045454545454545456, -1e-05, 0.022727272727272728], [0.022727272727272728, -2e-05, -1e-05, -2e-05, 0.022727272727272728, 0.022727272727272728], [0.13636363636363635, -1e-05, 0.11363636363636363, 0.022727272727272728, 0.045454545454545456, 0.0], [0.045454545454545456, -1e-05, 0.045454545454545456, -2e-05, 0.0, 0.022727272727272728], [0.022727272727272728, -1e-05, 0.045454545454545456, 0.022727272727272728, 0.045454545454545456, 0.0], [0.022727272727272728, -2e-05, 0.045454545454545456, 0.09090909090909091, -2e-05, 0.0]], "6_easy_full.json": [[0.047619047619047616, -1e-05, 0.015873015873015872, -2e-05, 0.047619047619047616, 0.047619047619047616], [0.047619047619047616, -2e-05, -1e-05, -1e-05, 0.12698412698412698, 0.09523809523809523], [-1e-05, -2e-05, -2e-05, -2e-05, -1e-05, 0.031746031746031744], [-2e-05, 0.06349206349206349, -1e-05, -1e-05, -2e-05, 0.015873015873015872], [-1e-05, 0.047619047619047616, -2e-05, -2e-05, 0.06349206349206349, 0.047619047619047616], [0.047619047619047616, 0.047619047619047616, 0.1111111111111111, 0.047619047619047616, 0.047619047619047616, 0.0]], "6_easy_pruned.json": [[0.0425531914893617, -1e-05, -2e-05, -2e-05, 0.0425531914893617, 0.0425531914893617], [0.0425531914893617, -2e-05, -1e-05, -1e-05, 0.14893617021276595, 0.10638297872340426], [-1e-05, -2e-05, -2e-05, -2e-05, -1e-05, 0.02127659574468085], [-2e-05, 0.06382978723404255, -1e-05, -1e-05, -2e-05, -1e-05], [-1e-05, 0.0425531914893617, -2e-05, -2e-05, 0.06382978723404255, 0.0425531914893617], [0.0425531914893617, 0.0425531914893617, 0.1276595744680851, 0.0425531914893617, 0.0425531914893617, 0.0425531914893617]],