{"10_medium_full.json": [[0.005714285714285714, 0.005714285714285714, 0.011428571428571429, 0.011428571428571429, 0.011428571428571429, 0.005714285714285714, 0.011428571428571429, 0.011428571428571429, 0.005714285714285714, 0.005714285714285714], [0.005714285714285714, 0.005714285714285714, 0.017142857142857144, 0.017142857142857144, 0.005714285714285714, 0.011428571428571429, 0.005714285714285714, 0.011428571428571429, 0.005714285714285714, 0.005714285714285714], [0.011428571428571429, 0.011428571428571429, -1e-05, 0.02857142857142857, 0.011428571428571429, -2e-05, 0.0, 0.011428571428571429, 0.0, 0.005714285714285714], [0.017142857142857144, 0.017142857142857144, 0.017142857142857144, -1e-05, -1e-05, 0.017142857142857144, 0.017142857142857144, 0.017142857142857144, 0.011428571428571429, 0.005714285714285714], [0.011428571428571429, 0.011428571428571429, 0.022857142857142857, 0.02857142857142857, -2e-05, -2e-05, -2e-05, -1e-05, -2e-05, 0.011428571428571429], [0.017142857142857144, 0.017142857142857144, 0.011428571428571429, 0.005714285714285714, 0.017142857142857144, -1e-05, -2e-05, -2e-05, 0.011428571428571429, 0.005714285714285714], [0.011428571428571429, 0.017142857142857144, 0.017142857142857144, -1e-05, 0.017142857142857144, -2e-05, 0.011428571428571429, 0.011428571428571429, 0.005714285714285714, 0.005714285714285714], [0.017142857142857144, 0.017142857142857144, 0.017142857142857144, 0.03428571428571429, -1e-05, -1e-05, 0.017142857142857144, 0.017142857142857144, 0.017142857142857144, 0.011428571428571429], [0.005714285714285714, 0.011428571428571429, 0.011428571428571429, 0.017142857142857144, 0.011428571428571429, -1e-05, 0.017142857142857144, 0.011428571428571429, 0.011428571428571429, 0.011428571428571429], [0.011428571428571429, 0.011428571428571429, 0.005714285714285714, 0.017142857142857144, 0.011428571428571429, 0.005714285714285714, -2e-05, 0.017142857142857144, 0.005714285714285714, 0.011428571428571429]], "10_hard_pruned.json": [[0.009009009009009009, 0.0, 0.018018018018018018, -2e-05, 0.009009009009009009, 0.009009009009009009, 0.009009009009009009, 0.009009009009009009, 0.018018018018018018, 0.009009009009009009], [0.009009009009009009, 0.009009009009009009, 0.009009009009009009, -1e-05, 0.009009009009009009, -2e-05, 0.009009009009009009, 0.018018018018018018, 0.009009009009009009, 0.009009009009009009], [0.009009009009009009, -2e-05, -2e-05, 0.018018018018018018, -1e-05, -1e-05, -1e-05, 0.018018018018018018, -2e-05, 0.009009009009009009], [0.009009009009009009, 0.009009009009009009, -2e-05, -1e-05, -2e-05, 0.05405405405405406, 0.009009009009009009, 0.009009009009009009, 0.009009009009009009, 0.009009009009009009], [0.02702702702702703, -1e-05, -1e-05, 0.05405405405405406, 0.009009009009009009, 0.05405405405405406, 0.05405405405405406, 0.009009009009009009, 0.009009009009009009, 0.009009009009009009], [0.009009009009009009, -1e-05, -1e-05, 0.009009009009009009, -2e-05, 0.009009009009009009, 0.009009009009009009, 0.05405405405405406, 0.009009009009009009, 0.009009009009009009], [-2e-05, 0.009009009009009009, -1e-05, 0.009009009009009009, -2e-05, 0.009009009009009009, 0.009009009009009009, 0.009009009009009009, 0.009009009009009009, 0.009009009009009009], [0.009009009009009009, 0.009009009009009009, -1e-05, 0.02702702702702703, 0.009009009009009009, 0.009009009009009009, 0.009009009009009009, 0.009009009009009009, 0.009009009009009009, 0.009009009009009009], [0.009009009009009009, 0.009009009009009009, -2e-05, 0.009009009009009009, 0.018018018018018018, -2e-05, -2e-05, 0.009009009009009009, 0.009009009009009009, 0.009009009009009009], [0.009009009009009009, 0.009009009009009009, 0.009009009009009009, 0.009009009009009009, -1e-05, 0.02702702702702703, 0.009009009009009009, 0.009009009009009009, 0.009009009009009009, 0.009009009009009009]], "10_hard_full.json": [[0.009174311926605505, 0.009174311926605505, 0.009174311926605505, -2e-05, 0.009174311926605505, 0.009174311926605505, 0.009174311926605505, 0.009174311926605505, 0.01834862385321101, 0.009174311926605505], [0.01834862385321101, 0.009174311926605505, 0.009174311926605505, -1e-05, 0.009174311926605505, -2e-05, 0.009174311926605505, 0.01834862385321101, 0.009174311926605505, 0.009174311926605505], [0.009174311926605505, -2e-05, -2e-05, 0.009174311926605505, 0.027522935779816515, -1e-05, -1e-05, 0.009174311926605505, -2e-05, 0.009174311926605505], [0.009174311926605505, 0.009174311926605505, -2e-05, -1e-05, -2e-05, 0.01834862385321101, 0.009174311926605505, 0.009174311926605505, 0.009174311926605505, 0.009174311926605505], [0.01834862385321101, -1e-05, -1e-05, 0.09174311926605505, 0.009174311926605505, 0.06422018348623854, 0.03669724770642202, 0.009174311926605505, 0.009174311926605505, 0.009174311926605505], [0.009174311926605505, -1e-05, -1e-05, 0.009174311926605505, -2e-05, 0.01834862385321101, 0.009174311926605505, 0.01834862385321101, 0.009174311926605505, 0.009174311926605505], [0.027522935779816515, 0.009174311926605505, -1e-05, 0.009174311926605505, -2e-05, 0.009174311926605505, 0.009174311926605505, 0.009174311926605505, 0.009174311926605505, 0.009174311926605505], [0.009174311926605505, 0.009174311926605505, -1e-05, 0.01834862385321101, 0.009174311926605505, 0.009174311926605505, 0.009174311926605505, 0.009174311926605505, 0.009174311926605505, 0.009174311926605505], [0.009174311926605505, 0.009174311926605505, -2e-05, 0.009174311926605505, 0.01834862385321101, -2e-05, -2e-05, 0.009174311926605505, 0.009174311926605505, 0.009174311926605505], [0.009174311926605505, 0.009174311926605505, 0.009174311926605505, 0.009174311926605505, -1e-05, 0.01834862385321101, 0.009174311926605505, 0.009174311926605505, 0.009174311926605505, 0.009174311926605505]], "10_medium_pruned.json": [[0.0, 0.0, 0.017094017094017096, 0.008547008547008548, 0.008547008547008548, 0.008547008547008548, 0.008547008547008548, 0.008547008547008548, 0.0, 0.0], [0.008547008547008548, 0.0, 0.05128205128205128, 0.008547008547008548, 0.008547008547008548, 0.008547008547008548, 0.0, 0.008547008547008548, 0.0, 0.0], [0.008547008547008548, 0.008547008547008548, -1e-05, 0.02564102564102564, 0.008547008547008548, -2e-05, 0.0, 0.008547008547008548, 0.0, 0.0], [0.05128205128205128, 0.05128205128205128, -1e-05, -1e-05, -1e-05, -2e-05, 0.0, 0.008547008547008548, 0.0, 0.0], [0.008547008547008548, 0.008547008547008548, 0.05128205128205128, 0.02564102564102564, -2e-05, -2e-05, -2e-05, -1e-05, -2e-05, 0.008547008547008548], [0.008547008547008548, 0.017094017094017096, 0.008547008547008548, 0.03418803418803419, 0.017094017094017096, -1e-05, -2e-05, -2e-05, 0.008547008547008548, 0.0], [0.008547008547008548, 0.02564102564102564, 0.05982905982905983, -1e-05, 0.008547008547008548, -2e-05, 0.008547008547008548, 0.008547008547008548, 0.0, 0.0], [0.02564102564102564, 0.03418803418803419, 0.03418803418803419, 0.042735042735042736, -1e-05, -1e-05, 0.03418803418803419, 0.03418803418803419, 0.02564102564102564, 0.008547008547008548], [0.0, 0.008547008547008548, 0.008547008547008548, 0.008547008547008548, 0.008547008547008548, -1e-05, 0.008547008547008548, 0.008547008547008548, 0.008547008547008548, 0.008547008547008548], [0.008547008547008548, 0.008547008547008548, 0.0, 0.008547008547008548, 0.008547008547008548, 0.0, -2e-05, 0.008547008547008548, 0.0, 0.008547008547008548]], "6_hard_pruned.json": [[0.09090909090909091, -2e-05, 0.05454545454545454, -1e-05, -1e-05, 0.03636363636363636], [0.01818181818181818, -2e-05, -1e-05, -2e-05, 0.01818181818181818, 0.01818181818181818], [0.03636363636363636, -1e-05, 0.07272727272727272, 0.03636363636363636, 0.01818181818181818, 0.01818181818181818], [-2e-05, -1e-05, 0.07272727272727272, -2e-05, 0.03636363636363636, 0.01818181818181818], [0.03636363636363636, -1e-05, 0.10909090909090909, 0.03636363636363636, 0.07272727272727272, 0.03636363636363636], [0.01818181818181818, -2e-05, 0.05454545454545454, 0.07272727272727272, -2e-05, 0.01818181818181818]],