{"10_medium_full.json": [[0.0, 0.0, 0.010101010101010102, 0.010101010101010102, 0.010101010101010102, 0.0, 0.010101010101010102, 0.010101010101010102, 0.0, 0.0], [0.0, 0.0, 0.020202020202020204, 0.010101010101010102, 0.0, 0.010101010101010102, 0.0, 0.010101010101010102, 0.0, 0.0], [0.010101010101010102, 0.010101010101010102, -1e-05, 0.020202020202020204, 0.010101010101010102, -2e-05, 0.0, 0.010101010101010102, 0.0, 0.0], [0.04040404040404041, 0.030303030303030304, 0.06060606060606061, -1e-05, -1e-05, 0.050505050505050504, 0.020202020202020204, 0.020202020202020204, 0.010101010101010102, 0.0], [0.010101010101010102, 0.06060606060606061, 0.030303030303030304, 0.030303030303030304, -2e-05, -2e-05, -2e-05, -1e-05, -2e-05, 0.010101010101010102], [0.0, 0.010101010101010102, 0.06060606060606061, 0.030303030303030304, 0.010101010101010102, -1e-05, -2e-05, -2e-05, 0.010101010101010102, 0.0], [0.010101010101010102, 0.010101010101010102, 0.010101010101010102, -1e-05, 0.010101010101010102, -2e-05, 0.010101010101010102, 0.010101010101010102, 0.0, 0.0], [0.010101010101010102, 0.020202020202020204, 0.020202020202020204, 0.020202020202020204, -1e-05, -1e-05, 0.020202020202020204, 0.020202020202020204, 0.020202020202020204, 0.010101010101010102], [0.0, 0.010101010101010102, 0.010101010101010102, 0.010101010101010102, 0.010101010101010102, -1e-05, 0.010101010101010102, 0.010101010101010102, 0.010101010101010102, 0.010101010101010102], [0.010101010101010102, 0.010101010101010102, 0.0, 0.010101010101010102, 0.010101010101010102, 0.0, -2e-05, 0.010101010101010102, 0.0, 0.010101010101010102]], "10_hard_pruned.json": [[0.0, 0.0, 0.010416666666666666, -2e-05, 0.0, 0.0, 0.010416666666666666, 0.0, 0.010416666666666666, 0.0], [0.010416666666666666, 0.010416666666666666, 0.010416666666666666, -1e-05, 0.010416666666666666, -2e-05, 0.010416666666666666, 0.010416666666666666, 0.0, 0.0], [0.0, -2e-05, -2e-05, 0.052083333333333336, -1e-05, -1e-05, -1e-05, 0.052083333333333336, -2e-05, 0.0], [0.020833333333333332, 0.020833333333333332, -2e-05, -1e-05, -2e-05, 0.0625, 0.010416666666666666, 0.0, 0.0, 0.0], [0.020833333333333332, -1e-05, -1e-05, 0.03125, 0.03125, 0.020833333333333332, 0.0625, 0.010416666666666666, 0.0, 0.0], [0.020833333333333332, -1e-05, -1e-05, 0.041666666666666664, -2e-05, 0.010416666666666666, 0.010416666666666666, 0.020833333333333332, 0.010416666666666666, 0.0], [-2e-05, 0.03125, -1e-05, 0.03125, -2e-05, 0.010416666666666666, 0.010416666666666666, 0.0, 0.010416666666666666, 0.010416666666666666], [0.010416666666666666, 0.03125, -1e-05, 0.020833333333333332, 0.03125, 0.010416666666666666, 0.010416666666666666, 0.010416666666666666, 0.0, 0.0], [0.010416666666666666, 0.020833333333333332, -2e-05, 0.020833333333333332, 0.020833333333333332, -2e-05, -2e-05, 0.0, 0.0, 0.0], [0.010416666666666666, 0.010416666666666666, 0.010416666666666666, 0.010416666666666666, -1e-05, 0.020833333333333332, 0.010416666666666666, 0.010416666666666666, 0.010416666666666666, 0.0]], "10_hard_full.json": [[0.005649717514124294, 0.005649717514124294, 0.011299435028248588, -2e-05, 0.005649717514124294, 0.005649717514124294, 0.011299435028248588, 0.005649717514124294, 0.011299435028248588, 0.005649717514124294], [0.011299435028248588, 0.011299435028248588, 0.011299435028248588, -1e-05, 0.011299435028248588, -2e-05, 0.011299435028248588, 0.011299435028248588, 0.005649717514124294, 0.005649717514124294], [0.011299435028248588, -2e-05, -2e-05, 0.02824858757062147, 0.05084745762711865, -1e-05, -1e-05, 0.02824858757062147, -2e-05, 0.005649717514124294], [0.01694915254237288, 0.01694915254237288, -2e-05, -1e-05, -2e-05, 0.022598870056497175, 0.011299435028248588, 0.005649717514124294, 0.005649717514124294, 0.005649717514124294], [0.01694915254237288, -1e-05, -1e-05, 0.02824858757062147, 0.01694915254237288, 0.01694915254237288, 0.022598870056497175, 0.011299435028248588, 0.005649717514124294, 0.005649717514124294], [0.01694915254237288, -1e-05, -1e-05, 0.022598870056497175, -2e-05, 0.011299435028248588, 0.011299435028248588, 0.011299435028248588, 0.011299435028248588, 0.005649717514124294], [0.062146892655367235, 0.01694915254237288, -1e-05, 0.01694915254237288, -2e-05, 0.011299435028248588, 0.011299435028248588, 0.005649717514124294, 0.005649717514124294, 0.011299435028248588], [0.011299435028248588, 0.01694915254237288, -1e-05, 0.01694915254237288, 0.01694915254237288, 0.011299435028248588, 0.011299435028248588, 0.011299435028248588, 0.005649717514124294, 0.005649717514124294], [0.011299435028248588, 0.01694915254237288, -2e-05, 0.01694915254237288, 0.01694915254237288, -2e-05, -2e-05, 0.005649717514124294, 0.005649717514124294, 0.005649717514124294], [0.011299435028248588, 0.011299435028248588, 0.011299435028248588, 0.011299435028248588, -1e-05, 0.01694915254237288, 0.011299435028248588, 0.011299435028248588, 0.011299435028248588, 0.005649717514124294]], "10_medium_pruned.json": [[0.0, 0.0, 0.07142857142857142, 0.0, 0.0, 0.0, 0.0, 0.0, 0.0, 0.0], [0.0, 0.0, 0.047619047619047616, 0.0, 0.0, 0.0, 0.0, 0.0, 0.0, 0.0], [0.0, 0.0, -1e-05, 0.023809523809523808, 0.0, -2e-05, 0.0, 0.0, 0.0, 0.0], [0.11904761904761904, 0.11904761904761904, -1e-05, -1e-05, -1e-05, -2e-05, 0.0, 0.0, 0.0, 0.0], [0.0, 0.14285714285714285, 0.11904761904761904, 0.023809523809523808, -2e-05, -2e-05, -2e-05, -1e-05, -2e-05, 0.0], [0.0, 0.0, 0.14285714285714285, 0.023809523809523808, 0.0, -1e-05, -2e-05, -2e-05, 0.0, 0.0], [0.0, 0.0, 0.023809523809523808, -1e-05, 0.0, -2e-05, 0.0, 0.0, 0.0, 0.0], [0.0, 0.023809523809523808, 0.023809523809523808, 0.023809523809523808, -1e-05, -1e-05, 0.023809523809523808, 0.023809523809523808, 0.023809523809523808, 0.0], [0.0, 0.0, 0.0, 0.0, 0.0, -1e-05, 0.0, 0.0, 0.0, 0.0], [0.0, 0.0, 0.0, 0.0, 0.0, 0.0, -2e-05, 0.0, 0.0, 0.0]], "6_hard_pruned.json": [[0.016129032258064516, -2e-05, 0.016129032258064516, -1e-05, -1e-05, 0.016129032258064516], [0.03225806451612903, -2e-05, -1e-05, -2e-05, 0.03225806451612903, 0.016129032258064516], [0.03225806451612903, -1e-05, 0.04838709677419355, 0.14516129032258066, 0.06451612903225806, 0.016129032258064516], [-2e-05, -1e-05, 0.12903225806451613, -2e-05, 0.06451612903225806, 0.016129032258064516], [0.03225806451612903, -1e-05, 0.04838709677419355, 0.08064516129032258, 0.04838709677419355, 0.03225806451612903], [0.03225806451612903, -2e-05, 0.016129032258064516, 0.04838709677419355, -2e-05, 0.016129032258064516]], "6_hard_full.json": [[0.012048192771084338, -2e-05, 0.012048192771084338, 0.024096385542168676, -1e-05, 0.024096385542168676], [0.03614457831325301, -2e-05, -1e-05, -2e-05, 0.03614457831325301, 0.024096385542168676], [0.03614457831325301, -1e-05, 0.03614457831325301, 0.10843373493975904, 0.060240963855421686, 0.024096385542168676], [0.024096385542168676, -1e-05, 0.10843373493975904, -2e-05, 0.060240963855421686, 0.024096385542168676], [0.03614457831325301, -1e-05, 0.03614457831325301, 0.07228915662650602, 0.04819277108433735, 0.03614457831325301], [0.03614457831325301, -2e-05, 0.024096385542168676, 0.03614457831325301, -2e-05, 0.024096385542168676]], "6_easy_full.json": [[0.022727272727272728, -1e-05, 0.13636363636363635, -2e-05, 0.022727272727272728, 0.022727272727272728], [0.022727272727272728, -2e-05, -1e-05, -1e-05, 0.18181818181818182, 0.18181818181818182], [-1e-05, -2e-05, -2e-05, -2e-05, -1e-05, 0.045454545454545456], [-2e-05, 0.022727272727272728, -1e-05, -1e-05, -2e-05, 0.13636363636363635], [-1e-05, 0.022727272727272728, -2e-05, -2e-05, 0.022727272727272728, 0.022727272727272728], [0.022727272727272728, 0.022727272727272728, 0.022727272727272728, 0.022727272727272728, 0.022727272727272728, 0.022727272727272728]], "6_easy_pruned.json": [[0.0, -1e-05, -2e-05, -2e-05, 0.06666666666666667, 0.13333333333333333], [0.0, -2e-05, -1e-05, -1e-05, 0.26666666666666666, 0.2], [-1e-05, -2e-05, -2e-05, -2e-05, -1e-05, 0.13333333333333333], [-2e-05, 0.0, -1e-05, -1e-05, -2e-05, -1e-05], [-1e-05, 0.0, -2e-05, -2e-05, 0.0, 0.1], [0.0, 0.0, 0.0, 0.0, 0.0, 0.1]],