{"10_medium_full.json": [[0.0, 0.0, 0.0, 0.0, 0.0, 0.0, 0.0, 0.0, 0.0, 0.0], [0.0, 0.0, 0.01282051282051282, 0.01282051282051282, 0.0, 0.01282051282051282, 0.0, 0.0, 0.0, 0.0], [0.0, 0.01282051282051282, -1e-05, 0.02564102564102564, 0.01282051282051282, -2e-05, 0.0, 0.0, 0.0, 0.0], [0.0, 0.02564102564102564, 0.15384615384615385, -1e-05, -1e-05, 0.16666666666666666, 0.02564102564102564, 0.02564102564102564, 0.01282051282051282, 0.0], [0.0, 0.05128205128205128, 0.02564102564102564, 0.038461538461538464, -2e-05, -2e-05, -2e-05, -1e-05, -2e-05, 0.0], [0.0, 0.01282051282051282, 0.05128205128205128, 0.038461538461538464, 0.01282051282051282, -1e-05, -2e-05, -2e-05, 0.01282051282051282, 0.0], [0.0, 0.0, 0.01282051282051282, -1e-05, 0.01282051282051282, -2e-05, 0.01282051282051282, 0.01282051282051282, 0.0, 0.0], [0.0, 0.0, 0.02564102564102564, 0.02564102564102564, -1e-05, -1e-05, 0.02564102564102564, 0.02564102564102564, 0.0, 0.0], [0.0, 0.0, 0.01282051282051282, 0.01282051282051282, 0.01282051282051282, -1e-05, 0.01282051282051282, 0.01282051282051282, 0.0, 0.0], [0.0, 0.0, 0.0, 0.01282051282051282, 0.01282051282051282, 0.0, -2e-05, 0.01282051282051282, 0.0, 0.0]], "10_hard_pruned.json": [[0.0, 0.0, 0.014084507042253521, -2e-05, 0.0, 0.0, 0.014084507042253521, 0.0, 0.0, 0.0], [0.0, 0.0, 0.014084507042253521, -1e-05, 0.014084507042253521, -2e-05, 0.014084507042253521, 0.014084507042253521, 0.0, 0.0], [0.0, -2e-05, -2e-05, 0.07042253521126761, -1e-05, -1e-05, -1e-05, 0.07042253521126761, -2e-05, 0.0], [0.028169014084507043, 0.028169014084507043, -2e-05, -1e-05, -2e-05, 0.08450704225352113, 0.014084507042253521, 0.0, 0.0, 0.0], [0.028169014084507043, -1e-05, -1e-05, 0.04225352112676056, 0.04225352112676056, 0.028169014084507043, 0.08450704225352113, 0.0, 0.0, 0.0], [0.028169014084507043, -1e-05, -1e-05, 0.056338028169014086, -2e-05, 0.0, 0.0, 0.0, 0.0, 0.0], [-2e-05, 0.04225352112676056, -1e-05, 0.04225352112676056, -2e-05, 0.0, 0.0, 0.0, 0.0, 0.0], [0.014084507042253521, 0.04225352112676056, -1e-05, 0.028169014084507043, 0.04225352112676056, 0.0, 0.0, 0.0, 0.0, 0.0], [0.0, 0.028169014084507043, -2e-05, 0.028169014084507043, 0.028169014084507043, -2e-05, -2e-05, 0.0, 0.0, 0.0], [0.0, 0.0, 0.0, 0.014084507042253521, -1e-05, 0.0, 0.0, 0.0, 0.0, 0.0]], "10_hard_full.json": [[0.0, 0.0, 0.008064516129032258, -2e-05, 0.008064516129032258, 0.008064516129032258, 0.016129032258064516, 0.008064516129032258, 0.0, 0.0], [0.0, 0.016129032258064516, 0.016129032258064516, -1e-05, 0.016129032258064516, -2e-05, 0.024193548387096774, 0.016129032258064516, 0.0, 0.0], [0.008064516129032258, -2e-05, -2e-05, 0.03225806451612903, 0.07258064516129033, -1e-05, -1e-05, 0.04032258064516129, -2e-05, 0.0], [0.024193548387096774, 0.024193548387096774, -2e-05, -1e-05, -2e-05, 0.03225806451612903, 0.03225806451612903, 0.008064516129032258, 0.0, 0.0], [0.024193548387096774, -1e-05, -1e-05, 0.04032258064516129, 0.024193548387096774, 0.024193548387096774, 0.04032258064516129, 0.016129032258064516, 0.0, 0.0], [0.024193548387096774, -1e-05, -1e-05, 0.03225806451612903, -2e-05, 0.0, 0.0, 0.0, 0.0, 0.0], [0.08064516129032258, 0.024193548387096774, -1e-05, 0.024193548387096774, -2e-05, 0.0, 0.0, 0.0, 0.0, 0.0], [0.016129032258064516, 0.024193548387096774, -1e-05, 0.024193548387096774, 0.024193548387096774, 0.0, 0.0, 0.0, 0.0, 0.0], [0.016129032258064516, 0.024193548387096774, -2e-05, 0.024193548387096774, 0.024193548387096774, -2e-05, -2e-05, 0.0, 0.0, 0.0], [0.0, 0.0, 0.016129032258064516, 0.016129032258064516, -1e-05, 0.024193548387096774, 0.0, 0.0, 0.0, 0.0]], "10_medium_pruned.json": [[0.0, 0.0, 0.0, 0.0, 0.0, 0.0, 0.0, 0.0, 0.0, 0.0], [0.0, 0.0, 0.023809523809523808, 0.0, 0.0, 0.0, 0.0, 0.0, 0.0, 0.0], [0.0, 0.0, -1e-05, 0.023809523809523808, 0.0, -2e-05, 0.0, 0.0, 0.0, 0.0], [0.14285714285714285, 0.14285714285714285, -1e-05, -1e-05, -1e-05, -2e-05, 0.0, 0.0, 0.0, 0.0], [0.0, 0.19047619047619047, 0.14285714285714285, 0.023809523809523808, -2e-05, -2e-05, -2e-05, -1e-05, -2e-05, 0.0], [0.0, 0.0, 0.16666666666666666, 0.023809523809523808, 0.0, -1e-05, -2e-05, -2e-05, 0.0, 0.0], [0.0, 0.0, 0.023809523809523808, -1e-05, 0.0, -2e-05, 0.0, 0.0, 0.0, 0.0], [0.0, 0.0, 0.023809523809523808, 0.023809523809523808, -1e-05, -1e-05, 0.023809523809523808, 0.023809523809523808, 0.0, 0.0], [0.0, 0.0, 0.0, 0.0, 0.0, -1e-05, 0.0, 0.0, 0.0, 0.0], [0.0, 0.0, 0.0, 0.0, 0.0, 0.0, -2e-05, 0.0, 0.0, 0.0]], "6_hard_pruned.json": [[0.019230769230769232, -2e-05, 0.019230769230769232, -1e-05, -1e-05, 0.019230769230769232], [0.038461538461538464, -2e-05, -1e-05, -2e-05, 0.038461538461538464, 0.019230769230769232], [0.038461538461538464, -1e-05, 0.057692307692307696, 0.17307692307692307, 0.07692307692307693, 0.019230769230769232], [-2e-05, -1e-05, 0.15384615384615385, -2e-05, 0.0, 0.0], [0.038461538461538464, -1e-05, 0.057692307692307696, 0.09615384615384616, 0.019230769230769232, 0.0], [0.038461538461538464, -2e-05, 0.019230769230769232, 0.057692307692307696, -2e-05, 0.0]], "6_hard_full.json": [[0.014285714285714285, -2e-05, 0.014285714285714285, 0.02857142857142857, -1e-05, 0.02857142857142857], [0.04285714285714286, -2e-05, -1e-05, -2e-05, 0.04285714285714286, 0.02857142857142857], [0.04285714285714286, -1e-05, 0.05714285714285714, 0.14285714285714285, 0.07142857142857142, 0.0], [0.02857142857142857, -1e-05, 0.12857142857142856, -2e-05, 0.0, 0.0], [0.04285714285714286, -1e-05, 0.05714285714285714, 0.08571428571428572, 0.014285714285714285, 0.0], [0.04285714285714286, -2e-05, 0.02857142857142857, 0.05714285714285714, -2e-05, 0.0]], "6_easy_full.json": [[0.023255813953488372, -1e-05, 0.13953488372093023, -2e-05, 0.023255813953488372, 0.023255813953488372], [0.023255813953488372, -2e-05, -1e-05, -1e-05, 0.18604651162790697, 0.18604651162790697], [-1e-05, -2e-05, -2e-05, -2e-05, -1e-05, 0.046511627906976744], [-2e-05, 0.023255813953488372, -1e-05, -1e-05, -2e-05, 0.13953488372093023], [-1e-05, 0.023255813953488372, -2e-05, -2e-05, 0.023255813953488372, 0.023255813953488372], [0.023255813953488372, 0.023255813953488372, 0.023255813953488372, 0.023255813953488372, 0.023255813953488372, 0.0]], "6_easy_pruned.json": [[0.0, -1e-05, -2e-05, -2e-05, 0.06666666666666667, 0.13333333333333333], [0.0, -2e-05, -1e-05, -1e-05, 0.26666666666666666, 0.2], [-1e-05, -2e-05, -2e-05, -2e-05, -1e-05, 0.13333333333333333], [-2e-05, 0.0, -1e-05, -1e-05, -2e-05, -1e-05], [-1e-05, 0.0, -2e-05, -2e-05, 0.0, 0.1], [0.0, 0.0, 0.0, 0.0, 0.0, 0.1]], "10_easy_full.json": [[0.0, 0.0, 0.012987012987012988, 0.03896103896103896, -1e-05, 0.07792207792207792, -2e-05, 0.0, 0.012987012987012988, 0.012987012987012988], [0.0, 0.0, 0.0, 0.0, -2e-05, -1e-05, -1e-05, -1e-05, 0.07792207792207792, 0.07792207792207792], [0.0, 0.012987012987012988, 0.0, -1e-05, -2e-05, -2e-05, -2e-05, -1e-05, 0.012987012987012988, 0.012987012987012988], [0.0, 0.012987012987012988, 0.025974025974025976, -2e-05, -2e-05, -1e-05, -1e-05, -2e-05, -1e-05, -1e-05], [-2e-05, 0.012987012987012988, 0.012987012987012988, -1e-05, 0.0, -2e-05, -2e-05, 0.012987012987012988, 0.012987012987012988, 0.07792207792207792], [-1e-05, 0.012987012987012988, 0.012987012987012988, 0.012987012987012988, 0.03896103896103896, 0.0, 0.012987012987012988, 0.012987012987012988, 0.012987012987012988, 0.012987012987012988], [-1e-05, -1e-05, 0.025974025974025976, 0.025974025974025976, 0.025974025974025976, 0.03896103896103896, 0.012987012987012988, 0.012987012987012988, 0.012987012987012988, 0.0], [-2e-05, -2e-05, 0.025974025974025976, 0.0, 0.012987012987012988, 0.012987012987012988, -1e-05, 0.012987012987012988, 0.012987012987012988, 0.0], [0.0, 0.0, 0.012987012987012988, 0.0, 0.012987012987012988, 0.012987012987012988, -1e-05, 0.025974025974025976, 0.012987012987012988, 0.0], [0.0, 0.0, 0.0, 0.0, 0.025974025974025976, -2e-05, -2e-05, -2e-05, 0.012987012987012988, 0.0]],