{"10_medium_full.json": [[0.0, 0.0, 0.0, 0.0, 0.0, 0.0, 0.0, 0.0, 0.0, 0.0], [0.0, 0.008547008547008548, 0.017094017094017096, 0.02564102564102564, 0.02564102564102564, 0.02564102564102564, 0.0, 0.0, 0.0, 0.0], [0.0, 0.02564102564102564, -1e-05, 0.02564102564102564, 0.02564102564102564, -2e-05, 0.02564102564102564, 0.0, 0.0, 0.0], [0.0, 0.02564102564102564, 0.02564102564102564, -1e-05, -1e-05, 0.02564102564102564, 0.02564102564102564, 0.02564102564102564, 0.02564102564102564, 0.0], [0.0, 0.02564102564102564, 0.02564102564102564, 0.02564102564102564, -2e-05, -2e-05, -2e-05, -1e-05, -2e-05, 0.0], [0.0, 0.02564102564102564, 0.02564102564102564, 0.02564102564102564, 0.02564102564102564, -1e-05, -2e-05, -2e-05, 0.02564102564102564, 0.0], [0.0, 0.0, 0.02564102564102564, -1e-05, 0.02564102564102564, -2e-05, 0.02564102564102564, 0.02564102564102564, 0.0, 0.0], [0.0, 0.0, 0.02564102564102564, 0.02564102564102564, -1e-05, -1e-05, 0.02564102564102564, 0.02564102564102564, 0.0, 0.0], [0.0, 0.0, 0.02564102564102564, 0.02564102564102564, 0.02564102564102564, -1e-05, 0.02564102564102564, 0.02564102564102564, 0.0, 0.0], [0.0, 0.0, 0.0, 0.02564102564102564, 0.02564102564102564, 0.02564102564102564, -2e-05, 0.02564102564102564, 0.0, 0.0]], "10_hard_pruned.json": [[0.0, 0.0, 0.017857142857142856, -2e-05, 0.03571428571428571, 0.03571428571428571, 0.03571428571428571, 0.0, 0.0, 0.0], [0.03571428571428571, 0.0, 0.03571428571428571, -1e-05, 0.03571428571428571, -2e-05, 0.03571428571428571, 0.03571428571428571, 0.0, 0.0], [0.0, -2e-05, -2e-05, 0.03571428571428571, -1e-05, -1e-05, -1e-05, 0.03571428571428571, -2e-05, 0.0], [0.03571428571428571, 0.03571428571428571, -2e-05, -1e-05, -2e-05, 0.03571428571428571, 0.03571428571428571, 0.03571428571428571, 0.0, 0.0], [0.03571428571428571, -1e-05, -1e-05, 0.03571428571428571, 0.03571428571428571, 0.03571428571428571, 0.03571428571428571, 0.0, 0.0, 0.0], [0.03571428571428571, -1e-05, -1e-05, 0.03571428571428571, -2e-05, 0.0, 0.0, 0.0, 0.0, 0.0], [-2e-05, 0.03571428571428571, -1e-05, 0.017857142857142856, -2e-05, 0.0, 0.0, 0.0, 0.0, 0.0], [0.017857142857142856, 0.017857142857142856, -1e-05, 0.017857142857142856, 0.017857142857142856, 0.0, 0.0, 0.0, 0.0, 0.0], [0.0, 0.017857142857142856, -2e-05, 0.017857142857142856, 0.017857142857142856, -2e-05, -2e-05, 0.0, 0.0, 0.0], [0.0, 0.0, 0.0, 0.017857142857142856, -1e-05, 0.0, 0.0, 0.0, 0.0, 0.0]], "10_hard_full.json": [[0.0, 0.0, 0.015384615384615385, -2e-05, 0.03076923076923077, 0.03076923076923077, 0.03076923076923077, 0.03076923076923077, 0.0, 0.0], [0.03076923076923077, 0.03076923076923077, 0.03076923076923077, -1e-05, 0.03076923076923077, -2e-05, 0.03076923076923077, 0.03076923076923077, 0.0, 0.0], [0.03076923076923077, -2e-05, -2e-05, 0.03076923076923077, 0.03076923076923077, -1e-05, -1e-05, 0.03076923076923077, -2e-05, 0.0], [0.03076923076923077, 0.03076923076923077, -2e-05, -1e-05, -2e-05, 0.03076923076923077, 0.03076923076923077, 0.03076923076923077, 0.0, 0.0], [0.03076923076923077, -1e-05, -1e-05, 0.03076923076923077, 0.015384615384615385, 0.03076923076923077, 0.015384615384615385, 0.015384615384615385, 0.0, 0.0], [0.015384615384615385, -1e-05, -1e-05, 0.015384615384615385, -2e-05, 0.0, 0.0, 0.0, 0.0, 0.0], [0.015384615384615385, 0.015384615384615385, -1e-05, 0.015384615384615385, -2e-05, 0.0, 0.0, 0.0, 0.0, 0.0], [0.015384615384615385, 0.015384615384615385, -1e-05, 0.015384615384615385, 0.03076923076923077, 0.0, 0.0, 0.0, 0.0, 0.0], [0.015384615384615385, 0.015384615384615385, -2e-05, 0.015384615384615385, 0.015384615384615385, -2e-05, -2e-05, 0.0, 0.0, 0.0], [0.0, 0.0, 0.015384615384615385, 0.015384615384615385, -1e-05, 0.015384615384615385, 0.0, 0.0, 0.0, 0.0]], "10_medium_pruned.json": [[0.0, 0.0, 0.0, 0.0, 0.0, 0.0, 0.0, 0.0, 0.0, 0.0], [0.015151515151515152, 0.030303030303030304, 0.030303030303030304, 0.045454545454545456, 0.030303030303030304, 0.030303030303030304, 0.0, 0.0, 0.0, 0.0], [0.030303030303030304, 0.030303030303030304, -1e-05, 0.030303030303030304, 0.045454545454545456, -2e-05, 0.030303030303030304, 0.0, 0.0, 0.0], [0.030303030303030304, 0.030303030303030304, -1e-05, -1e-05, -1e-05, -2e-05, 0.030303030303030304, 0.030303030303030304, 0.030303030303030304, 0.0], [0.030303030303030304, 0.030303030303030304, 0.030303030303030304, 0.030303030303030304, -2e-05, -2e-05, -2e-05, -1e-05, -2e-05, 0.0], [0.0, 0.030303030303030304, 0.030303030303030304, 0.030303030303030304, 0.015151515151515152, -1e-05, -2e-05, -2e-05, 0.015151515151515152, 0.0], [0.0, 0.0, 0.015151515151515152, -1e-05, 0.015151515151515152, -2e-05, 0.015151515151515152, 0.015151515151515152, 0.0, 0.0], [0.0, 0.0, 0.015151515151515152, 0.015151515151515152, -1e-05, -1e-05, 0.015151515151515152, 0.015151515151515152, 0.0, 0.0], [0.0, 0.0, 0.015151515151515152, 0.015151515151515152, 0.015151515151515152, -1e-05, 0.015151515151515152, 0.015151515151515152, 0.0, 0.0], [0.0, 0.0, 0.0, 0.015151515151515152, 0.015151515151515152, 0.015151515151515152, -2e-05, 0.015151515151515152, 0.0, 0.0]], "6_hard_pruned.json": [[0.017857142857142856, -2e-05, 0.017857142857142856, -1e-05, -1e-05, 0.07142857142857142], [0.03571428571428571, -2e-05, -1e-05, -2e-05, 0.07142857142857142, 0.07142857142857142], [0.07142857142857142, -1e-05, 0.07142857142857142, 0.10714285714285714, 0.07142857142857142, 0.07142857142857142], [-2e-05, -1e-05, 0.07142857142857142, -2e-05, 0.0, 0.03571428571428571], [0.03571428571428571, -1e-05, 0.03571428571428571, 0.03571428571428571, 0.0, 0.0], [0.03571428571428571, -2e-05, 0.03571428571428571, 0.03571428571428571, -2e-05, 0.0]], "6_hard_full.json": [[0.0196078431372549, -2e-05, 0.0392156862745098, 0.0392156862745098, -1e-05, 0.058823529411764705], [0.0392156862745098, -2e-05, -1e-05, -2e-05, 0.058823529411764705, 0.058823529411764705], [0.0784313725490196, -1e-05, 0.058823529411764705, 0.0196078431372549, 0.058823529411764705, 0.0], [0.0196078431372549, -1e-05, 0.058823529411764705, -2e-05, 0.0, 0.0], [0.058823529411764705, -1e-05, 0.0784313725490196, 0.0392156862745098, 0.0392156862745098, 0.0], [0.058823529411764705, -2e-05, 0.058823529411764705, 0.058823529411764705, -2e-05, 0.0]], "6_easy_full.json": [[0.023809523809523808, -1e-05, 0.023809523809523808, -2e-05, 0.047619047619047616, 0.047619047619047616], [0.07142857142857142, -2e-05, -1e-05, -1e-05, 0.07142857142857142, 0.047619047619047616], [-1e-05, -2e-05, -2e-05, -2e-05, -1e-05, 0.047619047619047616], [-2e-05, 0.11904761904761904, -1e-05, -1e-05, -2e-05, 0.047619047619047616], [-1e-05, 0.11904761904761904, -2e-05, -2e-05, 0.047619047619047616, 0.047619047619047616], [0.047619047619047616, 0.047619047619047616, 0.047619047619047616, 0.047619047619047616, 0.047619047619047616, 0.0]], "6_easy_pruned.json": [[0.02564102564102564, -1e-05, -2e-05, -2e-05, 0.02564102564102564, 0.07692307692307693], [0.05128205128205128, -2e-05, -1e-05, -1e-05, 0.05128205128205128, 0.05128205128205128], [-1e-05, -2e-05, -2e-05, -2e-05, -1e-05, 0.05128205128205128], [-2e-05, 0.1282051282051282, -1e-05, -1e-05, -2e-05, -1e-05], [-1e-05, 0.1282051282051282, -2e-05, -2e-05, 0.05128205128205128, 0.05128205128205128], [0.05128205128205128, 0.05128205128205128, 0.05128205128205128, 0.05128205128205128, 0.05128205128205128, 0.05128205128205128]],