{"10_medium_full.json": [[0.004657899501292032, 0.004657899501292032, 0.0052668828283160786, 0.007093832809388218, 0.00482248958967691, 0.004657899501292032, 0.017578221439504913, 0.004789571571999934, 0.004657899501292032, 0.004657899501292032], [0.0047237355366459835, 0.004657899501292032, 0.006435472455848709, 0.006007538226048027, 0.004657899501292032, 0.01621212370591043, 0.004657899501292032, 0.004855407607353885, 0.004657899501292032, 0.004657899501292032], [0.004855407607353885, 0.004954161660384811, -1e-05, 0.009200585940714651, 0.028869101502707505, -2e-05, 0.004657899501292032, 0.004789571571999934, 0.004657899501292032, 0.004657899501292032], [0.0071432098359036815, 0.012870944911697418, 0.045673749526803496, -1e-05, -1e-05, 0.011718814293003275, 0.028803265467353557, 0.023651595700906893, 0.004657899501292032, 0.004657899501292032], [0.00482248958967691, 0.1492338331385684, 0.0057935711111476865, 0.004970620669223299, -2e-05, -2e-05, -2e-05, -1e-05, -2e-05, 0.004921243642707836], [0.004657899501292032, 0.010171667462185428, 0.15491219118784666, 0.012624059779120102, 0.005958161199532564, -1e-05, -2e-05, -2e-05, 0.005052915713415738, 0.004657899501292032], [0.012031535460934542, 0.009480389090968941, 0.009249962967230114, -1e-05, 0.015027075069539313, -2e-05, 0.004756653554322959, 0.005052915713415738, 0.004690817518969007, 0.004657899501292032], [0.00934871702026104, 0.016310877758941356, 0.02119920338397222, 0.028111987096137072, -1e-05, -1e-05, 0.01213028951396547, 0.023421169577168062, 0.016821107032934476, 0.004657899501292032], [0.004657899501292032, 0.004921243642707836, 0.005217505801800615, 0.009151208914199188, 0.0049870796780617874, -1e-05, 0.014500386786707705, 0.004855407607353885, 0.004937702651546324, 0.004756653554322959], [0.004838948598515397, 0.004756653554322959, 0.004657899501292032, 0.00898661882581431, 0.005118751748769689, 0.004657899501292032, -2e-05, 0.004657899501292032, 0.004657899501292032, 0.004773112563161447]], "10_hard_pruned.json": [[0.005235602094240838, 0.005235602094240838, 0.007329842931937173, -2e-05, 0.005235602094240838, 0.005235602094240838, 0.005235602094240838, 0.005235602094240838, 0.005235602094240838, 0.005235602094240838], [0.016753926701570682, 0.005235602094240838, 0.005235602094240838, -1e-05, 0.005235602094240838, -2e-05, 0.005235602094240838, 0.005235602094240838, 0.005235602094240838, 0.005235602094240838], [0.005235602094240838, -2e-05, -2e-05, 0.0031413612565445027, -1e-05, -1e-05, -1e-05, 0.004188481675392671, -2e-05, 0.005235602094240838], [0.007329842931937173, 0.008376963350785341, -2e-05, -1e-05, -2e-05, 0.010471204188481676, 0.005235602094240838, 0.005235602094240838, 0.005235602094240838, 0.005235602094240838], [0.07225130890052356, -1e-05, -1e-05, 0.19581151832460733, 0.1382198952879581, 0.0774869109947644, 0.008376963350785341, 0.005235602094240838, 0.005235602094240838, 0.005235602094240838], [0.007329842931937173, -1e-05, -1e-05, 0.005235602094240838, -2e-05, 0.005235602094240838, 0.005235602094240838, 0.007329842931937173, 0.005235602094240838, 0.005235602094240838], [-2e-05, 0.010471204188481676, -1e-05, 0.0062827225130890054, -2e-05, 0.004188481675392671, 0.005235602094240838, 0.005235602094240838, 0.005235602094240838, 0.005235602094240838], [0.005235602094240838, 0.009424083769633508, -1e-05, 0.007329842931937173, 0.011518324607329843, 0.005235602094240838, 0.005235602094240838, 0.005235602094240838, 0.005235602094240838, 0.005235602094240838], [0.005235602094240838, 0.008376963350785341, -2e-05, 0.09424083769633508, 0.008376963350785341, -2e-05, -2e-05, 0.005235602094240838, 0.005235602094240838, 0.005235602094240838], [0.005235602094240838, 0.005235602094240838, 0.005235602094240838, 0.005235602094240838, -1e-05, 0.008376963350785341, 0.005235602094240838, 0.005235602094240838, 0.005235602094240838, 0.005235602094240838]], "10_hard_full.json": [[0.005385996409335727, 0.005385996409335727, 0.00718132854578097, -2e-05, 0.005385996409335727, 0.005385996409335727, 0.005385996409335727, 0.005385996409335727, 0.005385996409335727, 0.005385996409335727], [0.01615798922800718, 0.005385996409335727, 0.005385996409335727, -1e-05, 0.005385996409335727, -2e-05, 0.005385996409335727, 0.005385996409335727, 0.005385996409335727, 0.005385996409335727], [0.005385996409335727, -2e-05, -2e-05, 0.003590664272890485, 0.06642728904847396, -1e-05, -1e-05, 0.004488330341113106, -2e-05, 0.005385996409335727], [0.00718132854578097, 0.00807899461400359, -2e-05, -1e-05, -2e-05, 0.009874326750448833, 0.005385996409335727, 0.005385996409335727, 0.005385996409335727, 0.005385996409335727], [0.06283662477558348, -1e-05, -1e-05, 0.17235188509874327, 0.12028725314183124, 0.06912028725314183, 0.00807899461400359, 0.005385996409335727, 0.005385996409335727, 0.005385996409335727], [0.00718132854578097, -1e-05, -1e-05, 0.005385996409335727, -2e-05, 0.005385996409335727, 0.005385996409335727, 0.00718132854578097, 0.005385996409335727, 0.005385996409335727], [0.0008976660682226212, 0.009874326750448833, -1e-05, 0.0062836624775583485, -2e-05, 0.004488330341113106, 0.005385996409335727, 0.005385996409335727, 0.005385996409335727, 0.005385996409335727], [0.005385996409335727, 0.008976660682226212, -1e-05, 0.00718132854578097, 0.010771992818671455, 0.005385996409335727, 0.005385996409335727, 0.005385996409335727, 0.005385996409335727, 0.005385996409335727], [0.005385996409335727, 0.00807899461400359, -2e-05, 0.08258527827648116, 0.00807899461400359, -2e-05, -2e-05, 0.005385996409335727, 0.005385996409335727, 0.005385996409335727], [0.005385996409335727, 0.005385996409335727, 0.005385996409335727, 0.005385996409335727, -1e-05, 0.00807899461400359, 0.005385996409335727, 0.005385996409335727, 0.005385996409335727, 0.005385996409335727]], "10_medium_pruned.json": [[0.010351966873706004, 0.010351966873706004, 0.010351966873706004, 0.010351966873706004, 0.010351966873706004, 0.012422360248447204, 0.010351966873706004, 0.010351966873706004, 0.010351966873706004, 0.010351966873706004], [0.010351966873706004, 0.010351966873706004, 0.018633540372670808, 0.016563146997929608, 0.010351966873706004, 0.010351966873706004, 0.010351966873706004, 0.010351966873706004, 0.010351966873706004, 0.010351966873706004], [0.010351966873706004, 0.010351966873706004, -1e-05, 0.010351966873706004, 0.15734989648033126, -2e-05, 0.010351966873706004, 0.010351966873706004, 0.010351966873706004, 0.010351966873706004], [0.006211180124223602, 0.006211180124223602, -1e-05, -1e-05, -1e-05, -2e-05, 0.010351966873706004, 0.010351966873706004, 0.010351966873706004, 0.010351966873706004], [0.010351966873706004, 0.006211180124223602, 0.022774327122153208, 0.010351966873706004, -2e-05, -2e-05, -2e-05, -1e-05, -2e-05, 0.010351966873706004], [0.010351966873706004, 0.010351966873706004, 0.006211180124223602, 0.010351966873706004, 0.010351966873706004, -1e-05, -2e-05, -2e-05, 0.010351966873706004, 0.010351966873706004], [0.010351966873706004, 0.010351966873706004, 0.020703933747412008, -1e-05, 0.010351966873706004, -2e-05, 0.010351966873706004, 0.010351966873706004, 0.010351966873706004, 0.010351966873706004], [0.010351966873706004, 0.010351966873706004, 0.010351966873706004, 0.010351966873706004, -1e-05, -1e-05, 0.010351966873706004, 0.010351966873706004, 0.010351966873706004, 0.012422360248447204], [0.010351966873706004, 0.010351966873706004, 0.010351966873706004, 0.010351966873706004, 0.010351966873706004, -1e-05, 0.010351966873706004, 0.010351966873706004, 0.010351966873706004, 0.010351966873706004], [0.010351966873706004, 0.010351966873706004, 0.010351966873706004, 0.010351966873706004, 0.010351966873706004, 0.010351966873706004, -2e-05, 0.010351966873706004, 0.010351966873706004, 0.010351966873706004]],