{"10_medium_full.json": [[0.011406844106463879, 0.011406844106463879, 0.011406844106463879, 0.011406844106463879, 0.011406844106463879, 0.011406844106463879, 0.011406844106463879, 0.011406844106463879, 0.011406844106463879, 0.011406844106463879], [0.011406844106463879, 0.011406844106463879, 0.011406844106463879, 0.011406844106463879, 0.011406844106463879, 0.011406844106463879, 0.011406844106463879, 0.011406844106463879, 0.011406844106463879, 0.011406844106463879], [0.011406844106463879, 0.011406844106463879, -1e-05, 0.011406844106463879, 0.011406844106463879, -2e-05, 0.011406844106463879, 0.011406844106463879, 0.011406844106463879, 0.011406844106463879], [0.011406844106463879, 0.015209125475285171, 0.06844106463878327, -1e-05, -1e-05, 0.011406844106463879, 0.019011406844106463, 0.015209125475285171, 0.011406844106463879, 0.011406844106463879], [0.011406844106463879, 0.0038022813688212928, 0.011406844106463879, 0.0076045627376425855, -2e-05, -2e-05, -2e-05, -1e-05, -2e-05, 0.011406844106463879], [0.011406844106463879, 0.011406844106463879, 0.0038022813688212928, 0.0076045627376425855, 0.011406844106463879, -1e-05, -2e-05, -2e-05, 0.011406844106463879, 0.011406844106463879], [0.011406844106463879, 0.019011406844106463, 0.011406844106463879, -1e-05, 0.011406844106463879, -2e-05, 0.011406844106463879, 0.011406844106463879, 0.011406844106463879, 0.011406844106463879], [0.019011406844106463, 0.011406844106463879, 0.011406844106463879, 0.011406844106463879, -1e-05, -1e-05, 0.011406844106463879, 0.011406844106463879, 0.011406844106463879, 0.011406844106463879], [0.011406844106463879, 0.011406844106463879, 0.011406844106463879, 0.011406844106463879, 0.011406844106463879, -1e-05, 0.011406844106463879, 0.011406844106463879, 0.011406844106463879, 0.011406844106463879], [0.011406844106463879, 0.011406844106463879, 0.011406844106463879, 0.011406844106463879, 0.011406844106463879, 0.011406844106463879, -2e-05, 0.011406844106463879, 0.011406844106463879, 0.011406844106463879]], "10_hard_pruned.json": [[0.013636363636363636, 0.013636363636363636, 0.013636363636363636, -2e-05, 0.013636363636363636, 0.013636363636363636, 0.013636363636363636, 0.013636363636363636, 0.013636363636363636, 0.013636363636363636], [0.013636363636363636, 0.013636363636363636, 0.013636363636363636, -1e-05, 0.013636363636363636, -2e-05, 0.013636363636363636, 0.013636363636363636, 0.013636363636363636, 0.013636363636363636], [0.013636363636363636, -2e-05, -2e-05, 0.004545454545454545, -1e-05, -1e-05, -1e-05, 0.004545454545454545, -2e-05, 0.013636363636363636], [0.013636363636363636, 0.013636363636363636, -2e-05, -1e-05, -2e-05, 0.013636363636363636, 0.013636363636363636, 0.013636363636363636, 0.013636363636363636, 0.013636363636363636], [0.013636363636363636, -1e-05, -1e-05, 0.00909090909090909, 0.013636363636363636, 0.01818181818181818, 0.013636363636363636, 0.013636363636363636, 0.013636363636363636, 0.013636363636363636], [0.013636363636363636, -1e-05, -1e-05, 0.00909090909090909, -2e-05, 0.013636363636363636, 0.013636363636363636, 0.013636363636363636, 0.013636363636363636, 0.013636363636363636], [-2e-05, 0.013636363636363636, -1e-05, 0.013636363636363636, -2e-05, 0.013636363636363636, 0.013636363636363636, 0.013636363636363636, 0.013636363636363636, 0.013636363636363636], [0.013636363636363636, 0.013636363636363636, -1e-05, 0.013636363636363636, 0.013636363636363636, 0.013636363636363636, 0.013636363636363636, 0.013636363636363636, 0.013636363636363636, 0.013636363636363636], [0.013636363636363636, 0.013636363636363636, -2e-05, 0.013636363636363636, 0.013636363636363636, -2e-05, -2e-05, 0.013636363636363636, 0.013636363636363636, 0.013636363636363636], [0.013636363636363636, 0.013636363636363636, 0.013636363636363636, 0.013636363636363636, -1e-05, 0.013636363636363636, 0.013636363636363636, 0.013636363636363636, 0.013636363636363636, 0.013636363636363636]], "10_hard_full.json": [[0.013468013468013467, 0.013468013468013467, 0.013468013468013467, -2e-05, 0.013468013468013467, 0.013468013468013467, 0.013468013468013467, 0.013468013468013467, 0.013468013468013467, 0.013468013468013467], [0.013468013468013467, 0.013468013468013467, 0.013468013468013467, -1e-05, 0.013468013468013467, -2e-05, 0.013468013468013467, 0.013468013468013467, 0.013468013468013467, 0.013468013468013467], [0.013468013468013467, -2e-05, -2e-05, 0.006734006734006734, 0.003367003367003367, -1e-05, -1e-05, 0.006734006734006734, -2e-05, 0.013468013468013467], [0.013468013468013467, 0.013468013468013467, -2e-05, -1e-05, -2e-05, 0.013468013468013467, 0.013468013468013467, 0.013468013468013467, 0.013468013468013467, 0.013468013468013467], [0.013468013468013467, -1e-05, -1e-05, 0.010101010101010102, 0.013468013468013467, 0.016835016835016835, 0.013468013468013467, 0.013468013468013467, 0.013468013468013467, 0.013468013468013467], [0.013468013468013467, -1e-05, -1e-05, 0.010101010101010102, -2e-05, 0.013468013468013467, 0.013468013468013467, 0.013468013468013467, 0.013468013468013467, 0.013468013468013467], [0.003367003367003367, 0.013468013468013467, -1e-05, 0.013468013468013467, -2e-05, 0.013468013468013467, 0.013468013468013467, 0.013468013468013467, 0.013468013468013467, 0.013468013468013467], [0.013468013468013467, 0.013468013468013467, -1e-05, 0.013468013468013467, 0.013468013468013467, 0.013468013468013467, 0.013468013468013467, 0.013468013468013467, 0.013468013468013467, 0.013468013468013467], [0.013468013468013467, 0.013468013468013467, -2e-05, 0.013468013468013467, 0.013468013468013467, -2e-05, -2e-05, 0.013468013468013467, 0.013468013468013467, 0.013468013468013467], [0.013468013468013467, 0.013468013468013467, 0.013468013468013467, 0.013468013468013467, -1e-05, 0.013468013468013467, 0.013468013468013467, 0.013468013468013467, 0.013468013468013467, 0.013468013468013467]], "10_medium_pruned.json": [[0.011976047904191617, 0.011976047904191617, 0.011976047904191617, 0.011976047904191617, 0.011976047904191617, 0.011976047904191617, 0.011976047904191617, 0.011976047904191617, 0.011976047904191617, 0.011976047904191617], [0.011976047904191617, 0.011976047904191617, 0.023952095808383235, 0.011976047904191617, 0.011976047904191617, 0.011976047904191617, 0.011976047904191617, 0.011976047904191617, 0.011976047904191617, 0.011976047904191617], [0.011976047904191617, 0.011976047904191617, -1e-05, 0.011976047904191617, 0.011976047904191617, -2e-05, 0.011976047904191617, 0.011976047904191617, 0.011976047904191617, 0.011976047904191617], [0.011976047904191617, 0.011976047904191617, -1e-05, -1e-05, -1e-05, -2e-05, 0.011976047904191617, 0.011976047904191617, 0.011976047904191617, 0.011976047904191617], [0.011976047904191617, 0.005988023952095809, 0.03592814371257485, 0.011976047904191617, -2e-05, -2e-05, -2e-05, -1e-05, -2e-05, 0.011976047904191617], [0.011976047904191617, 0.011976047904191617, 0.005988023952095809, 0.011976047904191617, 0.011976047904191617, -1e-05, -2e-05, -2e-05, 0.011976047904191617, 0.011976047904191617], [0.011976047904191617, 0.011976047904191617, 0.029940119760479042, -1e-05, 0.011976047904191617, -2e-05, 0.011976047904191617, 0.011976047904191617, 0.011976047904191617, 0.011976047904191617], [0.011976047904191617, 0.011976047904191617, 0.011976047904191617, 0.011976047904191617, -1e-05, -1e-05, 0.011976047904191617, 0.011976047904191617, 0.011976047904191617, 0.011976047904191617], [0.011976047904191617, 0.011976047904191617, 0.011976047904191617, 0.011976047904191617, 0.011976047904191617, -1e-05, 0.011976047904191617, 0.011976047904191617, 0.011976047904191617, 0.011976047904191617], [0.011976047904191617, 0.011976047904191617, 0.011976047904191617, 0.011976047904191617, 0.011976047904191617, 0.011976047904191617, -2e-05, 0.011976047904191617, 0.011976047904191617, 0.011976047904191617]],