{"10_easy_pruned": [[0.0, 0.0, 0.0, 0.0, -1e-05, -2e-05, -2e-05, 0.0034602076124567475, 0.0, 0.015441176470588236], [0.0, 0.0065359477124183, 0.0, 0.0023529411764705885, -2e-05, -1e-05, -1e-05, -1e-05, 0.12408068959107021, 0.4572846348192369], [0.0, 0.0, 0.0, -1e-05, -2e-05, -2e-05, -2e-05, -1e-05, 0.035960207612456746, 0.015756302521008403], [0.0, 0.0, 0.0, -2e-05, -2e-05, -1e-05, -1e-05, -2e-05, -1e-05, -1e-05], [-2e-05, 0.0, 0.0, -1e-05, 0.044464333244610056, -2e-05, -2e-05, 0.024611392068139476, 0.029093691775352676, -1e-05], [-1e-05, 0.006877828054298644, 0.01411764705882353, 0.0065359477124183, 0.050924369747899156, 0.0, 0.0, 0.0065359477124183, 0.016785714285714286, 0.017938662644544995], [-1e-05, -1e-05, 0.0176767177459219, 0.0058131487889273355, 0.008888888888888889, 0.008888888888888889, 0.004524886877828055, 0.009705882352941177, 0.0, 0.0058131487889273355], [-2e-05, -2e-05, 0.0, 0.0, 0.0, 0.0, -1e-05, 0.0, 0.0, 0.0], [0.0, 0.0, 0.0, 0.0, 0.0, 0.011764705882352941, -1e-05, 0.0, 0.0, 0.0], [0.0, 0.0, 0.0, 0.0, 0.0340484429065744, -2e-05, -2e-05, -2e-05, 0.01411764705882353, 0.0]], "10_medium_pruned": [[0.0, 0.0, 0.0, 0.0, 0.0, 0.0, 0.0, 0.0, 0.0, 0.0], [0.0, 0.0, 0.004830917874396135, 0.004830917874396135, 0.0, 0.0, 0.0, 0.0, 0.0, 0.0], [0.0, 0.0, -1e-05, 0.011042097998619738, 0.010869565217391304, -2e-05, 0.0, 0.0, 0.0, 0.0], [0.00878348704435661, 0.0704968944099379, -1e-05, -1e-05, -1e-05, -2e-05, 0.0, 0.0, 0.0, 0.0], [0.0, 0.014492753623188404, 0.08978919631093545, 0.03637304724261246, -2e-05, -2e-05, -2e-05, -1e-05, -2e-05, 0.0], [0.0, 0.0, 0.6571459941025158, 0.008300395256916997, 0.0, -1e-05, -2e-05, -2e-05, 0.0, 0.0], [0.0, 0.0, 0.008695652173913044, -1e-05, 0.003105590062111801, -2e-05, 0.0, 0.0, 0.0, 0.0], [0.0, 0.0, 0.0, 0.055401844532279323, -1e-05, -1e-05, 0.01188907710646841, 0.0, 0.0, 0.0], [0.0, 0.0, 0.0, 0.0, 0.003952569169960474, -1e-05, 0.0, 0.0, 0.0, 0.0], [0.0, 0.0, 0.0, 0.0, 0.0, 0.0, -2e-05, 0.0, 0.0, 0.0]], "6_hard_pruned": [[0.0, -2e-05, 0.6607142857142857, -1e-05, -1e-05, 0.041666666666666664], [0.05357142857142857, -2e-05, -1e-05, -2e-05, 0.0, 0.0], [0.006944444444444444, -1e-05, 0.125, 0.04265873015873016, 0.0, 0.0], [-2e-05, -1e-05, 0.006944444444444444, -2e-05, 0.0, 0.0], [0.048611111111111105, -1e-05, 0.013888888888888888, 0.0, 0.0, 0.0], [0.0, -2e-05, 0.0, 0.0, -2e-05, 0.0]], "10_hard_full": [[0.0, 0.0, 0.0, -2e-05, 0.0, 0.0, 0.0, 0.0, 0.0, 0.0], [0.0, 0.0, 0.0, -1e-05, 0.0, -2e-05, 0.0, 0.0, 0.0, 0.0], [0.0, -2e-05, -2e-05, 0.038461538461538464, 0.7564102564102565, -1e-05, -1e-05, 0.0, -2e-05, 0.0], [0.0, 0.0, -2e-05, -1e-05, -2e-05, 0.0, 0.0, 0.0, 0.0, 0.0], [0.0, -1e-05, -1e-05, 0.10256410256410256, 0.0, 0.0, 0.0, 0.0, 0.0, 0.0], [0.0, -1e-05, -1e-05, 0.0, -2e-05, 0.0, 0.0, 0.0, 0.0, 0.0], [0.057692307692307696, 0.0, -1e-05, 0.0, -2e-05, 0.0, 0.0, 0.0, 0.0, 0.0], [0.0, 0.0, -1e-05, 0.044871794871794865, 0.0, 0.0, 0.0, 0.0, 0.0, 0.0], [0.0, 0.0, -2e-05, 0.0, 0.0, -2e-05, -2e-05, 0.0, 0.0, 0.0], [0.0, 0.0, 0.0, 0.0, -1e-05, 0.0, 0.0, 0.0, 0.0, 0.0]], "10_easy_full": [[0.0, 0.0034602076124567475, 0.0, 0.0, -1e-05, 0.13251371849987767, -2e-05, 0.0, 0.0, 0.010380622837370243], [0.0, 0.0, 0.0, 0.0, -2e-05, -1e-05, -1e-05, -1e-05, 0.1784864213064905, 0.22885778197196882], [0.0, 0.0, 0.0, -1e-05, -2e-05, -2e-05, -2e-05, -1e-05, 0.018803956520219496, 0.0034602076124567475], [0.0, 0.0, 0.0, -2e-05, -2e-05, -1e-05, -1e-05, -2e-05, -1e-05, -1e-05], [-2e-05, 0.0, 0.0, -1e-05, 0.014705882352941176, -2e-05, -2e-05, 0.017112299465240642, 0.021193771626297576, 0.27481825172136587], [-1e-05, 0.005347593582887701, 0.0034602076124567475, 0.0, 0.0130718954248366, 0.0, 0.0, 0.0, 0.0, 0.0], [-1e-05, -1e-05, 0.009996155324875048, 0.0, 0.0, 0.007352941176470588, 0.0034602076124567475, 0.0, 0.0, 0.0], [-2e-05, -2e-05, 0.0, 0.0, 0.0, 0.0196078431372549, -1e-05, 0.0, 0.0, 0.0], [0.0, 0.0, 0.0, 0.0, 0.0, 0.0, -1e-05, 0.0, 0.0, 0.0], [0.0, 0.0, 0.0, 0.0, 0.018685121107266434, -2e-05, -2e-05, -2e-05, 0.01522491349480969, 0.0]], "6_easy_pruned": [[0.005747126436781609, -1e-05, -2e-05, -2e-05, 0.0, 0.04036721135230704], [0.0, -2e-05, -1e-05, -1e-05, 0.13332836382928984, 0.5729259319919872], [-1e-05, -2e-05, -2e-05, -2e-05, -1e-05, 0.11301814078954919], [-2e-05, 0.015979755220429003, -1e-05, -1e-05, -2e-05, -1e-05], [-1e-05, 0.011744127936031983, -2e-05, -2e-05, 0.027969838610106712, 0.06593775941161072], [0.002028397565922921, 0.0, 0.0, 0.003448275862068966, 0.0, 0.007505070993914807]], "10_hard_pruned": [[0.0, 0.0, 0.047619047619047616, -2e-05, 0.0, 0.0, 0.0, 0.0, 0.0, 0.0], [0.0, 0.0, 0.0, -1e-05, 0.0, -2e-05, 0.0, 0.0, 0.0, 0.0], [0.0, -2e-05, -2e-05, 0.5429623617123617, -1e-05, -1e-05, -1e-05, 0.006944444444444444, -2e-05, 0.0], [0.0, 0.0, -2e-05, -1e-05, -2e-05, 0.01736111111111111, 0.0, 0.0, 0.0, 0.0], [0.028174603174603175, -1e-05, -1e-05, 0.08609006734006734, 0.023944805194805196, 0.03472222222222222, 0.010416666666666666, 0.0, 0.0, 0.0], [0.0, -1e-05, -1e-05, 0.0, -2e-05, 0.0, 0.0, 0.0, 0.0, 0.0], [-2e-05, 0.0909090909090909, -1e-05, 0.007575757575757576, -2e-05, 0.0, 0.0, 0.0, 0.0, 0.0], [0.0, 0.0, -1e-05, 0.02840909090909091, 0.02314814814814815, 0.0, 0.0, 0.0, 0.0, 0.0], [0.0, 0.0, -2e-05, 0.032046657046657046, 0.010416666666666666, -2e-05, -2e-05, 0.0, 0.0, 0.0], [0.0, 0.0, 0.0, 0.0, -1e-05, 0.009259259259259259, 0.0, 0.0, 0.0, 0.0]], "6_easy_full": [[0.0, -1e-05, 0.10736225579975579, -2e-05, 0.0, 0.02976190476190476], [0.0, -2e-05, -1e-05, -1e-05, 0.07806776556776557, 0.1845238095238095], [-1e-05, -2e-05, -2e-05, -2e-05, -1e-05, 0.024772970085470084], [-2e-05, 0.005208333333333333, -1e-05, -1e-05, -2e-05, 0.4637992216117216], [-1e-05, 0.0, -2e-05, -2e-05, 0.028311965811965812, 0.020432692307692308], [0.005208333333333333, 0.0, 0.012620192307692308, 0.0, 0.0, 0.03993055555555555]], "10_medium_full": [[0.0, 0.0, 0.0, 0.0, 0.0, 0.0, 0.0, 0.0, 0.0, 0.0], [0.0, 0.0, 0.0, 0.0, 0.0, 0.0, 0.0, 0.0, 0.0, 0.0], [0.0, 0.0, -1e-05, 0.0, 0.0, -2e-05, 0.0, 0.0, 0.0, 0.0], [0.0, 0.0, 0.6026785714285714, -1e-05, -1e-05, 0.015625, 0.0, 0.0, 0.0, 0.0], [0.0, 0.0, 0.15625, 0.03125, -2e-05, -2e-05, -2e-05, -1e-05, -2e-05, 0.0], [0.0, 0.0, 0.0625, 0.0, 0.0, -1e-05, -2e-05, -2e-05, 0.0, 0.0], [0.0, 0.0, 0.0, -1e-05, 0.0, -2e-05, 0.0, 0.0, 0.0, 0.0], [0.0, 0.0, 0.0, 0.11607142857142858, -1e-05, -1e-05, 0.015625, 0.0, 0.0, 0.0], [0.0, 0.0, 0.0, 0.0, 0.0, -1e-05, 0.0, 0.0, 0.0, 0.0], [0.0, 0.0, 0.0, 0.0, 0.0, 0.0, -2e-05, 0.0, 0.0, 0.0]], "6_hard_full": [[0.019230769230769232, -2e-05, 0.03876678876678877, 0.45299145299145294, -1e-05, 0.0], [0.015384615384615385, -2e-05, -1e-05, -2e-05, 0.0, 0.0], [0.015384615384615385, -1e-05, 0.20323565323565326, 0.1307997557997558, 0.0, 0.0], [0.03021978021978022, -1e-05, 0.0, -2e-05, 0.0, 0.0], [0.010989010989010988, -1e-05, 0.028846153846153848, 0.015384615384615385, 0.008547008547008546, 0.0], [0.03021978021978022, -2e-05, 0.0, 0.0, -2e-05, 0.0]]}