{"10_easy_pruned": [[0.0, 0.0, 0.00036231884057971015, 0.0010869565217391304, -1e-05, -2e-05, -2e-05, 0.0018709677419354838, 0.0014892127799736494, 0.03941215863638725], [0.0, 0.001075268817204301, 0.0, 0.0015036231884057972, -2e-05, -1e-05, -1e-05, -1e-05, 0.1379686736939724, 0.13805136647761707], [0.000546448087431694, 0.00036231884057971015, 0.0007789855072463768, -1e-05, -2e-05, -2e-05, -2e-05, -1e-05, 0.058008191723216265, 0.08629894078701933], [0.0, 0.0009087669280114041, 0.0033593017942794585, -2e-05, -2e-05, -1e-05, -1e-05, -2e-05, -1e-05, -1e-05], [-2e-05, 0.0014296002613447376, 0.004950210885188549, -1e-05, 0.0419525290449693, -2e-05, -2e-05, 0.011169970093101401, 0.02071776790816061, -1e-05], [-1e-05, 0.002629457439685522, 0.007528518505571906, 0.018503636953815815, 0.03023361511833719, 0.005797655816900294, 0.008323358228782664, 0.00609842127155258, 0.026284772582184427, 0.055069972752300946], [-1e-05, -1e-05, 0.01407265974707824, 0.01532564660490381, 0.007235369293142959, 0.022384847484669203, 0.006861182119867426, 0.020822190540524043, 0.001590909090909091, 0.006067583266040488], [-2e-05, -2e-05, 0.009805969179956768, 0.007951448806442335, 0.003801229508196722, 0.00614329940066984, -1e-05, 0.0026641681625793057, 0.0013040238450074515, 0.0030180427463036156], [0.0, 0.001092896174863388, 0.002847282139775669, 0.008338468460946125, 0.0014552150154430981, 0.022210713450786086, -1e-05, 0.006280837539495164, 0.0009087669280114041, 0.000546448087431694], [0.0, 0.0, 0.001092896174863388, 0.010008703112790845, 0.06265357941491803, -2e-05, -2e-05, -2e-05, 0.025969507021197432, 0.0137731294556914]], "10_medium_pruned": [[0.0, 0.0, 0.008442878162705749, 0.0, 0.0006447453255963894, 0.004868117675611954, 0.0, 0.0, 0.0, 0.0], [0.0, 0.00026350461133069827, 0.07328086996191104, 0.0012274959083469724, 0.0004734848484848485, 0.010789333936195656, 0.0, 0.0004734848484848485, 0.0, 0.0], [0.00034831069313827936, 0.0009310612758888622, -1e-05, 0.007411719871248086, 0.008854301282010873, -2e-05, 0.0012310606060606062, 0.0, 0.0, 0.0], [0.05905524378639563, 0.07779065790503117, -1e-05, -1e-05, -1e-05, -2e-05, 0.001021080368906456, 0.0, 0.0, 0.0], [0.00034831069313827936, 0.13587033512810104, 0.13737757140927412, 0.03455773217521383, -2e-05, -2e-05, -2e-05, -1e-05, -2e-05, 0.0], [0.0006184291898577612, 0.00202020202020202, 0.2136001625469007, 0.020694767107668034, 0.005907559516469347, -1e-05, -2e-05, -2e-05, 0.0, 0.0], [0.00034831069313827936, 0.0016378013443310582, 0.07363115597071342, -1e-05, 0.004482922615686591, -2e-05, 0.0007575757575757576, 0.0, 0.0047430830039525695, 0.0], [0.0, 0.004496891996891997, 0.013172814088293848, 0.05140955372609731, -1e-05, -1e-05, 0.009239155142832293, 0.003721182777033841, 0.0, 0.003952569169960474], [0.0, 0.0005827505827505828, 0.0013403263403263404, 0.006021514717166891, 0.00298402970027684, -1e-05, 0.008174761746190317, 0.0, 0.0, 0.0], [0.0, 0.0, 0.0, 0.0005827505827505828, 0.0, 0.0, -2e-05, 0.0006184291898577612, 0.0, 0.0]], "6_hard_pruned": [[0.00048146364949446316, -2e-05, 0.13954885388660598, -1e-05, -1e-05, 0.06143192120155681], [0.02336965780642974, -2e-05, -1e-05, -2e-05, 0.02748211628171584, 0.0026320012839030653], [0.08313381124581695, -1e-05, 0.1367120456643517, 0.13167286452324004, 0.05487875550892752, 0.00048146364949446316], [-2e-05, -1e-05, 0.11886568202992336, -2e-05, 0.022754584971955198, 0.0015652326154513676], [0.0152034333289382, -1e-05, 0.050965189951122564, 0.056003409664386376, 0.022205748014031284, 0.0009629272989889263], [0.02060232525045216, -2e-05, 0.008694322286801318, 0.015262431306042594, -2e-05, 0.005089758580370038]], "10_hard_full": [[0.0, 0.0, 0.0, -2e-05, 0.0, 0.0, 0.0, 0.0, 0.0, 0.0], [0.0022222222222222222, 0.0, 0.0, -1e-05, 0.0, -2e-05, 0.0, 0.0, 0.0, 0.0], [0.0019047619047619048, -2e-05, -2e-05, 0.06149971200770433, 0.1454519682860476, -1e-05, -1e-05, 0.04335197672697673, -2e-05, 0.0], [0.007394179894179894, 0.011214285714285715, -2e-05, -1e-05, -2e-05, 0.013724747474747476, 0.0010416666666666667, 0.0, 0.0010416666666666667, 0.0], [0.043814146365616945, -1e-05, -1e-05, 0.18825276873358715, 0.0994804243189793, 0.037908133533133534, 0.0020833333333333333, 0.0010416666666666667, 0.0010416666666666667, 0.0], [0.003619281045751634, -1e-05, -1e-05, 0.05141556491013012, -2e-05, 0.0, 0.0010416666666666667, 0.0, 0.0010416666666666667, 0.0], [0.08201057296165991, 0.03830819153613271, -1e-05, 0.02079528462680636, -2e-05, 0.004504830917874397, 0.0, 0.0, 0.0, 0.0], [0.0030413105413105417, 0.018874227624227625, -1e-05, 0.01742765540559658, 0.022103294545749785, 0.0022222222222222222, 0.0022222222222222222, 0.0, 0.0, 0.0], [0.005126262626262626, 0.00324074074074074, -2e-05, 0.02756202539290775, 0.02583118406647818, -2e-05, -2e-05, 0.00196078431372549, 0.000980392156862745, 0.000980392156862745], [0.0009259259259259259, 0.0009259259259259259, 0.0, 0.0, -1e-05, 0.0013690476190476191, 0.0, 0.0, 0.0, 0.0]], "10_easy_full": [[0.00028169014084507044, 0.0013027798804702792, 0.0036832274887741135, 0.005698139376644259, -1e-05, 0.08271161666510923, -2e-05, 0.00397216633132126, 0.014401337261173802, 0.015450327863612228], [0.0034047365459699487, 0.00028169014084507044, 0.0005255925798694607, 0.00393069129029929, -2e-05, -1e-05, -1e-05, -1e-05, 0.10658697042402325, 0.08109967552694528], [0.001948356807511737, 0.00549106536441658, 0.001980398892638471, -1e-05, -2e-05, -2e-05, -2e-05, -1e-05, 0.04340524391745197, 0.04287567365528048], [0.001948356807511737, 0.0037465586057135354, 0.009681162681880556, -2e-05, -2e-05, -1e-05, -1e-05, -2e-05, -1e-05, -1e-05], [-2e-05, 0.0035639787921687167, 0.0081679330147401, -1e-05, 0.04525209790268187, -2e-05, -2e-05, 0.025008098575739462, 0.03874088325759118, 0.087159104999435], [-1e-05, 0.011195529233416815, 0.013769934003097789, 0.013635856305776316, 0.040191943223250225, 0.005048441874457886, 0.006110093415758233, 0.005325573647493943, 0.01022874076791794, 0.017481989698557937], [-1e-05, -1e-05, 0.013319108589525602, 0.012668812232657853, 0.01041363705441103, 0.02771782996265423, 0.0068507086846858545, 0.003385704323626377, 0.0010506099894862814, 0.00206635729924448], [-2e-05, -2e-05, 0.005648885704807888, 0.008349895553288588, 0.003512211827746606, 0.010284515547418747, -1e-05, 0.0052376203014124646, 0.0009122320127662527, 0.000736235595390525], [0.0005519604111153408, 0.00028169014084507044, 0.0005255925798694607, 0.005087404149863011, 0.003279925057150863, 0.006449691509505464, -1e-05, 0.010955451109077868, 0.0015106942645860364, 0.000736235595390525], [0.00028169014084507044, 0.00028169014084507044, 0.000697156667859123, 0.0174648807407411, 0.037578888541415216, -2e-05, -2e-05, -2e-05, 0.030567415512958405, 0.006307611798418544]], "6_easy_pruned": [[0.0035671778049826833, -1e-05, -2e-05, -2e-05, 0.017423472309018244, 0.0725144594778914], [0.0019490418118466898, -2e-05, -1e-05, -1e-05, 0.16467974138742136, 0.22191604043605126], [-1e-05, -2e-05, -2e-05, -2e-05, -1e-05, 0.2006508416573352], [-2e-05, 0.045162021222475326, -1e-05, -1e-05, -2e-05, -1e-05], [-1e-05, 0.035075494741041865, -2e-05, -2e-05, 0.044113265847400635, 0.12365140509764597], [0.004683295462048615, 0.003984554022663779, 0.014154166435356951, 0.0071676886095515206, 0.009299053133118771, 0.03000828054414962]],