{"10_easy_pruned": [[0.0, 0.0, 0.0, 0.0, -1e-05, -2e-05, -2e-05, 0.0009487666034155598, 0.0010695187165775401, 0.0670732466984839], [0.0, 0.0018975332068311196, 0.0, 0.0007352941176470588, -2e-05, -1e-05, -1e-05, -1e-05, 0.17498826021122035, 0.16139262645429628], [0.0, 0.0, 0.0007352941176470588, -1e-05, -2e-05, -2e-05, -2e-05, -1e-05, 0.060820970616985784, 0.12842538286086674], [0.0, 0.0, 0.0009487666034155598, -2e-05, -2e-05, -1e-05, -1e-05, -2e-05, -1e-05, -1e-05], [-2e-05, 0.0, 0.003756253234431603, -1e-05, 0.03270896824027753, -2e-05, -2e-05, 0.013467214842926416, 0.023239510858106684, -1e-05], [-1e-05, 0.002072192513368984, 0.005748663101604278, 0.01612591762022502, 0.030185872002760048, 0.0, 0.0018975332068311196, 0.006723305157840261, 0.02422373641538727, 0.07629568934123014], [-1e-05, -1e-05, 0.010258658693193798, 0.01099922373641539, 0.006427893738140417, 0.026949284112471966, 0.005908228393996895, 0.014919354838709679, 0.002807486631016043, 0.005507158875280318], [-2e-05, -2e-05, 0.005360531309297913, 0.003676470588235294, 0.0, 0.003581593927893738, -1e-05, 0.0, 0.0013368983957219253, 0.002072192513368984], [0.0, 0.0, 0.0, 0.008301707779886147, 0.0, 0.014250905640848716, -1e-05, 0.003581593927893738, 0.0, 0.0], [0.0, 0.0, 0.0, 0.0026737967914438505, 0.01921036743143005, -2e-05, -2e-05, -2e-05, 0.013073572537519408, 0.00362256339485941]], "10_medium_pruned": [[0.0, 0.0, 0.011613944630248977, 0.0, 0.0009250693802035152, 0.003940217391304348, 0.0, 0.0, 0.0, 0.0], [0.0, 0.0, 0.09088287834353245, 0.001761189781541308, 0.0006793478260869565, 0.005706521739130435, 0.0, 0.0006793478260869565, 0.0, 0.0], [0.0, 0.0008361204013377927, -1e-05, 0.004044954813918736, 0.01080368906455863, -2e-05, 0.001766304347826087, 0.0, 0.0, 0.0], [0.052703747671309385, 0.06980739087286388, -1e-05, -1e-05, -1e-05, -2e-05, 0.0010869565217391304, 0.0, 0.0, 0.0], [0.0, 0.14079993119819792, 0.16532743518511445, 0.024264194280382994, -2e-05, -2e-05, -2e-05, -1e-05, -2e-05, 0.0], [0.0, 0.002898550724637681, 0.23963811266701504, 0.013264116202945988, 0.0, -1e-05, -2e-05, -2e-05, 0.0, 0.0], [0.0, 0.0018501387604070304, 0.08923276789074784, -1e-05, 0.0026358695652173914, -2e-05, 0.0010869565217391304, 0.0, 0.0, 0.0], [0.0, 0.0037346711259754737, 0.014926839464882942, 0.015980857910205735, -1e-05, -1e-05, 0.01016071597998055, 0.005339088332265945, 0.0, 0.0], [0.0, 0.0008361204013377927, 0.0019230769230769232, 0.0016722408026755855, 0.0027591973244147157, -1e-05, 0.0035953177257525087, 0.0, 0.0, 0.0], [0.0, 0.0, 0.0, 0.0008361204013377927, 0.0, 0.0, -2e-05, 0.0, 0.0, 0.0]], "6_hard_pruned": [[0.0, -2e-05, 0.3328816111424807, -1e-05, -1e-05, 0.06898997741389046], [0.01821475625823452, -2e-05, -1e-05, -2e-05, 0.01105072463768116, 0.008333333333333333], [0.04676501035196687, -1e-05, 0.10350908149821192, 0.09801665725578768, 0.07306606437041219, 0.0], [-2e-05, -1e-05, 0.0940640880858272, -2e-05, 0.02525527009222661, 0.004199604743083004], [0.009692028985507247, -1e-05, 0.03328392621870883, 0.043099472990777335, 0.0238965744400527, 0.0], [0.0, -2e-05, 0.002840909090909091, 0.002840909090909091, -2e-05, 0.0]], "10_hard_full": [[0.0, 0.0, 0.0, -2e-05, 0.0, 0.0, 0.0, 0.0, 0.0, 0.0], [0.005128205128205128, 0.0, 0.0, -1e-05, 0.0, -2e-05, 0.0, 0.0, 0.0, 0.0], [0.0, -2e-05, -2e-05, 0.08410964035964036, 0.22574716949716947, -1e-05, -1e-05, 0.07099775224775223, -2e-05, 0.0], [0.0, 0.0, -2e-05, -1e-05, -2e-05, 0.011217948717948716, 0.002403846153846154, 0.0, 0.002403846153846154, 0.0], [0.06867923742923743, -1e-05, -1e-05, 0.10601898101898101, 0.0840638528138528, 0.06387154512154512, 0.004807692307692308, 0.002403846153846154, 0.002403846153846154, 0.0], [0.0, -1e-05, -1e-05, 0.06736804861804861, -2e-05, 0.0, 0.002403846153846154, 0.0, 0.002403846153846154, 0.0], [0.10683691308691307, 0.00590034965034965, -1e-05, 0.00590034965034965, -2e-05, 0.005128205128205128, 0.0, 0.0, 0.0, 0.0], [0.0, 0.005128205128205128, -1e-05, 0.02133075258075258, 0.008624708624708625, 0.005128205128205128, 0.005128205128205128, 0.0, 0.0, 0.0], [0.0, 0.0, -2e-05, 0.011028554778554779, 0.013432400932400933, -2e-05, -2e-05, 0.0, 0.0, 0.0], [0.0, 0.0, 0.0, 0.0, -1e-05, 0.0, 0.0, 0.0, 0.0, 0.0]], "10_easy_full": [[0.0, 0.0023638189272864197, 0.005135437552563581, 0.0072463297563350425, -1e-05, 0.1287204056906018, -2e-05, 0.008403361344537815, 0.010992952052793437, 0.037193164838218704], [0.001589825119236884, 0.0, 0.0, 0.0014347202295552368, -2e-05, -1e-05, -1e-05, -1e-05, 0.136281080992839, 0.12360110025317335], [0.0, 0.0034873583260680036, 0.0014347202295552368, -1e-05, -2e-05, -2e-05, -2e-05, -1e-05, 0.04278418066500409, 0.06592641813880275], [0.0, 0.0, 0.0034873583260680036, -2e-05, -2e-05, -1e-05, -1e-05, -2e-05, -1e-05, -1e-05], [-2e-05, 0.0, 0.0, -1e-05, 0.01417029557072816, -2e-05, -2e-05, 0.017521695631819923, 0.03238844433217586, 0.13334332249085062], [-1e-05, 0.0027419097720388966, 0.005879722507374852, 0.006007253194446428, 0.016000779692421266, 0.001589825119236884, 0.0028970146617205445, 0.005707762557077625, 0.0060243275392348715, 0.043771685222970966], [-1e-05, -1e-05, 0.009325243330305042, 0.008551249522255507, 0.003137812735335955, 0.00812680130493802, 0.0023638189272864197, 0.002395626892000784, 0.0, 0.0013368983957219253], [-2e-05, -2e-05, 0.001547987616099071, 0.005105728699325317, 0.0030245453487921206, 0.011427906693329935, -1e-05, 0.001589825119236884, 0.0, 0.0013368983957219253], [0.0, 0.0, 0.0, 0.0014347202295552368, 0.0028970146617205445, 0.0030245453487921206, -1e-05, 0.002028397565922921, 0.002926723514958809, 0.0013368983957219253], [0.0, 0.0, 0.0, 0.016552279491451, 0.02495945361336837, -2e-05, -2e-05, -2e-05, 0.01589536584732485, 0.001547987616099071]], "6_easy_pruned": [[0.002756751705448089, -1e-05, -2e-05, -2e-05, 0.01348262875829885, 0.08426029459802155], [0.0014568064399855822, -2e-05, -1e-05, -1e-05, 0.18079627662359796, 0.25674985888819923], [-1e-05, -2e-05, -2e-05, -2e-05, -1e-05, 0.18106094247486812], [-2e-05, 0.04251303181601752, -1e-05, -1e-05, -2e-05, -1e-05], [-1e-05, 0.020670530447654076, -2e-05, -2e-05, 0.037226210728640824, 0.1342000922872785], [0.0014568064399855822, 0.0016820857863751053, 0.008357039845395752, 0.0037121893216554044, 0.006224851168389981, 0.023393602670187853]], "10_hard_pruned": [[0.0, 0.0, 0.017953236518838737, -2e-05, 0.0, 0.0, 0.0, 0.0, 0.0, 0.0], [0.001937984496124031, 0.0, 0.0, -1e-05, 0.0012437810945273632, -2e-05, 0.0, 0.0, 0.0, 0.0], [0.0, -2e-05, -2e-05, 0.1596615353213978, -1e-05, -1e-05, -1e-05, 0.13635090327746544, -2e-05, 0.016666666666666666], [0.004127816627816628, 0.003035675908016334, -2e-05, -1e-05, -2e-05, 0.01761781612527881, 0.0, 0.0, 0.0, 0.0], [0.06271370189317563, -1e-05, -1e-05, 0.1767178333879095, 0.11432677127019002, 0.0501732963311759, 0.006423786274532543, 0.0, 0.0, 0.0], [0.002846345197091466, -1e-05, -1e-05, 0.09775470359838229, -2e-05, 0.0, 0.0, 0.0023148148148148147, 0.0, 0.0], [-2e-05, 0.01673440753722792, -1e-05, 0.009445932318272744, -2e-05, 0.001937984496124031, 0.0, 0.0, 0.0, 0.0], [0.0, 0.009956355701036554, -1e-05, 0.01694075231309274, 0.023486037070083687, 0.0017730496453900709, 0.0, 0.0, 0.0, 0.0], [0.0, 0.0017730496453900709, -2e-05, 0.015417243522142089, 0.024854565459464028, -2e-05, -2e-05, 0.003875968992248062, 0.0, 0.0], [0.0, 0.0, 0.0, 0.0, -1e-05, 0.001937984496124031, 0.0, 0.0, 0.0, 0.0]], "6_easy_full": [[0.001524390243902439, -1e-05, 0.15016401026033876, -2e-05, 0.006760817307692308, 0.06703587296003455], [0.0, -2e-05, -1e-05, -1e-05, 0.1391427492379831, 0.15435338615573438], [-1e-05, -2e-05, -2e-05, -2e-05, -1e-05, 0.1125693136596581], [-2e-05, 0.016999789180072652, -1e-05, -1e-05, -2e-05, 0.16612866820139296], [-1e-05, 0.02377092883295854, -2e-05, -2e-05, 0.03562826140229487, 0.08651597338651373], [0.0013297872340425532, 0.002854177477944992, 0.005977515243902439, 0.005703125, 0.006489361702127659, 0.017051872513405987]],