{"10_easy_pruned": [[0.0, 0.0, 0.0, 0.002747252747252747, -1e-05, -2e-05, -2e-05, 0.010989010989010988, 0.002747252747252747, 0.0], [0.0, 0.0, 0.0, 0.005494505494505494, -2e-05, -1e-05, -1e-05, -1e-05, 0.24139194139194142, 0.0], [0.0, 0.0, 0.0, -1e-05, -2e-05, -2e-05, -2e-05, -1e-05, 0.014652014652014652, 0.015567765567765568], [0.0, 0.0, 0.0, -2e-05, -2e-05, -1e-05, -1e-05, -2e-05, -1e-05, -1e-05], [-2e-05, 0.0, 0.0, -1e-05, 0.030952380952380953, -2e-05, -2e-05, 0.05274725274725275, 0.024725274725274724, -1e-05], [-1e-05, 0.0, 0.005494505494505494, 0.015384615384615385, 0.038461538461538464, 0.013736263736263734, 0.0, 0.0, 0.03498168498168498, 0.09249084249084251], [-1e-05, -1e-05, 0.05805860805860806, 0.015384615384615385, 0.007692307692307693, 0.01043956043956044, 0.0, 0.03241758241758241, 0.0, 0.0], [-2e-05, -2e-05, 0.0, 0.007692307692307693, 0.0, 0.014102564102564105, -1e-05, 0.0, 0.0, 0.0], [0.0, 0.0, 0.0, 0.0, 0.0, 0.05531135531135531, -1e-05, 0.015384615384615385, 0.0, 0.0], [0.0, 0.0, 0.0, 0.0, 0.1326007326007326, -2e-05, -2e-05, -2e-05, 0.0456043956043956, 0.002747252747252747]], "10_medium_pruned": [[0.0, 0.0, 0.0, 0.0, 0.0, 0.0, 0.0, 0.0, 0.0, 0.0], [0.0, 0.005, 0.0, 0.0, 0.0, 0.0, 0.0, 0.0, 0.0, 0.0], [0.004, 0.0, -1e-05, 0.0, 0.005, -2e-05, 0.0, 0.0, 0.0, 0.0], [0.05776470588235294, 0.15052941176470588, -1e-05, -1e-05, -1e-05, -2e-05, 0.0, 0.0, 0.0, 0.0], [0.004, 0.044647058823529415, 0.06052941176470587, 0.11800000000000002, -2e-05, -2e-05, -2e-05, -1e-05, -2e-05, 0.0], [0.0058823529411764705, 0.0, 0.221, 0.01888235294117647, 0.009, -1e-05, -2e-05, -2e-05, 0.0, 0.0], [0.004, 0.0, 0.0, -1e-05, 0.01588235294117647, -2e-05, 0.0, 0.0, 0.005, 0.0], [0.0, 0.0, 0.005, 0.2, -1e-05, -1e-05, 0.0, 0.0, 0.0, 0.0], [0.0, 0.0, 0.0, 0.01, 0.05, -1e-05, 0.0058823529411764705, 0.0, 0.0, 0.0], [0.0, 0.0, 0.0, 0.0, 0.0, 0.0, -2e-05, 0.0, 0.0, 0.0]], "6_hard_pruned": [[0.0, -2e-05, 0.19078674948240168, -1e-05, -1e-05, 0.06966873706004141], [0.059420289855072465, -2e-05, -1e-05, -2e-05, 0.012681159420289854, 0.0], [0.0822463768115942, -1e-05, 0.2557971014492753, 0.11195652173913044, 0.007246376811594202, 0.0], [-2e-05, -1e-05, 0.1275879917184265, -2e-05, 0.0, 0.0], [0.008695652173913044, -1e-05, 0.05072463768115942, 0.0, 0.0, 0.0], [0.02318840579710145, -2e-05, 0.0, 0.0, -2e-05, 0.0]], "10_hard_full": [[0.0, 0.0, 0.0, -2e-05, 0.0, 0.0, 0.0, 0.0, 0.0, 0.0], [0.0, 0.0, 0.0, -1e-05, 0.0, -2e-05, 0.0, 0.0, 0.0, 0.0], [0.0, -2e-05, -2e-05, 0.08125583566760039, 0.1039970890316911, -1e-05, -1e-05, 0.010294117647058823, -2e-05, 0.0], [0.030952380952380946, 0.03657796451914099, -2e-05, -1e-05, -2e-05, 0.0, 0.0, 0.0, 0.0, 0.0], [0.01134453781512605, -1e-05, -1e-05, 0.2612072279892349, 0.19764101719119018, 0.0029411764705882353, 0.0, 0.0, 0.0, 0.0], [0.011764705882352941, -1e-05, -1e-05, 0.00980392156862745, -2e-05, 0.0, 0.0, 0.0, 0.0, 0.0], [0.03486159169550173, 0.02892156862745098, -1e-05, 0.05014005602240896, -2e-05, 0.0034602076124567475, 0.0, 0.0, 0.0, 0.0], [0.0065359477124183, 0.00980392156862745, -1e-05, 0.024999999999999998, 0.011764705882352941, 0.0, 0.0, 0.0, 0.0, 0.0], [0.0, 0.0, -2e-05, 0.05343137254901961, 0.011764705882352941, -2e-05, -2e-05, 0.0, 0.0, 0.0], [0.0065359477124183, 0.0, 0.0, 0.0, -1e-05, 0.0, 0.0, 0.0, 0.0, 0.0]], "10_easy_full": [[0.0, 0.0, 0.0, 0.00202020202020202, -1e-05, 0.12583055211513708, -2e-05, 0.0030303030303030303, 0.0, 0.006709956709956709], [0.0, 0.0, 0.0, 0.011904761904761904, -2e-05, -1e-05, -1e-05, -1e-05, 0.16674468848381896, 0.020512820512820513], [0.0, 0.0, 0.0, -1e-05, -2e-05, -2e-05, -2e-05, -1e-05, 0.025600969079229947, 0.02966200466200466], [0.0, 0.0, 0.005555555555555556, -2e-05, -2e-05, -1e-05, -1e-05, -2e-05, -1e-05, -1e-05], [-2e-05, 0.0, 0.002525252525252525, -1e-05, 0.06665873286426646, -2e-05, -2e-05, 0.020246222815392775, 0.008264462809917356, 0.09372756872756875], [-1e-05, 0.04063931237844281, 0.017618211096471964, 0.02631909153648284, 0.03693166736644997, 0.002525252525252525, 0.0, 0.0021645021645021645, 0.0, 0.0], [-1e-05, -1e-05, 0.020378260299208917, 0.0015151515151515152, 0.01883116883116883, 0.035263276468810056, 0.018855218855218854, 0.009427609427609427, 0.0, 0.0], [-2e-05, -2e-05, 0.009067952249770432, 0.0021645021645021645, 0.0, 0.02352092352092352, -1e-05, 0.015503520048974592, 0.0, 0.0], [0.0, 0.0, 0.0, 0.0, 0.0, 0.009106213651668197, -1e-05, 0.00468975468975469, 0.0, 0.0], [0.0, 0.0, 0.0, 0.0, 0.04492359492359492, -2e-05, -2e-05, -2e-05, 0.06939626030535122, 0.0021645021645021645]], "6_easy_pruned": [[0.006993006993006993, -1e-05, -2e-05, -2e-05, 0.01515151515151515, 0.01515151515151515], [0.0, -2e-05, -1e-05, -1e-05, 0.2663851300214936, 0.06887052341597796], [-1e-05, -2e-05, -2e-05, -2e-05, -1e-05, 0.26939726939726943], [-2e-05, 0.013986013986013986, -1e-05, -1e-05, -2e-05, -1e-05], [-1e-05, 0.10389610389610389, -2e-05, -2e-05, 0.03856749311294765, 0.085997335997336], [0.008264462809917356, 0.0, 0.0295159386068477, 0.0, 0.0, 0.07782369146005509]], "10_hard_pruned": [[0.0, 0.0, 0.0, -2e-05, 0.0, 0.0, 0.0, 0.0, 0.0, 0.0], [0.0, 0.0, 0.0, -1e-05, 0.0, -2e-05, 0.0, 0.0, 0.0, 0.0], [0.0, -2e-05, -2e-05, 0.19226000607579558, -1e-05, -1e-05, -1e-05, 0.07575757575757576, -2e-05, 0.0], [0.006926406926406926, 0.0, -2e-05, -1e-05, -2e-05, 0.0958285866180603, 0.0, 0.0, 0.0, 0.0], [0.029292929292929298, -1e-05, -1e-05, 0.23295264676843627, 0.06284271284271285, 0.0, 0.01904761904761905, 0.0, 0.0, 0.0], [0.004761904761904762, -1e-05, -1e-05, 0.023809523809523808, -2e-05, 0.002976190476190476, 0.0, 0.047619047619047616, 0.0, 0.0], [-2e-05, 0.007455507455507456, -1e-05, 0.05268474215842637, -2e-05, 0.0, 0.0, 0.0, 0.0, 0.0], [0.0, 0.015873015873015872, -1e-05, 0.025382901698691167, 0.025898078529657472, 0.0, 0.0, 0.0, 0.0, 0.0], [0.0, 0.0, -2e-05, 0.013227513227513229, 0.02274436090225564, -2e-05, -2e-05, 0.0, 0.023809523809523808, 0.0], [0.0, 0.0, 0.0, 0.015873015873015872, -1e-05, 0.002976190476190476, 0.0, 0.0, 0.0, 0.0]], "6_easy_full": [[0.014734717416378315, -1e-05, 0.11980616628578114, -2e-05, 0.007352941176470588, 0.04108309990662932], [0.010960906101571063, -2e-05, -1e-05, -1e-05, 0.22396083598129635, 0.06507545744795631], [-1e-05, -2e-05, -2e-05, -2e-05, -1e-05, 0.054559435182272555], [-2e-05, 0.0837561336244953, -1e-05, -1e-05, -2e-05, 0.12253970641965226], [-1e-05, 0.05522959396887484, -2e-05, -2e-05, 0.06459738045415794, 0.06831039010969808], [0.018154692707122375, 0.00392156862745098, 0.023885044213763938, 0.0, 0.0, 0.02207193037642865]], "10_medium_full": [[0.0, 0.0, 0.0, 0.0, 0.0, 0.0, 0.0, 0.0, 0.0, 0.0], [0.0, 0.0, 0.0, 0.0, 0.0, 0.0, 0.0, 0.0, 0.0, 0.0], [0.0, 0.0, -1e-05, 0.0, 0.0030303030303030303, -2e-05, 0.0, 0.0, 0.0, 0.0], [0.007500000000000001, 0.008333333333333333, 0.051375598086124394, -1e-05, -1e-05, 0.04869883040935673, 0.015000000000000001, 0.0030303030303030303, 0.0, 0.0], [0.0, 0.02763227513227513, 0.01357924482924483, 0.1981623250044303, -2e-05, -2e-05, -2e-05, -1e-05, -2e-05, 0.0], [0.0, 0.0, 0.38730782132097924, 0.031224747474747475, 0.00787037037037037, -1e-05, -2e-05, -2e-05, 0.0, 0.0], [0.0017543859649122805, 0.0, 0.0, -1e-05, 0.07550906939064835, -2e-05, 0.0, 0.0, 0.0, 0.0], [0.0, 0.0, 0.005787037037037037, 0.06786597174755069, -1e-05, -1e-05, 0.02550505050505051, 0.004166666666666667, 0.004166666666666667, 0.0], [0.0, 0.0, 0.0, 0.004166666666666667, 0.004166666666666667, -1e-05, 0.0, 0.0, 0.0, 0.0], [0.0, 0.0, 0.0, 0.004166666666666667, 0.0, 0.0, -2e-05, 0.0, 0.0, 0.0]],