{"10_easy_pruned": [[0.0018016428288633553, 0.0013170410059773663, 0.0, 0.0, -1e-05, -2e-05, -2e-05, 0.0, 0.0, 0.0024512932675166757], [0.002024609803081661, 0.002820221864398887, 0.0, 0.0, -2e-05, -1e-05, -1e-05, -1e-05, 0.15763701320338008, 0.26813377126220866], [0.0008786943558944392, 0.005173883513620363, 0.0, -1e-05, -2e-05, -2e-05, -2e-05, -1e-05, 0.0, 0.024397948934454988], [0.002802786402610825, 0.004634598994766693, 0.009242427379622341, -2e-05, -2e-05, -1e-05, -1e-05, -2e-05, -1e-05, -1e-05], [-2e-05, 0.0, 0.0, -1e-05, 0.021133858161947475, -2e-05, -2e-05, 0.0, 0.010560725534971295, -1e-05], [-1e-05, 0.0, 0.007943892951289574, 0.009658287883220377, 0.039040452673161634, 0.0161785451291445, 0.007643686546626449, 0.006257387790501725, 0.019095625787175077, 0.021973682670653454], [-1e-05, -1e-05, 0.009478638482811677, 0.014135864800047757, 0.022543989928989823, 0.04033509724771519, 0.006570004702717769, 0.010887958943349563, 0.0038803549124538693, 0.0058885746391423195], [-2e-05, -2e-05, 0.01045422055064432, 0.01232204895806991, 0.014991264890797686, 0.01812572628042148, -1e-05, 0.007398836156295756, 0.0074138729925666445, 0.0069663291825004135], [0.0, 0.0, 0.003956779848549444, 0.01835504594623875, 0.009103196891277131, 0.025455647835293475, -1e-05, 0.01715667974985805, 0.004434493421908188, 0.003279961230196489], [0.0008786943558944392, 0.0016644582537772882, 0.005347054985669648, 0.018265408987323463, 0.03939953014646789, -2e-05, -2e-05, -2e-05, 0.015932444192835037, 0.002575743541098292]], "10_medium_pruned": [[0.0, 0.0, 0.009257582753855444, 0.0015079532531164618, 0.0020940276839115594, 0.033980934874667336, 0.0025158555251107006, 0.0012255740427857544, 0.006986766404858767, 0.000974147124182961], [0.0, 0.0, 0.0, 0.0318587111417626, 0.0, 0.0352735880396008, 0.007324952075859441, 0.012048237564717432, 0.0020088440742529034, 0.0006688863578452445], [0.0, 0.0, -1e-05, 0.009662427684120909, 0.0520517401282932, -2e-05, 0.029542413188818124, 0.0024567892147433243, 0.001185452059943552, 0.0], [0.10612006374619003, 0.08311430932795853, -1e-05, -1e-05, -1e-05, -2e-05, 0.014071705777365098, 0.0, 0.0, 0.0013152419022822621], [0.002391544350714012, 0.08697062297748427, 0.0405677155623588, 0.01780199955337123, -2e-05, -2e-05, -2e-05, -1e-05, -2e-05, 0.002163536412608349], [0.002536740361769528, 0.0054663208885570806, 0.17102691233462328, 0.03393947744223645, 0.0, -1e-05, -2e-05, -2e-05, 0.0, 0.0016414679361548782], [0.0025428609914908843, 0.0029552987564053627, 0.010518315029096009, -1e-05, 0.0, -2e-05, 0.008344175336406098, 0.0, 0.03235666223722827, 0.0010643524081695897], [0.002190973052463387, 0.004886584273698414, 0.011121850271896674, 0.04647914811675078, -1e-05, -1e-05, 0.02258103038000331, 0.006218060988368155, 0.003393745970118205, 0.011567045681811366], [0.0008817568394791624, 0.0021517392367100883, 0.003047629517690931, 0.0, 0.0, -1e-05, 0.007341376769093558, 0.0, 0.0025264492083263645, 0.0020785040678359427], [0.0009583322889267922, 0.0012558489557292448, 0.0, 0.0, 0.0, 0.0, -2e-05, 0.0, 0.0009120317524226529, 0.0008736861037582572]], "6_hard_pruned": [[0.020360746661216674, -2e-05, 0.26128174001050203, -1e-05, -1e-05, 0.22493871470513585], [0.0, -2e-05, -1e-05, -2e-05, 0.01594711140427247, 0.0], [0.0, -1e-05, 0.08919589651398796, 0.08734477689202025, 0.03480600574331769, 0.006880562872938827], [-2e-05, -1e-05, 0.07459468729475084, -2e-05, 0.020259424534314913, 0.006755175091058659], [0.0, -1e-05, 0.06267928436338688, 0.040745925608352926, 0.029739532767288402, 0.008893733370903715], [0.0, -2e-05, 0.0, 0.010797647848399922, -2e-05, 0.004779034318151947]], "10_hard_full": [[0.0006300681928717029, 0.001674443103133123, 0.0, -2e-05, 0.0, 0.0, 0.0020259335544037973, 0.0, 0.001836170158990601, 0.0010123095632138693], [0.026106608805657627, 0.0, 0.0, -1e-05, 0.0063856625548213575, -2e-05, 0.0, 0.0, 0.0034206058874050116, 0.0013049412350142826], [0.0033197593006640165, -2e-05, -2e-05, 0.018761559068039484, 0.16845043391538236, -1e-05, -1e-05, 0.006628767310909503, -2e-05, 0.0013273436596497206], [0.0, 0.0, -2e-05, -1e-05, -2e-05, 0.021231195420806696, 0.011352554817693754, 0.007021848062353959, 0.003748379486064187, 0.002091826400334053], [0.015134490260149066, -1e-05, -1e-05, 0.09335867555656298, 0.09710616906338937, 0.015624555134649788, 0.024007029241592908, 0.0077446953585025916, 0.00345754564198045, 0.0034914088167446763], [0.0, -1e-05, -1e-05, 0.033605501398396985, -2e-05, 0.020070234096852997, 0.010027442337819192, 0.006567025040996267, 0.005595407963117884, 0.00291668947147354], [0.10935183525173331, 0.022819726943315802, -1e-05, 0.0, -2e-05, 0.03229391886977943, 0.008049304488933826, 0.005107788492761459, 0.003828845337815966, 0.0027391821785430516], [0.0, 0.024317831941768283, -1e-05, 0.031890322863606546, 0.02407049308413957, 0.011831599564564475, 0.009345447138532859, 0.005060064308086075, 0.0024516653460407815, 0.0017319874546273255], [0.0, 0.003255352329837131, -2e-05, 0.008753556873129398, 0.0186838316360845, -2e-05, -2e-05, 0.004265261633268632, 0.002469867316057075, 0.0015499677544643892], [0.0, 0.006043625535833862, 0.002303820773255376, 0.004275719908034667, -1e-05, 0.01391457023044084, 0.002909688713774965, 0.007004700982502654, 0.0016304336062161675, 0.0010123095632138693]], "10_easy_full": [[0.0015432463265534512, 0.0018928813768706893, 0.0018928813768706893, 0.0, -1e-05, 0.12856760160812256, -2e-05, 0.0, 0.0, 0.0], [0.001734234772427723, 0.0024157379934429866, 0.0, 0.0, -2e-05, -1e-05, -1e-05, -1e-05, 0.13502828510601814, 0.13502828510601814], [0.000752669627504838, 0.00443183110353094, 0.0, -1e-05, -2e-05, -2e-05, -2e-05, -1e-05, 0.0, 0.0], [0.0024008031728863697, 0.003969892233431403, 0.007916853370452935, -2e-05, -2e-05, -1e-05, -1e-05, -2e-05, -1e-05, -1e-05], [-2e-05, 0.0, 0.0, -1e-05, 0.01810278288893895, -2e-05, -2e-05, 0.0, 0.010166808438724152, 0.15888749037573388], [-1e-05, 0.0, 0.006804558272710387, 0.008273070032409863, 0.03344116503538677, 0.015796379344261136, 0.0071934766348431415, 0.005359936257512566, 0.010443760799690066, 0.0035547933186916114], [-1e-05, -1e-05, 0.008119186436390351, 0.012108460720315446, 0.020602806431892776, 0.03455012817273217, 0.005627716804059777, 0.008400907462096034, 0.003323823883641842, 0.002671393738367109], [-2e-05, -2e-05, 0.008954847877334225, 0.011200855617002903, 0.012841177009379328, 0.015526085442818563, -1e-05, 0.006337675001974707, 0.006996623564182772, 0.002902363173416878], [0.0, 0.0, 0.003389287748064397, 0.015722515460028046, 0.007797591696473668, 0.01482639501936867, -1e-05, 0.014696022194658069, 0.003798486344711724, 0.001999482654585967], [0.000752669627504838, 0.001425737135403208, 0.004580165853250736, 0.01564573447694234, 0.033748742643306746, -2e-05, -2e-05, -2e-05, 0.013647369822531777, 0.0022063234145313494]], "6_easy_pruned": [[0.0, -1e-05, -2e-05, -2e-05, 0.0, 0.00841059574862503], [0.0, -2e-05, -1e-05, -1e-05, 0.35324502144225123, 0.4962251491688768], [-1e-05, -2e-05, -2e-05, -2e-05, -1e-05, 0.04911787917197018], [-2e-05, 0.0, -1e-05, -1e-05, -2e-05, -1e-05], [-1e-05, 0.022418338073908733, -2e-05, -2e-05, 0.01917615830686507, 0.012615893622937545], [0.0, 0.0, 0.031343486823209275, 0.0, 0.0, 0.007447477641356177]],