{"10_easy_pruned": [[0.0017392579582425239, 0.0012714362770910842, 0.0012714362770910842, 0.0007281271301967932, -1e-05, -2e-05, -2e-05, 0.0007281271301967932, 0.0014562542603935864, 0.002366413173139578], [0.0019545043312315046, 0.0027225670055589894, 0.001577698541354664, 0.0007585555198832717, -2e-05, -1e-05, -1e-05, -1e-05, 0.1521785702111298, 0.25884919478496], [0.0008482681066792642, 0.004994729217089738, 0.002858641972889961, -1e-05, -2e-05, -2e-05, -2e-05, -1e-05, 0.005364365183694742, 0.02355312949338415], [0.0027057352755486346, 0.0044741183189990295, 0.008922393004848993, -2e-05, -2e-05, -1e-05, -1e-05, -2e-05, -1e-05, -1e-05], [-2e-05, 0.002750388786288255, 0.004584191823426228, -1e-05, 0.020402063276729363, -2e-05, -2e-05, 0.004512122097274097, 0.010195042900429939, -1e-05], [-1e-05, 0.00535820762507529, 0.007668822484462033, 0.009323853648886828, 0.03768861225841614, 0.015618336175102415, 0.007379011224393839, 0.00604071536160465, 0.018434408077942277, 0.021212807469137087], [-1e-05, -1e-05, 0.00915042490688059, 0.013646387039785527, 0.021763366892910776, 0.03893842761766156, 0.006342507394821351, 0.010510945309390651, 0.003745991188802236, 0.005684672977215374], [-2e-05, -2e-05, 0.010092225827802922, 0.011895377579194157, 0.014472167483879882, 0.017498092949998215, -1e-05, 0.007142639184864717, 0.007157155345744082, 0.006725108482265066], [0.0009820057428378587, 0.0016965362133585283, 0.0038197697847497276, 0.017719472042104854, 0.008787983603049207, 0.024574203815794827, -1e-05, 0.016562601262529245, 0.004280941733436615, 0.0031663871334282386], [0.0008482681066792642, 0.001606823626562536, 0.005161904339748379, 0.017632938911537333, 0.03803525607874957, -2e-05, -2e-05, -2e-05, 0.015380756891822825, 0.0024865541496220493]], "10_medium_pruned": [[0.00041808094293231283, 0.0006342987696419425, 0.008778880420801695, 0.001429978174783815, 0.0019857471570807156, 0.03222380742181511, 0.002385762611926091, 0.0011622005716312761, 0.006625486201652963, 0.0009237747415121418], [0.0011909099926051688, 0.0008648713068385184, 0.0032525045294341214, 0.030211322211288735, 0.0024005506852462387, 0.03344961850687354, 0.0069461845572260815, 0.011425232663247437, 0.0019049683249720692, 0.0006342987696419425], [0.0014730423062446541, 0.0020776795567681618, -1e-05, 0.009162791137698951, 0.049360185529060026, -2e-05, 0.028014798206209904, 0.0023297505740755837, 0.001124153265008987, 0.000807452464890733], [0.10063267859935379, 0.0788165336727666, -1e-05, -1e-05, -1e-05, -2e-05, 0.013344068923904056, 0.001360275121625409, 0.0015495778661720138, 0.0012472317765407062], [0.0022678794707202007, 0.08247344037232517, 0.038469990853576226, 0.016881472138623406, -2e-05, -2e-05, -2e-05, -1e-05, -2e-05, 0.0020516616440105716], [0.0024055675100847886, 0.005183661728801481, 0.1621832450268191, 0.03218449372065347, 0.0049838324926957155, -1e-05, -2e-05, -2e-05, 0.001873234789807392, 0.001556588918428246], [0.0024113716468505565, 0.002802482578880737, 0.009974421220301741, -1e-05, 0.007061089412360798, -2e-05, 0.007912704583494532, 0.0026263810412998053, 0.03068352464671172, 0.001009315581113416], [0.0020776795567681618, 0.004633902838956825, 0.010546748129729581, 0.04407574787357465, -1e-05, -1e-05, 0.0214133830347864, 0.0058965299384877, 0.0032182580315404208, 0.010968922834665726], [0.0008361618858646257, 0.0020404744908121986, 0.002890038989019228, 0.004827027735351554, 0.005013950234536804, -1e-05, 0.006961759942473447, 0.001768320898110705, 0.0023958085041032294, 0.0019710262549997143], [0.0009087776789656834, 0.0011909099926051686, 0.0008361618858646257, 0.0012981492009241035, 0.0027119783264101037, 0.0014704606555065681, -2e-05, 0.001209384358525231, 0.0008648713068385184, 0.0008285084815488811]], "6_hard_pruned": [[0.0195492484855742, -2e-05, 0.2508680916863426, -1e-05, -1e-05, 0.2159735544557684], [0.004691702484783085, -2e-05, -1e-05, -2e-05, 0.015311523131078903, 0.0037775104564981457], [0.014793351908269727, -1e-05, 0.08564090373792388, 0.08386356236294866, 0.03341877713956982, 0.006606331072323242], [-2e-05, -1e-05, 0.07162164049742412, -2e-05, 0.01945196465463973, 0.006485940747458609], [0.004691702484783085, -1e-05, 0.06018113801552476, 0.03912195548357232, 0.028554233574352418, 0.008539264621538721], [0.004846942640529584, -2e-05, 0.007054802633368684, 0.010367296659614843, -2e-05, 0.004588561066112508]], "10_hard_full": [[0.0006076192436953419, 0.001614783706664275, 0.0014515348599388723, -2e-05, 0.0020172958890685346, 0.0018660662106376946, 0.001953750765442165, 0.0012584469669423527, 0.0017707485251981395, 0.000976241584870516], [0.025176446101245913, 0.0005401059943958594, 0.002446413721454554, -1e-05, 0.006158145254674506, -2e-05, 0.0021900471379903536, 0.0026922630434936465, 0.0032987317655441225, 0.0012584469669423527], [0.003201478281781457, -2e-05, -2e-05, 0.018093096049666687, 0.16244864669221368, -1e-05, -1e-05, 0.006392588335128652, -2e-05, 0.0012800512067181868], [0.003465946455161595, 0.0012152384873906838, -2e-05, -1e-05, -2e-05, 0.02047474075074509, 0.010948070146022424, 0.006771663856803988, 0.0036148269888450434, 0.0020172958890685346], [0.014595257512798814, -1e-05, -1e-05, 0.09003236233133974, 0.09364633490785212, 0.015067861671800402, 0.023151673288987838, 0.007468756540361322, 0.0033343553789741526, 0.003367012029273515], [0.004050227686880158, -1e-05, -1e-05, 0.032408157679933235, -2e-05, 0.019355143777590265, 0.009670170623491549, 0.006333045905002595, 0.005396046956791675, 0.0028127695871671926], [0.10545569540579156, 0.02200667385451587, -1e-05, 0.00809360540007822, -2e-05, 0.03114330604466762, 0.007762512631446864, 0.004925801073661648, 0.0036924258908970207, 0.0026415867718766056], [0.0017491442854223052, 0.023451402276668202, -1e-05, 0.03075408992043904, 0.02321287595315415, 0.011410046817885757, 0.009012474501258323, 0.004879777272862774, 0.0023643139904678746, 0.0016702777876691955], [0.0016499411435944942, 0.003139366092425933, -2e-05, 0.00844167292853345, 0.018018137999168037, -2e-05, -2e-05, 0.004113292937320467, 0.0023818674352857404, 0.0014947433394905411], [0.0009431187580713413, 0.005828294808097034, 0.002221737030518682, 0.004123378590072962, -1e-05, 0.013418802496966826, 0.002806018262237244, 0.006755127717051643, 0.0015723422415425176, 0.000976241584870516]],