{"10_easy_pruned": [[0.00551321550186476, 0.004053834927841735, 0.004053834927841735, 0.0025944543538187104, -1e-05, -2e-05, -2e-05, 0.0025944543538187104, 0.005188908707637421, 0.00843197664991081], [0.00551321550186476, 0.007296902870115123, 0.004378141722069074, 0.0014593805740230248, -2e-05, -1e-05, -1e-05, -1e-05, 0.02853899789200582, 0.037619588130371306], [0.0029187611480460496, 0.01070212420950218, 0.008756283444138148, -1e-05, -2e-05, -2e-05, -2e-05, -1e-05, 0.012972271769093553, 0.020107021242095006], [0.00551321550186476, 0.01102643100372952, 0.019458407653640326, -2e-05, -2e-05, -1e-05, -1e-05, -2e-05, -1e-05, -1e-05], [-2e-05, 0.00843197664991081, 0.012810118371979885, -1e-05, 0.02270147559591372, -2e-05, -2e-05, 0.012161504783525203, 0.018485487270958313, -1e-05], [-1e-05, 0.01102643100372952, 0.01718826009404896, 0.017999027079617303, 0.04361926382357707, 0.028214691097778476, 0.017999027079617303, 0.01426949894600291, 0.02205286200745904, 0.023025782390141056], [-1e-05, -1e-05, 0.020107021242095006, 0.02270147559591372, 0.0334035998054159, 0.036322360953461946, 0.01718826009404896, 0.021242095021890693, 0.01102643100372952, 0.01718826009404896], [-2e-05, -2e-05, 0.01978271444786767, 0.0217285552132317, 0.026106696935300776, 0.024323009567050413, -1e-05, 0.016539646505594276, 0.014755959137343915, 0.012485811577752545], [0.0029187611480460496, 0.005837522296092099, 0.011350737797956858, 0.020917788227663357, 0.019458407653640326, 0.026106696935300776, -1e-05, 0.01913410085941299, 0.01102643100372952, 0.00810766985568347], [0.0029187611480460496, 0.004378141722069074, 0.00843197664991081, 0.01426949894600291, 0.027079617317982793, -2e-05, -2e-05, -2e-05, 0.015728879520025933, 0.008756283444138148]], "10_medium_pruned": [[0.002387584560286507, 0.0035813768404297603, 0.010478843347924115, 0.0068974665074943535, 0.00928505106778086, 0.014060220188353876, 0.008091258787637607, 0.0057036742273511, 0.0057036742273511, 0.0035813768404297603], [0.0057036742273511, 0.004775169120573014, 0.013131715081575788, 0.018039527788831385, 0.010213556174558946, 0.017376309855418468, 0.00928505106778086, 0.009948269001193779, 0.007162753680859521, 0.0035813768404297603], [0.0068974665074943535, 0.00782597161427244, -1e-05, 0.016580448335322965, 0.022549409736039232, -2e-05, 0.01777424061546622, 0.00928505106778086, 0.0059689614007162675, 0.004775169120573014], [0.028651014723438083, 0.029314232656851003, -1e-05, -1e-05, -1e-05, -2e-05, 0.011142061281337032, 0.0057036742273511, 0.007162753680859521, 0.0059689614007162675], [0.010478843347924115, 0.03740549144448861, 0.0375381350311712, 0.02944687624353359, -2e-05, -2e-05, -2e-05, -1e-05, -2e-05, 0.00928505106778086], [0.010478843347924115, 0.015917230401910044, 0.04337445284520488, 0.034354688950789185, 0.013264358668258373, -1e-05, -2e-05, -2e-05, 0.010213556174558946, 0.008356545961002774], [0.009019763894415693, 0.010213556174558946, 0.019233320068974644, -1e-05, 0.015121368881814546, -2e-05, 0.012999071494893205, 0.009948269001193779, 0.017906884202148803, 0.0059689614007162675], [0.00782597161427244, 0.013794933014988709, 0.019498607242339806, 0.02997745059026392, -1e-05, -1e-05, 0.029446876243533582, 0.016182517575275217, 0.012601140734845454, 0.010478843347924115], [0.004775169120573014, 0.00782597161427244, 0.009948269001193779, 0.012999071494893205, 0.014192863775036459, -1e-05, 0.01817217137551397, 0.009948269001193779, 0.008754476721050525, 0.006632179334129186], [0.004509881947207846, 0.0057036742273511, 0.004775169120573014, 0.0068974665074943535, 0.0114073484547022, 0.008356545961002774, -2e-05, 0.0068974665074943535, 0.004775169120573014, 0.004509881947207846]], "6_hard_pruned": [[0.017060367454068245, -2e-05, 0.06430446194225722, -1e-05, -1e-05, 0.057742782152230984], [0.022309711286089242, -2e-05, -1e-05, -2e-05, 0.03412073490813649, 0.015748031496062992], [0.03937007874015748, -1e-05, 0.08661417322834647, 0.08661417322834647, 0.061679790026246725, 0.02624671916010499], [-2e-05, -1e-05, 0.07480314960629923, -2e-05, 0.044619422572178484, 0.02624671916010499], [0.022309711286089242, -1e-05, 0.07480314960629923, 0.06299212598425198, 0.044619422572178484, 0.027559055118110236], [0.022309711286089242, -2e-05, 0.03280839895013123, 0.03937007874015748, -2e-05, 0.015748031496062992]], "10_hard_full": [[0.002392662501661569, 0.003588993752492353, 0.005715804865080414, -2e-05, 0.007177987504984706, 0.007177987504984706, 0.006912136115911198, 0.004785325003323138, 0.005715804865080414, 0.003588993752492353], [0.009304798617572767, 0.002126811112588061, 0.00451947361424963, -1e-05, 0.008773095839425753, -2e-05, 0.007842615977668475, 0.00903894722849926, 0.007177987504984706, 0.004785325003323138], [0.005715804865080414, -2e-05, -2e-05, 0.017413265984314752, 0.039611856971952644, -1e-05, -1e-05, 0.013159643759138629, -2e-05, 0.004785325003323138], [0.009570650006646276, 0.004785325003323138, -2e-05, -1e-05, -2e-05, 0.023527847933005427, 0.017812043067925012, 0.011697461119234337, 0.010766981257477059, 0.007177987504984706], [0.015552306260800198, -1e-05, -1e-05, 0.036022863219460285, 0.04572643892064332, 0.02459125348929946, 0.027781470158181547, 0.017413265984314752, 0.010766981257477059, 0.009570650006646276], [0.010766981257477059, -1e-05, -1e-05, 0.025920510434666998, -2e-05, 0.022597368071248146, 0.021002259736807107, 0.01767911737338826, 0.013824272231822397, 0.00837431875581549], [0.023926625016615688, 0.016482786122557474, -1e-05, 0.013824272231822397, -2e-05, 0.023394922238468674, 0.017413265984314752, 0.013159643759138629, 0.010766981257477059, 0.008108467366741983], [0.005715804865080414, 0.020204705569586586, -1e-05, 0.027116841685497786, 0.024059550711152445, 0.01714741459524124, 0.015020603482653182, 0.012893792370065122, 0.00837431875581549, 0.005981656254153922], [0.005715804865080414, 0.010235278479330045, -2e-05, 0.019805928485976322, 0.02645221321281401, -2e-05, -2e-05, 0.01116575834108732, 0.00903894722849926, 0.005715804865080414], [0.0033231423634188456, 0.008507244450352244, 0.007576764588594968, 0.010899906952013812, -1e-05, 0.016881563206167734, 0.008773095839425753, 0.008773095839425753, 0.005715804865080414, 0.003588993752492353]],