{"10_easy_pruned": [[0.006313131313131312, 0.004419191919191919, 0.004419191919191919, 0.0, -1e-05, -2e-05, -2e-05, 0.0, 0.00505050505050505, 0.006313131313131312], [0.006313131313131312, 0.00946969696969697, 0.005681818181818182, 0.0, -2e-05, -1e-05, -1e-05, -1e-05, 0.012626262626262624, 0.017676767676767676], [0.003787878787878788, 0.011363636363636362, 0.011363636363636364, -1e-05, -2e-05, -2e-05, -2e-05, -1e-05, 0.012626262626262624, 0.013888888888888888], [0.006313131313131312, 0.012626262626262624, 0.01893939393939394, -2e-05, -2e-05, -1e-05, -1e-05, -2e-05, -1e-05, -1e-05], [-2e-05, 0.0101010101010101, 0.015782828282828284, -1e-05, 0.023989898989898988, -2e-05, -2e-05, 0.013257575757575756, 0.01893939393939394, -1e-05], [-1e-05, 0.012626262626262624, 0.02146464646464646, 0.020833333333333336, 0.041035353535353536, 0.034090909090909095, 0.020833333333333336, 0.017676767676767676, 0.021464646464646464, 0.017676767676767676], [-1e-05, -1e-05, 0.02146464646464646, 0.023989898989898988, 0.03535353535353535, 0.03535353535353535, 0.02146464646464646, 0.022095959595959593, 0.012626262626262624, 0.013888888888888888], [-2e-05, -2e-05, 0.0202020202020202, 0.023989898989898985, 0.029671717171717175, 0.026515151515151516, -1e-05, 0.01893939393939394, 0.01578282828282828, 0.01073232323232323], [0.003787878787878788, 0.007575757575757576, 0.013888888888888888, 0.020833333333333336, 0.022727272727272728, 0.02588383838383838, -1e-05, 0.017676767676767676, 0.012626262626262624, 0.008838383838383838], [0.003787878787878788, 0.005681818181818182, 0.0101010101010101, 0.013888888888888888, 0.022095959595959593, -2e-05, -2e-05, -2e-05, 0.011994949494949494, 0.007575757575757576]], "10_medium_pruned": [[0.0031496062992125997, 0.004724409448818899, 0.009973753280839898, 0.008398950131233597, 0.011548556430446196, 0.014698162729658796, 0.009973753280839898, 0.006824146981627298, 0.006824146981627298, 0.004724409448818899], [0.006824146981627298, 0.006299212598425199, 0.011023622047244098, 0.017847769028871394, 0.012073490813648297, 0.018372703412073497, 0.011548556430446196, 0.011023622047244098, 0.009448818897637799, 0.004724409448818899], [0.008398950131233597, 0.008923884514435697, -1e-05, 0.015223097112860896, 0.019947506561679797, -2e-05, 0.0199475065616798, 0.011548556430446196, 0.007874015748031498, 0.006299212598425199], [0.015748031496062995, 0.018372703412073497, -1e-05, -1e-05, -1e-05, -2e-05, 0.012598425196850397, 0.006824146981627298, 0.009448818897637799, 0.007874015748031498], [0.013123359580052495, 0.025196850393700797, 0.03202099737532809, 0.025196850393700797, -2e-05, -2e-05, -2e-05, -1e-05, -2e-05, 0.011548556430446196], [0.013123359580052495, 0.018897637795275597, 0.026771653543307093, 0.0320209973753281, 0.014698162729658796, -1e-05, -2e-05, -2e-05, 0.012073490813648297, 0.011023622047244098], [0.010498687664041996, 0.012073490813648297, 0.019422572178477697, -1e-05, 0.015748031496062995, -2e-05, 0.013648293963254596, 0.011023622047244098, 0.017322834645669295, 0.007874015748031498], [0.008923884514435697, 0.013648293963254596, 0.017322834645669295, 0.024146981627296595, -1e-05, -1e-05, 0.025196850393700797, 0.013648293963254596, 0.012073490813648297, 0.009973753280839898], [0.006299212598425199, 0.008923884514435697, 0.011023622047244096, 0.013648293963254596, 0.015223097112860896, -1e-05, 0.018372703412073497, 0.011023622047244098, 0.009448818897637797, 0.007349081364829398], [0.005249343832020998, 0.006824146981627298, 0.006299212598425199, 0.008398950131233597, 0.013648293963254596, 0.011023622047244098, -2e-05, 0.008398950131233597, 0.006299212598425199, 0.005249343832020998]], "6_hard_pruned": [[0.017361111111111112, -2e-05, 0.03819444444444445, -1e-05, -1e-05, 0.034722222222222224], [0.024305555555555552, -2e-05, -1e-05, -2e-05, 0.034722222222222224, 0.020833333333333336], [0.04166666666666667, -1e-05, 0.08333333333333334, 0.08333333333333334, 0.06597222222222222, 0.034722222222222224], [-2e-05, -1e-05, 0.07291666666666667, -2e-05, 0.048611111111111105, 0.034722222222222224], [0.024305555555555552, -1e-05, 0.07291666666666667, 0.0625, 0.048611111111111105, 0.03125], [0.024305555555555552, -2e-05, 0.03819444444444444, 0.041666666666666664, -2e-05, 0.020833333333333336]], "10_hard_full": [[0.003022670025188915, 0.004534005037783373, 0.006549118387909316, -2e-05, 0.009068010075566745, 0.009068010075566745, 0.008060453400503775, 0.00604534005037783, 0.006549118387909316, 0.004534005037783373], [0.008060453400503775, 0.0020151133501259437, 0.005037783375314859, -1e-05, 0.009068010075566745, -2e-05, 0.008564231738035258, 0.010075566750629717, 0.009068010075566745, 0.00604534005037783], [0.006549118387909316, -2e-05, -2e-05, 0.01460957178841309, 0.02317380352644835, -1e-05, -1e-05, 0.013602015113350118, -2e-05, 0.00604534005037783], [0.009068010075566745, 0.0, -2e-05, -1e-05, -2e-05, 0.022670025188916865, 0.01914357682619646, 0.014105793450881603, 0.013602015113350118, 0.009068010075566745], [0.013602015113350118, -1e-05, -1e-05, 0.02770780856423172, 0.03727959697732995, 0.02670025188916875, 0.029722921914357665, 0.02065491183879092, 0.013602015113350118, 0.01209068010075566], [0.010579345088161203, -1e-05, -1e-05, 0.022670025188916865, -2e-05, 0.02518891687657429, 0.02518891687657429, 0.02166246851385389, 0.01612090680100755, 0.010579345088161203], [0.01209068010075566, 0.01108312342569269, -1e-05, 0.013098236775818633, -2e-05, 0.02518891687657429, 0.02065491183879092, 0.016624685138539035, 0.013602015113350118, 0.009571788413098232], [0.006549118387909316, 0.01612090680100755, -1e-05, 0.02418136020151132, 0.02166246851385389, 0.01964735516372795, 0.017632241813602005, 0.01561712846347606, 0.010579345088161203, 0.0075566750629722885], [0.006549118387909316, 0.008564231738035258, -2e-05, 0.017632241813602005, 0.02166246851385389, -2e-05, -2e-05, 0.01209068010075566, 0.010075566750629717, 0.006549118387909316], [0.0035264483627204008, 0.008060453400503775, 0.007556675062972287, 0.011083123425692688, -1e-05, 0.01561712846347606, 0.009068010075566745, 0.009068010075566743, 0.006549118387909316, 0.004534005037783373]], "10_easy_full": [[0.006134969325153372, 0.00674846625766871, 0.00674846625766871, 0.004907975460122698, -1e-05, 0.011656441717791408, -2e-05, 0.0, 0.00429447852760736, 0.00429447852760736], [0.006134969325153372, 0.009202453987730059, 0.005521472392638035, 0.0, -2e-05, -1e-05, -1e-05, -1e-05, 0.012269938650306744, 0.014723926380368093], [0.0036809815950920237, 0.011042944785276069, 0.01104294478527607, -1e-05, -2e-05, -2e-05, -2e-05, -1e-05, 0.012269938650306744, 0.009815950920245396], [0.006134969325153372, 0.012269938650306744, 0.018404907975460117, -2e-05, -2e-05, -1e-05, -1e-05, -2e-05, -1e-05, -1e-05], [-2e-05, 0.009815950920245396, 0.015337423312883434, -1e-05, 0.023312883435582816, -2e-05, -2e-05, 0.01533742331288343, 0.020858895705521463, 0.02392638036809815], [-1e-05, 0.012269938650306744, 0.020858895705521463, 0.02024539877300613, 0.03987730061349692, 0.03312883435582821, 0.02024539877300613, 0.01717791411042944, 0.019631901840490792, 0.012883435582822083], [-1e-05, -1e-05, 0.020858895705521463, 0.023312883435582816, 0.03435582822085888, 0.034355828220858885, 0.020858895705521463, 0.02024539877300613, 0.012269938650306744, 0.010429447852760731], [-2e-05, -2e-05, 0.019631901840490792, 0.023312883435582812, 0.028834355828220852, 0.025766871165644165, -1e-05, 0.018404907975460117, 0.01533742331288343, 0.00858895705521472], [0.0036809815950920237, 0.007361963190184047, 0.01349693251533742, 0.02024539877300613, 0.02208588957055214, 0.02392638036809815, -1e-05, 0.01717791411042944, 0.012269938650306744, 0.007975460122699384], [0.0036809815950920237, 0.005521472392638035, 0.009815950920245396, 0.01349693251533742, 0.021472392638036804, -2e-05, -2e-05, -2e-05, 0.011656441717791408, 0.007361963190184047]],