Row Labels,Average of explore_time,Average of exploit_time
solvedCorrect,21051.43254,14119.1627
validatedCorrect,21092.71388,11761.10443
wrong,22032.00542,12769.88267
Grand Total,21593.11802,12592.55512
