{"10_easy_pruned": [[0.0, 0.0, 0.0008361204013377926, 0.002508361204013378, -1e-05, -2e-05, -2e-05, 0.003076923076923077, 0.0020380434782608695, 0.0032399665551839465], [0.0, 0.0, 0.0, 0.002508361204013378, -2e-05, -1e-05, -1e-05, -1e-05, 0.08955844517141738, 0.1075281803542673], [0.0012610340479192938, 0.0008361204013377926, 0.0008361204013377926, -1e-05, -2e-05, -2e-05, -2e-05, -1e-05, 0.05432994240059457, 0.0312105165366035], [0.0, 0.0020971544492570863, 0.006511540120793788, -2e-05, -2e-05, -1e-05, -1e-05, -2e-05, -1e-05, -1e-05], [-2e-05, 0.0032990775261801638, 0.006511540120793788, -1e-05, 0.05404026240495086, -2e-05, -2e-05, 0.008165880804868688, 0.017420104050538836, -1e-05], [-1e-05, 0.0033581884971763806, 0.009856021726144958, 0.021612962236203785, 0.03029604842332269, 0.01337920573130837, 0.016726360180565454, 0.005281265420253303, 0.028979973723380705, 0.027313266443701228], [-1e-05, -1e-05, 0.019060199586773283, 0.020983276509850206, 0.008291298865069355, 0.016415968817542512, 0.008107352376775042, 0.02854128338135822, 0.0, 0.006800445930880713], [-2e-05, -2e-05, 0.015619234087741423, 0.01354180493794385, 0.008772068095838588, 0.009493221941992433, -1e-05, 0.006148080375183013, 0.0012610340479192938, 0.004254923820141212], [0.0, 0.0025220680958385876, 0.006570651091790005, 0.008386540120793788, 0.0033581884971763806, 0.03261969289455035, -1e-05, 0.00981061764697395, 0.0020971544492570863, 0.0012610340479192938], [0.0, 0.0, 0.0025220680958385876, 0.01960050368685999, 0.11946393354717152, -2e-05, -2e-05, -2e-05, 0.04283342134600716, 0.027046946612164002]], "10_medium_pruned": [[0.0, 0.0, 0.0011494252873563218, 0.0, 0.0, 0.0070022883295194505, 0.0, 0.0, 0.0, 0.0], [0.0, 0.0008695652173913044, 0.03279625068418172, 0.0, 0.0, 0.022479801989445665, 0.0, 0.0, 0.0, 0.0], [0.0011494252873563218, 0.0011494252873563218, -1e-05, 0.015155279503105589, 0.004370709382151029, -2e-05, 0.0, 0.0, 0.0, 0.0], [0.07366368485109397, 0.09615217207901598, -1e-05, -1e-05, -1e-05, -2e-05, 0.0008695652173913044, 0.0, 0.0, 0.0], [0.0011494252873563218, 0.12453226416687824, 0.0730928847248413, 0.058232869333324735, -2e-05, -2e-05, -2e-05, -1e-05, -2e-05, 0.0], [0.002040816326530612, 0.0, 0.15371287727063784, 0.03778526418852872, 0.019494946404348845, -1e-05, -2e-05, -2e-05, 0.0, 0.0], [0.0011494252873563218, 0.0011494252873563218, 0.037747448554634244, -1e-05, 0.00873114463176575, -2e-05, 0.0, 0.0, 0.01565217391304348, 0.0], [0.0, 0.00625, 0.00913855572213893, 0.13289555410264792, -1e-05, -1e-05, 0.007119565217391305, 0.0, 0.0, 0.013043478260869565], [0.0, 0.0, 0.0, 0.016024844720496895, 0.0035011441647597253, -1e-05, 0.01870748299319728, 0.0, 0.0, 0.0], [0.0, 0.0, 0.0, 0.0, 0.0, 0.0, -2e-05, 0.002040816326530612, 0.0, 0.0]], "6_hard_pruned": [[0.0006489292667099286, -2e-05, 0.07230267744978001, -1e-05, -1e-05, 0.05880303208422337], [0.0251626670405846, -2e-05, -1e-05, -2e-05, 0.033197382940510514, 0.0006489292667099286], [0.09578382894802567, -1e-05, 0.14826090276561765, 0.14337937139887566, 0.04855273503536764, 0.0006489292667099286], [-2e-05, -1e-05, 0.12749232340178288, -2e-05, 0.021884781451860794, 0.0006489292667099286], [0.01712044353534897, -1e-05, 0.05711519472761429, 0.06049173546390256, 0.02161763447454557, 0.0012978585334198572], [0.027768351424522476, -2e-05, 0.01073029209406818, 0.019582960772175983, -2e-05, 0.00686010939093353]], "10_hard_full": [[0.0, 0.0, 0.0, -2e-05, 0.0, 0.0, 0.0, 0.0, 0.0, 0.0], [0.0, 0.0, 0.0, -1e-05, 0.0, -2e-05, 0.0, 0.0, 0.0, 0.0], [0.003361344537815126, -2e-05, -2e-05, 0.04420976679740032, 0.08404975559518962, -1e-05, -1e-05, 0.022211089564030742, -2e-05, 0.0], [0.013048552754435106, 0.019789915966386556, -2e-05, -1e-05, -2e-05, 0.015641711229946526, 0.0, 0.0, 0.0, 0.0], [0.024799664964024828, -1e-05, -1e-05, 0.25113742992710947, 0.11126956723466427, 0.018053759965524673, 0.0, 0.0, 0.0, 0.0], [0.006386966551326413, -1e-05, -1e-05, 0.0392166067805454, -2e-05, 0.0, 0.0, 0.0, 0.0, 0.0], [0.06302572463058398, 0.06309065886055505, -1e-05, 0.03218552902056738, -2e-05, 0.0040281329923273655, 0.0, 0.0, 0.0, 0.0], [0.005367018602312721, 0.029385891885891885, -1e-05, 0.014442934036359642, 0.0324104484853695, 0.0, 0.0, 0.0, 0.0, 0.0], [0.009046345811051694, 0.005718954248366013, -2e-05, 0.04020526762741296, 0.03531260646312549, -2e-05, -2e-05, 0.0034602076124567475, 0.0017301038062283738, 0.0017301038062283738], [0.001633986928104575, 0.001633986928104575, 0.0, 0.0, -1e-05, 0.002415966386554622, 0.0, 0.0, 0.0, 0.0]], "10_easy_full": [[0.0004268032437046522, 0.000756184007868025, 0.00293511927409469, 0.004900586756803552, -1e-05, 0.059010119288340324, -2e-05, 0.0016894295063309148, 0.016157172065490957, 0.004249472452451317], [0.004339690917317285, 0.0004268032437046522, 0.0007963523937416071, 0.005216494564015922, -2e-05, -1e-05, -1e-05, -1e-05, 0.09129000437342123, 0.0592050021831308], [0.0029520557689571773, 0.006523278081141603, 0.002261506082711652, -1e-05, -2e-05, -2e-05, -2e-05, -1e-05, 0.043725185592955434, 0.031001047709223552], [0.0029520557689571773, 0.005676603948050811, 0.012871910380329445, -2e-05, -2e-05, -1e-05, -1e-05, -2e-05, -1e-05, -1e-05], [-2e-05, 0.005399967866922298, 0.012375656082939546, -1e-05, 0.06126393546762772, -2e-05, -2e-05, 0.02886473039533438, 0.04201335179492636, 0.06336723538264513], [-1e-05, 0.015550424107459986, 0.017834588409985364, 0.017565742757067467, 0.05265405776943484, 0.006830153536238403, 0.00776531580420189, 0.005128688451647804, 0.01239465061299709, 0.003938813216284555], [-1e-05, -1e-05, 0.01537655432912407, 0.014789980901652998, 0.014161788976358794, 0.0378101780590535, 0.009162136741527991, 0.0038957442126456208, 0.0015918333174034566, 0.0024421391586348876], [-2e-05, -2e-05, 0.007761469568688188, 0.010021133023512095, 0.0037634339532686134, 0.00969549586619177, -1e-05, 0.0071167875164726115, 0.001382169716312504, 0.0004268032437046522], [0.0008363036532050617, 0.0004268032437046522, 0.0007963523937416071, 0.006969089805779136, 0.0034771819275240578, 0.00821416074381234, -1e-05, 0.015554236267672838, 0.0007812246507576382, 0.0004268032437046522], [0.0004268032437046522, 0.0004268032437046522, 0.0010562979816047318, 0.017935008657042062, 0.044079809564954504, -2e-05, -2e-05, -2e-05, 0.03812574412858782, 0.008759539407492214]], "6_easy_pruned": [[0.0057037557037557035, -1e-05, -2e-05, -2e-05, 0.027812968942733007, 0.041548166888457264], [0.0032467532467532465, -2e-05, -1e-05, -1e-05, 0.12219069394659231, 0.130081428153116], [-1e-05, -2e-05, -2e-05, -2e-05, -1e-05, 0.25229693950202114], [-2e-05, 0.0521457205667732, -1e-05, -1e-05, -2e-05, -1e-05], [-1e-05, 0.073052218787246, -2e-05, -2e-05, 0.06227004752413101, 0.09584122977952379], [0.013189493792942068, 0.010054697554697555, 0.02943750017252739, 0.016277641277641277, 0.017403767403767402, 0.04744697675732159]],