{"10_easy_pruned": [[0.0, 0.0, 0.0, 0.0011904761904761904, -1e-05, -2e-05, -2e-05, 0.0067226890756302525, 0.0011904761904761904, 0.00875], [0.0, 0.0037037037037037034, 0.0, 0.0037142857142857142, -2e-05, -1e-05, -1e-05, -1e-05, 0.17491556537144776, 0.2591279597309009], [0.0, 0.0, 0.0, -1e-05, -2e-05, -2e-05, -2e-05, -1e-05, 0.026726657329598502, 0.01567460317460317], [0.0, 0.0, 0.0, -2e-05, -2e-05, -1e-05, -1e-05, -2e-05, -1e-05, -1e-05], [-2e-05, 0.0, 0.0, -1e-05, 0.03860915391797745, -2e-05, -2e-05, 0.0368035983624219, 0.02720071105365223, -1e-05], [-1e-05, 0.003897435897435898, 0.010380952380952381, 0.01037037037037037, 0.04552380952380952, 0.005952380952380951, 0.0, 0.0037037037037037034, 0.02467063492063492, 0.050244607244607255], [-1e-05, -1e-05, 0.035175536881419237, 0.00996078431372549, 0.00837037037037037, 0.00956084656084656, 0.002564102564102564, 0.019547619047619046, 0.0, 0.0032941176470588232], [-2e-05, -2e-05, 0.0, 0.0033333333333333335, 0.0, 0.006111111111111111, -1e-05, 0.0, 0.0, 0.0], [0.0, 0.0, 0.0, 0.0, 0.0, 0.030634920634920633, -1e-05, 0.006666666666666667, 0.0, 0.0], [0.0, 0.0, 0.0, 0.0, 0.07675443510737631, -2e-05, -2e-05, -2e-05, 0.027761904761904765, 0.0011904761904761904]], "10_medium_pruned": [[0.0, 0.0, 0.0, 0.0, 0.0, 0.0, 0.0, 0.0, 0.0, 0.0], [0.0, 0.0015151515151515152, 0.003367003367003367, 0.003367003367003367, 0.0, 0.0, 0.0, 0.0, 0.0, 0.0], [0.0012121212121212121, 0.0, -1e-05, 0.007696007696007695, 0.00909090909090909, -2e-05, 0.0, 0.0, 0.0, 0.0], [0.02362628063162823, 0.09474917239623123, -1e-05, -1e-05, -1e-05, -2e-05, 0.0, 0.0, 0.0, 0.0], [0.0012121212121212121, 0.023630421865715984, 0.08092259493329013, 0.06110848747212383, -2e-05, -2e-05, -2e-05, -1e-05, -2e-05, 0.0], [0.0017825311942959, 0.0, 0.5249805413441777, 0.011507049100631989, 0.002727272727272727, -1e-05, -2e-05, -2e-05, 0.0, 0.0], [0.0012121212121212121, 0.0, 0.006060606060606061, -1e-05, 0.006977336389101096, -2e-05, 0.0, 0.0, 0.0015151515151515152, 0.0], [0.0, 0.0, 0.0015151515151515152, 0.09921946740128558, -1e-05, -1e-05, 0.00828632646814465, 0.0, 0.0, 0.0], [0.0, 0.0, 0.0, 0.0030303030303030303, 0.01790633608815427, -1e-05, 0.0017825311942959, 0.0, 0.0, 0.0], [0.0, 0.0, 0.0, 0.0, 0.0, 0.0, -2e-05, 0.0, 0.0, 0.0]], "6_hard_pruned": [[0.0, -2e-05, 0.3120583717357911, -1e-05, -1e-05, 0.062442396313364054], [0.05791090629800307, -2e-05, -1e-05, -2e-05, 0.009408602150537633, 0.0], [0.06281362007168459, -1e-05, 0.22204301075268812, 0.0940732206861239, 0.005376344086021505, 0.0], [-2e-05, -1e-05, 0.0964541730670763, -2e-05, 0.0, 0.0], [0.018996415770609315, -1e-05, 0.041218637992831535, 0.0, 0.0, 0.0], [0.017204301075268817, -2e-05, 0.0, 0.0, -2e-05, 0.0]], "10_hard_full": [[0.0, 0.0, 0.0, -2e-05, 0.0, 0.0, 0.0, 0.0, 0.0, 0.0], [0.0, 0.0, 0.0, -1e-05, 0.0, -2e-05, 0.0, 0.0, 0.0, 0.0], [0.0, -2e-05, -2e-05, 0.06271164021164022, 0.38670946156240277, -1e-05, -1e-05, 0.005833333333333333, -2e-05, 0.0], [0.017539682539682536, 0.020727513227513227, -2e-05, -1e-05, -2e-05, 0.0, 0.0, 0.0, 0.0, 0.0], [0.006428571428571428, -1e-05, -1e-05, 0.19246187363834424, 0.1119965764083411, 0.0016666666666666668, 0.0, 0.0, 0.0, 0.0], [0.006666666666666667, -1e-05, -1e-05, 0.005555555555555555, -2e-05, 0.0, 0.0, 0.0, 0.0, 0.0], [0.04475490196078431, 0.01638888888888889, -1e-05, 0.02841269841269841, -2e-05, 0.00196078431372549, 0.0, 0.0, 0.0, 0.0], [0.0037037037037037034, 0.005555555555555555, -1e-05, 0.03361111111111111, 0.006666666666666667, 0.0, 0.0, 0.0, 0.0, 0.0], [0.0, 0.0, -2e-05, 0.030277777777777782, 0.006666666666666667, -2e-05, -2e-05, 0.0, 0.0, 0.0], [0.0037037037037037034, 0.0, 0.0, 0.0, -1e-05, 0.0, 0.0, 0.0, 0.0, 0.0]], "10_easy_full": [[0.0, 0.001176470588235294, 0.0, 0.0013333333333333333, -1e-05, 0.1281028286859489, -2e-05, 0.002, 0.0, 0.007957983193277311], [0.0, 0.0, 0.0, 0.007857142857142858, -2e-05, -1e-05, -1e-05, -1e-05, 0.17073687764352724, 0.09135010740893094], [0.0, 0.0, 0.0, -1e-05, -2e-05, -2e-05, -2e-05, -1e-05, 0.023289984809166393, 0.020753393665158368], [0.0, 0.0, 0.003666666666666667, -2e-05, -2e-05, -1e-05, -1e-05, -2e-05, -1e-05, -1e-05], [-2e-05, 0.0, 0.0016666666666666666, -1e-05, 0.04899476369041587, -2e-05, -2e-05, 0.019180688876341053, 0.01266042780748663, 0.1552984009454598], [-1e-05, 0.02864012798795407, 0.012804489911906792, 0.017370600414078674, 0.02881934490630142, 0.0016666666666666666, 0.0, 0.0014285714285714286, 0.0, 0.0], [-1e-05, -1e-05, 0.0168483446079354, 0.001, 0.01242857142857143, 0.025773762469414638, 0.013620915032679738, 0.006222222222222223, 0.0, 0.0], [-2e-05, -2e-05, 0.005984848484848485, 0.0014285714285714286, 0.0, 0.02219047619047619, -1e-05, 0.01023232323232323, 0.0, 0.0], [0.0, 0.0, 0.0, 0.0, 0.0, 0.00601010101010101, -1e-05, 0.0030952380952380953, 0.0, 0.0], [0.0, 0.0, 0.0, 0.0, 0.03600251382604324, -2e-05, -2e-05, -2e-05, 0.05097800238976709, 0.0014285714285714286]], "6_easy_pruned": [[0.00608974358974359, -1e-05, -2e-05, -2e-05, 0.004166666666666667, 0.03343289489708927], [0.0, -2e-05, -1e-05, -1e-05, 0.1699189745321459, 0.4343106946335847], [-1e-05, -2e-05, -2e-05, -2e-05, -1e-05, 0.15602240115667224], [-2e-05, 0.01543147638096487, -1e-05, -1e-05, -2e-05, -1e-05], [-1e-05, 0.03708592132505176, -2e-05, -2e-05, 0.030884193598387972, 0.07145414297268517], [0.0037433155080213902, 0.0, 0.008116883116883116, 0.0025, 0.0, 0.026842691622103388]], "10_hard_pruned": [[0.0, 0.0, 0.017316017316017316, -2e-05, 0.0, 0.0, 0.0, 0.0, 0.0, 0.0], [0.0, 0.0, 0.0, -1e-05, 0.0, -2e-05, 0.0, 0.0, 0.0, 0.0], [0.0, -2e-05, -2e-05, 0.31978813539818324, -1e-05, -1e-05, -1e-05, 0.0507346189164371, -2e-05, 0.0], [0.004407713498622589, 0.0, -2e-05, -1e-05, -2e-05, 0.06729495916098786, 0.0, 0.0, 0.0, 0.0], [0.028886265249901615, -1e-05, -1e-05, 0.17954807243084756, 0.04869801915256461, 0.012626262626262624, 0.01590909090909091, 0.0, 0.0, 0.0], [0.0030303030303030303, -1e-05, -1e-05, 0.015151515151515152, -2e-05, 0.001893939393939394, 0.0, 0.030303030303030304, 0.0, 0.0], [-2e-05, 0.03780226507499235, -1e-05, 0.0362814750374559, -2e-05, 0.0, 0.0, 0.0, 0.0, 0.0], [0.0, 0.0101010101010101, -1e-05, 0.02648333413883653, 0.024898103845472266, 0.0, 0.0, 0.0, 0.0, 0.0], [0.0, 0.0, -2e-05, 0.020070838252656435, 0.018261562998405104, -2e-05, -2e-05, 0.0, 0.015151515151515152, 0.0], [0.0, 0.0, 0.0, 0.0101010101010101, -1e-05, 0.00526094276094276, 0.0, 0.0, 0.0, 0.0]], "6_easy_full": [[0.007590612002376708, -1e-05, 0.11377275514104158, -2e-05, 0.003787878787878788, 0.03559403559403559], [0.00564652738565782, -2e-05, -1e-05, -1e-05, 0.15322480184140264, 0.12298980996958213], [-1e-05, -2e-05, -2e-05, -2e-05, -1e-05, 0.0401175127110956], [-2e-05, 0.045672351665144044, -1e-05, -1e-05, -2e-05, 0.2879988653006556], [-1e-05, 0.028451609014268856, -2e-05, -2e-05, 0.04700445214279206, 0.045096960872361945], [0.011877669980436779, 0.00202020202020202, 0.01842329783506254, 0.0, 0.0, 0.030730657736005328]], "10_medium_full": [[0.0, 0.0, 0.0, 0.0, 0.0, 0.0, 0.0, 0.0, 0.0, 0.0], [0.0, 0.0, 0.0, 0.0, 0.0, 0.0, 0.0, 0.0, 0.0, 0.0], [0.0, 0.0, -1e-05, 0.0, 0.0023923444976076554, -2e-05, 0.0, 0.0, 0.0, 0.0], [0.0059210526315789476, 0.006578947368421052, 0.1674393819476922, -1e-05, -1e-05, 0.041735918744228995, 0.011842105263157895, 0.0023923444976076554, 0.0, 0.0], [0.0, 0.021814954051796155, 0.04361519328624591, 0.16302288816139232, -2e-05, -2e-05, -2e-05, -1e-05, -2e-05, 0.0], [0.0, 0.0, 0.31892722735866785, 0.02465111642743222, 0.0062134502923976605, -1e-05, -2e-05, -2e-05, 0.0, 0.0], [0.0013850415512465374, 0.0, 0.0, -1e-05, 0.05961242320314343, -2e-05, 0.0, 0.0, 0.0, 0.0], [0.0, 0.0, 0.004568713450292397, 0.07801448897363024, -1e-05, -1e-05, 0.023425039872408297, 0.003289473684210526, 0.003289473684210526, 0.0], [0.0, 0.0, 0.0, 0.003289473684210526, 0.003289473684210526, -1e-05, 0.0, 0.0, 0.0, 0.0], [0.0, 0.0, 0.0, 0.003289473684210526, 0.0, 0.0, -2e-05, 0.0, 0.0, 0.0]],