{"6_easy_full": [[[0.0010515247108307045, -1e-05, 0.1167192429022082, -2e-05, 0.00946372239747634, 0.027339642481598318], [0.0010515247108307045, -2e-05, -1e-05, -1e-05, 0.1650893796004206, 0.15352260778128285], [-1e-05, -2e-05, -2e-05, -2e-05, -1e-05, 0.03785488958990536], [-2e-05, 0.0010515247108307045, -1e-05, -1e-05, -2e-05, 0.14090431125131442], [-1e-05, 0.012618296529968454, -2e-05, -2e-05, 0.0010515247108307045, 0.02103049421661409], [0.046267087276550996, 0.05152471083070452, 0.046267087276550996, 0.046267087276550996, 0.05993690851735016, 0.060988433228180865]], 0.83623490077222629], "6_hard_pruned": [[[0.004580152671755725, -2e-05, 0.0061068702290076335, -1e-05, -1e-05, 0.0061068702290076335], [0.06259541984732825, -2e-05, -1e-05, -2e-05, 0.024427480916030534, 0.0030534351145038168], [0.1099236641221374, -1e-05, 0.1099236641221374, 0.11603053435114503, 0.13282442748091602, 0.004580152671755725], [-2e-05, -1e-05, 0.08549618320610687, -2e-05, 0.021374045801526718, 0.0030534351145038168], [0.03816793893129771, -1e-05, 0.07786259541984733, 0.08702290076335878, 0.05343511450381679, 0.013740458015267175], [0.01984732824427481, -2e-05, 0.0030534351145038168, 0.015267175572519083, -2e-05, 0.0015267175572519084]], 0.83801382518875156], "6_hard_full": [[[0.0072501294665976174, -2e-05, 0.004142931123770067, 0.10693940963231487, -1e-05, 0.005696530295183843], [0.04091144484722942, -2e-05, -1e-05, -2e-05, 0.05282237182806836, 0.002330398757120663], [0.10590367685137235, -1e-05, 0.10176074572760228, 0.14836872087001554, 0.1258415328845158, 0.0033661315380631796], [0.01009839461418954, -1e-05, 0.05748316934230968, -2e-05, 0.019161056447436563, 0.0075090626618332474], [0.017866390471258417, -1e-05, 0.038322112894873125, 0.044018643190056966, 0.04842050750906266, 0.015018125323666495], [0.026929052304505437, -2e-05, 0.0015535991714137752, 0.0072501294665976174, -2e-05, 0.0010357327809425167]], 0.83195745378649066], "6_easy_pruned": [[[0.0, -1e-05, -2e-05, -2e-05, 0.04878048780487805, 0.12195121951219512], [0.0, -2e-05, -1e-05, -1e-05, 0.24390243902439024, 0.1951219512195122], [-1e-05, -2e-05, -2e-05, -2e-05, -1e-05, 0.17073170731707318], [-2e-05, 0.0, -1e-05, -1e-05, -2e-05, -1e-05], [-1e-05, 0.0, -2e-05, -2e-05, 0.0, 0.0975609756097561], [0.0, 0.0, 0.0, 0.0, 0.0, 0.12195121951219512]], 0.65381118474971378]}