{"10_medium_full.json": [[0.0, 0.0, 0.0, 0.0, 0.0, 0.0, 0.0, 0.0, 0.0, 0.0], [0.0, 0.02631578947368421, 0.02631578947368421, 0.02631578947368421, 0.02631578947368421, 0.02631578947368421, 0.0, 0.0, 0.0, 0.0], [0.0, 0.02631578947368421, -1e-05, 0.02631578947368421, 0.02631578947368421, -2e-05, 0.02631578947368421, 0.0, 0.0, 0.0], [0.0, 0.02631578947368421, 0.02631578947368421, -1e-05, -1e-05, 0.008771929824561403, 0.017543859649122806, 0.02631578947368421, 0.02631578947368421, 0.0], [0.0, 0.02631578947368421, 0.02631578947368421, 0.02631578947368421, -2e-05, -2e-05, -2e-05, -1e-05, -2e-05, 0.0], [0.0, 0.02631578947368421, 0.02631578947368421, 0.02631578947368421, 0.017543859649122806, -1e-05, -2e-05, -2e-05, 0.02631578947368421, 0.0], [0.0, 0.0, 0.02631578947368421, -1e-05, 0.008771929824561403, -2e-05, 0.02631578947368421, 0.02631578947368421, 0.0, 0.0], [0.0, 0.0, 0.02631578947368421, 0.02631578947368421, -1e-05, -1e-05, 0.02631578947368421, 0.02631578947368421, 0.0, 0.0], [0.0, 0.0, 0.02631578947368421, 0.02631578947368421, 0.02631578947368421, -1e-05, 0.02631578947368421, 0.02631578947368421, 0.0, 0.0], [0.0, 0.0, 0.0, 0.02631578947368421, 0.02631578947368421, 0.02631578947368421, -2e-05, 0.02631578947368421, 0.0, 0.0]], "10_hard_pruned.json": [[0.0, 0.0, 0.03296703296703297, -2e-05, 0.03296703296703297, 0.03296703296703297, 0.03296703296703297, 0.0, 0.0, 0.0], [0.0, 0.0, 0.02197802197802198, -1e-05, 0.03296703296703297, -2e-05, 0.03296703296703297, 0.03296703296703297, 0.0, 0.0], [0.0, -2e-05, -2e-05, 0.01098901098901099, -1e-05, -1e-05, -1e-05, 0.03296703296703297, -2e-05, 0.0], [0.03296703296703297, 0.03296703296703297, -2e-05, -1e-05, -2e-05, 0.03296703296703297, 0.03296703296703297, 0.03296703296703297, 0.0, 0.0], [0.04395604395604396, -1e-05, -1e-05, 0.01098901098901099, 0.03296703296703297, 0.03296703296703297, 0.03296703296703297, 0.0, 0.0, 0.0], [0.03296703296703297, -1e-05, -1e-05, 0.02197802197802198, -2e-05, 0.0, 0.0, 0.0, 0.0, 0.0], [-2e-05, 0.03296703296703297, -1e-05, 0.03296703296703297, -2e-05, 0.0, 0.0, 0.0, 0.0, 0.0], [0.03296703296703297, 0.03296703296703297, -1e-05, 0.03296703296703297, 0.03296703296703297, 0.0, 0.0, 0.0, 0.0, 0.0], [0.0, 0.03296703296703297, -2e-05, 0.03296703296703297, 0.03296703296703297, -2e-05, -2e-05, 0.0, 0.0, 0.0], [0.0, 0.0, 0.0, 0.03296703296703297, -1e-05, 0.0, 0.0, 0.0, 0.0, 0.0]], "10_hard_full.json": [[0.0, 0.0, 0.024539877300613498, -2e-05, 0.024539877300613498, 0.024539877300613498, 0.024539877300613498, 0.024539877300613498, 0.0, 0.0], [0.0, 0.024539877300613498, 0.012269938650306749, -1e-05, 0.018404907975460124, -2e-05, 0.024539877300613498, 0.024539877300613498, 0.0, 0.0], [0.024539877300613498, -2e-05, -2e-05, 0.006134969325153374, 0.04294478527607362, -1e-05, -1e-05, 0.024539877300613498, -2e-05, 0.0], [0.024539877300613498, 0.024539877300613498, -2e-05, -1e-05, -2e-05, 0.024539877300613498, 0.024539877300613498, 0.024539877300613498, 0.0, 0.0], [0.03067484662576687, -1e-05, -1e-05, 0.006134969325153374, 0.06134969325153374, 0.024539877300613498, 0.024539877300613498, 0.024539877300613498, 0.0, 0.0], [0.024539877300613498, -1e-05, -1e-05, 0.012269938650306749, -2e-05, 0.0, 0.0, 0.0, 0.0, 0.0], [0.024539877300613498, 0.018404907975460124, -1e-05, 0.024539877300613498, -2e-05, 0.0, 0.0, 0.0, 0.0, 0.0], [0.024539877300613498, 0.024539877300613498, -1e-05, 0.024539877300613498, 0.024539877300613498, 0.0, 0.0, 0.0, 0.0, 0.0], [0.024539877300613498, 0.03067484662576687, -2e-05, 0.024539877300613498, 0.024539877300613498, -2e-05, -2e-05, 0.0, 0.0, 0.0], [0.0, 0.0, 0.024539877300613498, 0.024539877300613498, -1e-05, 0.024539877300613498, 0.0, 0.0, 0.0, 0.0]], "10_medium_pruned.json": [[0.0, 0.0, 0.0, 0.0, 0.0, 0.0, 0.0, 0.0, 0.0, 0.0], [0.024096385542168676, 0.024096385542168676, 0.024096385542168676, 0.024096385542168676, 0.024096385542168676, 0.024096385542168676, 0.0, 0.0, 0.0, 0.0], [0.024096385542168676, 0.024096385542168676, -1e-05, 0.024096385542168676, 0.024096385542168676, -2e-05, 0.024096385542168676, 0.0, 0.0, 0.0], [0.024096385542168676, 0.024096385542168676, -1e-05, -1e-05, -1e-05, -2e-05, 0.012048192771084338, 0.024096385542168676, 0.024096385542168676, 0.0], [0.024096385542168676, 0.024096385542168676, 0.024096385542168676, 0.012048192771084338, -2e-05, -2e-05, -2e-05, -1e-05, -2e-05, 0.0], [0.0, 0.024096385542168676, 0.024096385542168676, 0.024096385542168676, 0.024096385542168676, -1e-05, -2e-05, -2e-05, 0.024096385542168676, 0.0], [0.0, 0.0, 0.024096385542168676, -1e-05, 0.024096385542168676, -2e-05, 0.024096385542168676, 0.024096385542168676, 0.0, 0.0], [0.0, 0.0, 0.024096385542168676, 0.03614457831325301, -1e-05, -1e-05, 0.024096385542168676, 0.024096385542168676, 0.0, 0.0], [0.0, 0.0, 0.024096385542168676, 0.024096385542168676, 0.024096385542168676, -1e-05, 0.024096385542168676, 0.024096385542168676, 0.0, 0.0], [0.0, 0.0, 0.0, 0.024096385542168676, 0.024096385542168676, 0.024096385542168676, -2e-05, 0.024096385542168676, 0.0, 0.0]], "6_hard_pruned.json": [[0.05454545454545454, -2e-05, 0.03636363636363636, -1e-05, -1e-05, 0.03636363636363636], [0.05454545454545454, -2e-05, -1e-05, -2e-05, 0.07272727272727272, 0.05454545454545454], [0.05454545454545454, -1e-05, 0.01818181818181818, 0.05454545454545454, 0.10909090909090909, 0.05454545454545454], [-2e-05, -1e-05, 0.01818181818181818, -2e-05, 0.0, 0.0], [0.05454545454545454, -1e-05, 0.05454545454545454, 0.10909090909090909, 0.0, 0.0], [0.05454545454545454, -2e-05, 0.05454545454545454, 0.05454545454545454, -2e-05, 0.0]], "6_hard_full.json": [[0.06329113924050633, -2e-05, 0.012658227848101266, 0.05063291139240506, -1e-05, 0.05063291139240506], [0.05063291139240506, -2e-05, -1e-05, -2e-05, 0.05063291139240506, 0.05063291139240506], [0.05063291139240506, -1e-05, 0.012658227848101266, 0.05063291139240506, 0.11392405063291139, 0.0], [0.02531645569620253, -1e-05, 0.0379746835443038, -2e-05, 0.0, 0.0], [0.05063291139240506, -1e-05, 0.0379746835443038, 0.13924050632911392, 0.0, 0.0], [0.05063291139240506, -2e-05, 0.05063291139240506, 0.05063291139240506, -2e-05, 0.0]], "6_easy_full.json": [[0.05660377358490566, -1e-05, 0.018867924528301886, -2e-05, 0.05660377358490566, 0.05660377358490566], [0.05660377358490566, -2e-05, -1e-05, -1e-05, 0.05660377358490566, 0.05660377358490566], [-1e-05, -2e-05, -2e-05, -2e-05, -1e-05, 0.07547169811320754], [-2e-05, 0.03773584905660377, -1e-05, -1e-05, -2e-05, 0.018867924528301886], [-1e-05, 0.07547169811320754, -2e-05, -2e-05, 0.09433962264150944, 0.05660377358490566], [0.05660377358490566, 0.05660377358490566, 0.05660377358490566, 0.05660377358490566, 0.05660377358490566, 0.0]], "6_easy_pruned.json": [[0.05555555555555555, -1e-05, -2e-05, -2e-05, 0.05555555555555555, 0.05555555555555555], [0.05555555555555555, -2e-05, -1e-05, -1e-05, 0.05555555555555555, 0.05555555555555555], [-1e-05, -2e-05, -2e-05, -2e-05, -1e-05, 0.05555555555555555], [-2e-05, 0.027777777777777776, -1e-05, -1e-05, -2e-05, -1e-05], [-1e-05, 0.1111111111111111, -2e-05, -2e-05, 0.08333333333333333, 0.05555555555555555], [0.05555555555555555, 0.05555555555555555, 0.05555555555555555, 0.05555555555555555, 0.05555555555555555, 0.05555555555555555]],