{"6_easy_pruned.json": [[0.05555555555555555, -1e-05, -2e-05, -2e-05, 0.05555555555555555, 0.05555555555555555], [0.05555555555555555, -2e-05, -1e-05, -1e-05, 0.05555555555555555, 0.05555555555555555], [-1e-05, -2e-05, -2e-05, -2e-05, -1e-05, 0.05555555555555555], [-2e-05, 0.027777777777777776, -1e-05, -1e-05, -2e-05, -1e-05], [-1e-05, 0.1111111111111111, -2e-05, -2e-05, 0.08333333333333333, 0.05555555555555555], [0.05555555555555555, 0.05555555555555555, 0.05555555555555555, 0.05555555555555555, 0.05555555555555555, 0.05555555555555555]], "6_easy_full.json": [[0.05660377358490566, -1e-05, 0.018867924528301886, -2e-05, 0.05660377358490566, 0.05660377358490566], [0.05660377358490566, -2e-05, -1e-05, -1e-05, 0.05660377358490566, 0.05660377358490566], [-1e-05, -2e-05, -2e-05, -2e-05, -1e-05, 0.07547169811320754], [-2e-05, 0.03773584905660377, -1e-05, -1e-05, -2e-05, 0.018867924528301886], [-1e-05, 0.07547169811320754, -2e-05, -2e-05, 0.09433962264150944, 0.05660377358490566], [0.05660377358490566, 0.05660377358490566, 0.05660377358490566, 0.05660377358490566, 0.05660377358490566, 0.0]]}