{"10_easy_pruned": [[0, 0, 0, 0.002725742390386217, -1e-05, -2e-05, -2e-05, 0.002725742390386217, 0.005451484780772434, 0], [0, 0, 0.002044306792789663, 0.002044306792789663, -2e-05, -1e-05, -1e-05, -1e-05, 0.029983166294248388, 0.06814355975965544], [0, 0, 0.007768365812600719, -1e-05, -2e-05, -2e-05, -2e-05, -1e-05, 0.016354454342317304, 0.040224169846699465], [0, 0.011876448986682801, 0.012265840756737976, -2e-05, -2e-05, -1e-05, -1e-05, -2e-05, -1e-05, -1e-05], [-2e-05, 0.009150706596296585, 0.006814355975965543, -1e-05, 0.06990630634948213, -2e-05, -2e-05, 0.011389709274113835, 0.02998316629424839, -1e-05], [-1e-05, 0.012810989234815221, 0.011195013389086248, 0.02716007596134838, 0.06716708501320938, 0.06191329143877265, 0.011389709274113835, 0.007359504454042786, 0.03788781922636841, 0.030411497241309083], [-1e-05, -1e-05, 0.01458272178856626, 0, 0.05536851438053761, 0.07768365812600718, 0.013784468659953154, 0.020812990109449044, 0.005451484780772434, 0], [-2e-05, -2e-05, 0.02141654735303456, 0, 0, 0.05926542740239745, -1e-05, 0.027043258430331826, 0, 0], [0, 0, 0, 0, 0, 0.06851198428055376, -1e-05, 0.039932126019158076, 0, 0], [0, 0, 0, 0, 0, -2e-05, -2e-05, -2e-05, 0, 0]], "10_medium_pruned": [[0, 0, 0, 0, 0, 0, 0, 0, 0, 0], [0.0014500108750815633, 0.0, 0.00435003262524469, 0.013485101138258538, 0.0029000217501631265, 0.00954776391592168, 0, 0, 0, 0], [0.0031589522635705487, 0.00435003262524469, -1e-05, 0.029942724570434277, 0.03448635754878052, -2e-05, 0.051268241654669554, 0, 0, 0], [0.019575146813601105, 0.02055908276454931, -1e-05, -1e-05, -1e-05, -2e-05, 0.0222473097119657, 0.0055825418690640186, 0.009425070688030161, 0], [0.004246460419881721, 0.026504127352383715, 0.09406109007356019, 0.04820091095738164, -2e-05, -2e-05, -2e-05, -1e-05, -2e-05, 0], [0, 0.01315367008109704, 0.08818137564603165, 0.07842328048229595, 0.018632639744798087, -1e-05, -2e-05, -2e-05, 0.008990067425505692, 0], [0, 0, 0.022483932365756486, -1e-05, 0.030139511760623922, -2e-05, 0.023386603970958358, 0.010346863315760584, 0, 0], [0, 0, 0.02844969139466348, 0.09061930601842152, -1e-05, -1e-05, 0.05253182256009778, 0.015007612557094182, 0, 0], [0, 0, 0.007250054375407816, 0.020144793943097435, 0.022889457385216104, -1e-05, 0.026100195751468137, 0.008482563619227146, 0, 0], [0, 0, 0, 0.003915029362720221, 0.010812938239893944, 0.007177553831653738, -2e-05, 0.007540056550424129, 0, 0]], "6_hard_pruned": [[0.017690121760731693, -2e-05, 0.060598076669740486, -1e-05, -1e-05, 0.015808193913845345], [0.0204189171387169, -2e-05, -1e-05, -2e-05, 0.02845474904492162, 0.005269397971281781], [0.050191015676458964, -1e-05, 0.12496000903325367, 0.15838304759395522, 0.07164499313096337, 0.0], [-2e-05, -1e-05, 0.14596232380450533, -2e-05, 0, 0], [0.0204189171387169, -1e-05, 0.11253928524380374, 0.06669552289365226, 0, 0], [0.0204189171387169, -2e-05, 0.02945217080377138, 0.05109434104296441, -2e-05, 0]], "10_hard_full": [[0, 0, 0, -2e-05, 0.012601191845168499, 0.007889441850888104, 0, 0, 0, 0], [0, 0, 0.005917081388166078, -1e-05, 0.014370054799831906, -2e-05, 0.011630665268273534, 0.008108593013412775, 0, 0], [0, -2e-05, -2e-05, 0.032418718399185045, 0.08314980426911282, -1e-05, -1e-05, 0.010173671275664469, -2e-05, 0], [0.0032872674378700436, 0.0032872674378700436, -2e-05, -1e-05, -2e-05, 0.06785618385578408, 0.03035243600966674, 0.011254977561088387, 0, 0], [0.015027508287405912, -1e-05, -1e-05, 0.08817462735271417, 0.16399731720445, 0.03955558070843624, 0, 0, 0, 0], [0.0032872674378700436, -1e-05, -1e-05, 0.0636321054044844, -2e-05, 0, 0, 0, 0, 0], [0.006574534875740087, 0.03290398168763253, -1e-05, 0.019285302302170924, -2e-05, 0, 0, 0, 0, 0], [0.0021915116252466957, 0.06662195340749955, -1e-05, 0.0635694907866202, 0.031119465078503085, 0, 0, 0, 0, 0], [0, 0.010253143675261325, -2e-05, 0.02607778421316906, 0.054473513414579816, -2e-05, -2e-05, 0, 0, 0], [0, 0, 0, 0.010957558126233478, -1e-05, 0, 0, 0, 0, 0]], "10_easy_full": [[0, 0, 0, 0.005445539370202428, -1e-05, 0.02110146505953441, -2e-05, 0.0020420772638259106, 0.004764846948927124, 0], [0, 0, 0.0020420772638259106, 0.0020420772638259106, -2e-05, -1e-05, -1e-05, -1e-05, 0.02995046653611335, 0.03267323622121457], [0, 0, 0.00775989360253846, -1e-05, -2e-05, -2e-05, -2e-05, -1e-05, 0.016336618110607284, 0.019059387795708496], [0, 0.011863496485083858, 0.012252463582955462, -2e-05, -2e-05, -1e-05, -1e-05, -2e-05, -1e-05, -1e-05], [-2e-05, 0.009140726799982644, 0.006806924212753034, -1e-05, 0.06983006625904911, -2e-05, -2e-05, 0.01798972827656159, 0.03539600590631579, 0.07896032086793521], [-1e-05, 0.012797017519975706, 0.011182804063808555, 0.02713045507654424, 0.06709383232825232, 0.06184576856158472, 0.011377287612744357, 0.007351478149773277, 0.029950466536113354, 0], [-1e-05, -1e-05, 0.014566817815291493, 0, 0.05530812926274279, 0.07759893602538458, 0.013769435264654708, 0.019428906538686518, 0, 0], [-2e-05, -2e-05, 0.021393190382938104, 0, 0, 0.059200792296057805, -1e-05, 0.027013764947182755, 0, 0], [0, 0, 0, 0, 0, 0.057644923904571405, -1e-05, 0.03988857588673278, 0, 0], [0, 0, 0, 0, 0, -2e-05, -2e-05, -2e-05, 0, 0]], "6_easy_pruned": [[0.0, -1e-05, -2e-05, -2e-05, 0.02530730296456978, 0.05061460592913956], [0.0, -2e-05, -1e-05, -1e-05, 0.05061460592913956, 0.3036876355748373], [-1e-05, -2e-05, -2e-05, -2e-05, -1e-05, 0.14172089660159073], [-2e-05, 0.05664015425403712, -1e-05, -1e-05, -2e-05, -1e-05], [-1e-05, 0.13690045794167272, -2e-05, -2e-05, 0.0911062906724512, 0.07592190889370933], [0.0, 0.016871535309713182, 0.02530730296456978, 0.0, 0.0, 0.02530730296456978]], "10_hard_pruned": [[0, 0, 0.009124920472462725, -2e-05, 0.008810268042377802, 0.007551658322038117, 0.005663743741528587, 0, 0, 0], [0, 0, 0.005663743741528587, -1e-05, 0.007866310752123039, -2e-05, 0.011132702645385557, 0.007761426608761399, 0, 0], [0, -2e-05, -2e-05, 0.04268784634818769, -1e-05, -1e-05, -1e-05, 0.013530054493651626, -2e-05, 0], [0.006712585175144993, 0.0031465243008492157, -2e-05, -1e-05, -2e-05, 0.09674697795358358, 0.029052907711174428, 0.010773099868145647, 0, 0], [0.020362507261209924, -1e-05, -1e-05, 0.08439946336200935, 0.12393963283634386, 0.03786202318054826, 0.08450665265137894, 0, 0, 0], [0.011956792343227019, -1e-05, -1e-05, 0.06090772039500981, -2e-05, 0, 0, 0, 0, 0], [-2e-05, 0.03149520990659548, -1e-05, 0.018459609231648733, -2e-05, 0, 0, 0, 0, 0], [0.008076079038846318, 0.06376955916387743, -1e-05, 0.060847786598803154, 0.029787096714705915, 0, 0, 0, 0, 0], [0, 0.009814159128839218, -2e-05, 0.02496127354706647, 0.05214125012678303, -2e-05, -2e-05, 0, 0, 0], [0, 0, 0, 0.010488414336164051, -1e-05, 0, 0, 0, 0, 0]], "6_easy_full": [[0.0, -1e-05, 0.10703363914373087, -2e-05, 0.02675840978593272, 0.02675840978593272], [0.0, -2e-05, -1e-05, -1e-05, 0.08027522935779817, 0.08027522935779817], [-1e-05, -2e-05, -2e-05, -2e-05, -1e-05, 0.040137614678899085], [-2e-05, 0.08983180428134557, -1e-05, -1e-05, -2e-05, 0.08027522935779817], [-1e-05, 0.21712538226299696, -2e-05, -2e-05, 0.1444954128440367, 0.040137614678899085], [0.0, 0.02675840978593272, 0.040137614678899085, 0.0, 0.0, 0]],