{"10_easy_pruned": [[0, 0, 0, 0.001181077661126213, -1e-05, -2e-05, -2e-05, 0.001181077661126213, 0.002362155322252426, 0], [0, 0, 0.0006643561843834949, 0.0006643561843834949, -2e-05, -1e-05, -1e-05, -1e-05, 0.1978078151741966, 0.3708356925291868], [0, 0, 0.00213479787248563, -1e-05, -2e-05, -2e-05, -2e-05, -1e-05, 0.007086465966757278, 0.038204969902344524], [0, 0.004124732954290269, 0.006200657720912618, -2e-05, -2e-05, -1e-05, -1e-05, -2e-05, -1e-05, -1e-05], [-2e-05, 0.0029436552931640563, 0.0025097900298932025, -1e-05, 0.02521284428588538, -2e-05, -2e-05, 0.00442452179939756, 0.012991854272388347, -1e-05], [-1e-05, 0.004919188458590676, 0.003608011477547551, 0.009947265046449471, 0.03685071767404633, 0.017014749407938654, 0.00442452179939756, 0.0025570331363382512, 0.02240504323156426, 0.03055158665824666], [-1e-05, -1e-05, 0.005973300271145823, 0, 0.022686101491411134, 0.045004964277214336, 0.004319610768376094, 0.007805175827178315, 0.002362155322252426, 0], [-2e-05, -2e-05, 0.010656092420318225, 0, 0, 0.02278105979306567, -1e-05, 0.008308339014443819, 0, 0], [0, 0, 0, 0, 0, 0.03422486369435302, -1e-05, 0.023069399415947756, 0, 0], [0, 0, 0, 0, 0, -2e-05, -2e-05, -2e-05, 0, 0]], "10_medium_pruned": [[0, 0, 0, 0, 0, 0, 0, 0, 0, 0], [0.0004298280888673897, 0.0, 0.0019342263999032536, 0.004938724741086307, 0.0008596561777347794, 0.002739543659776188, 0, 0, 0, 0], [0.0007505544051778782, 0.001289484266602169, -1e-05, 0.010974585679006629, 0.0160356213221264, -2e-05, 0.010524428475936166, 0, 0, 0], [0.16745645990557848, 0.14145021577876135, -1e-05, -1e-05, -1e-05, -2e-05, 0.004596616670355121, 0.0012067423594951966, 0.0016226010354743962, 0], [0.0009923327051657848, 0.14402223250052837, 0.043377424655071745, 0.01834546120631534, -2e-05, -2e-05, -2e-05, -1e-05, -2e-05, 0], [0, 0.0031063851422482524, 0.24092916813613477, 0.028381245321223783, 0.005075195159301706, -1e-05, -2e-05, -2e-05, 0.0019299281190145797, 0], [0, 0, 0.006549772297544792, -1e-05, 0.008457306248556576, -2e-05, 0.005860442831652452, 0.0023032425861977206, 0, 0], [0, 0, 0.010974413872343887, 0.05279101794808719, -1e-05, -1e-05, 0.02474717677650369, 0.006250774982354015, 0, 0], [0, 0, 0.0021491404443369487, 0.0053646273591421035, 0.00557131765187553, -1e-05, 0.007736905599613016, 0.002066398537229976, 0, 0], [0, 0, 0, 0.0009305778123978987, 0.002466072869863046, 0.0013120502412677071, -2e-05, 0.0015001000301471902, 0, 0]], "6_hard_pruned": [[0.007990558454349754, -2e-05, 0.23286840509399642, -1e-05, -1e-05, 0.15616518264551996], [0.008804577413407632, -2e-05, -1e-05, -2e-05, 0.02057451143323839, 0.0020053130051889264], [0.027436441872869248, -1e-05, 0.08977663549965202, 0.12295515304183094, 0.03636826969700156, 0.0], [-2e-05, -1e-05, 0.1169699075926701, -2e-05, 0, 0], [0.008804577413407632, -1e-05, 0.0837913900504912, 0.04462762705915145, 0, 0], [0.008804577413407632, -2e-05, 0.011751159788379116, 0.020305712525438255, -2e-05, 0]], "10_hard_full": [[0, 0, 0, -2e-05, 0.002554344254105991, 0.0018844500800719683, 0, 0, 0, 0], [0, 0, 0.0017214491237788235, -1e-05, 0.004398916300321275, -2e-05, 0.003255921789729099, 0.002516575739842945, 0, 0], [0, -2e-05, -2e-05, 0.021449392389704038, 0.29600266032792993, -1e-05, -1e-05, 0.0035437123041595045, -2e-05, 0], [0.001789034886144274, 0.001789034886144274, -2e-05, -1e-05, -2e-05, 0.02630713592291508, 0.010183584135241243, 0.0026704489671251497, 0, 0], [0.015407606570467015, -1e-05, -1e-05, 0.06859351093721582, 0.10458285834335886, 0.011669784617281347, 0, 0, 0, 0], [0.001789034886144274, -1e-05, -1e-05, 0.038423479529186344, -2e-05, 0, 0, 0, 0, 0], [0.20712993522084922, 0.03239751510690163, -1e-05, 0.009458031098082728, -2e-05, 0, 0, 0, 0, 0], [0.0007951266160641216, 0.03452439766950416, -1e-05, 0.03287836387119795, 0.017063417180736052, 0, 0, 0, 0, 0], [0, 0.003972590503983629, -2e-05, 0.012236312331227038, 0.02503574133026576, -2e-05, -2e-05, 0, 0, 0], [0, 0, 0, 0.003975633080320609, -1e-05, 0, 0, 0, 0, 0]], "10_easy_full": [[0, 0, 0, 0.0020171174582458073, -1e-05, 0.158828621527548, -2e-05, 0.0005673142851316333, 0.001575873014254537, 0], [0, 0, 0.0005673142851316333, 0.0005673142851316333, -2e-05, -1e-05, -1e-05, -1e-05, 0.16891420881877706, 0.16891420881877706], [0, 0, 0.0018229699028896485, -1e-05, -2e-05, -2e-05, -2e-05, -1e-05, 0.006051352374737422, 0.007059911103860327], [0, 0.0035222369902276913, 0.005294933327895244, -2e-05, -2e-05, -1e-05, -1e-05, -2e-05, -1e-05, -1e-05], [-2e-05, 0.0025136782611047876, 0.0021431872993861703, -1e-05, 0.021530027217938254, -2e-05, -2e-05, 0.005980598892464769, 0.01311126347859775, 0.20421376433807864], [-1e-05, 0.0042006471067968934, 0.003080992546236421, 0.00849427715356956, 0.031467967101471934, 0.014529420548731794, 0.0037782359533596525, 0.0021835296485510866, 0.011094146020351943, 0], [-1e-05, -1e-05, 0.005100785772539086, 0, 0.01937236342876337, 0.038431130373228234, 0.003688649180532971, 0.005404382532836285, 0, 0], [-2e-05, -2e-05, 0.009099566762277347, 0, 0, 0.01945345125828429, -1e-05, 0.007094747545677478, 0, 0], [0, 0, 0, 0, 0, 0.018630138010020694, -1e-05, 0.019699673376593115, 0, 0], [0, 0, 0, 0, 0, -2e-05, -2e-05, -2e-05, 0, 0]], "6_easy_pruned": [[0.0, -1e-05, -2e-05, -2e-05, 0.010403014184899069, 0.020806028369798137], [0.0, -2e-05, -1e-05, -1e-05, 0.18274486713864743, 0.5364473494252158], [-1e-05, -2e-05, -2e-05, -2e-05, -1e-05, 0.0682437730529379], [-2e-05, 0.01842347863584166, -1e-05, -1e-05, -2e-05, -1e-05], [-1e-05, 0.058855111725069804, -2e-05, -2e-05, 0.04743774468313976, 0.031209042554697208], [0.0, 0.004623561859955142, 0.010403014184899069, 0.0, 0.0, 0.010403014184899069]], "10_hard_pruned": [[0, 0, 0.003497800128128868, -2e-05, 0.0021465242930476603, 0.002043077339165845, 0.0018663554596177446, 0, 0, 0], [0, 0, 0.0018663554596177446, -1e-05, 0.003071081443366381, -2e-05, 0.0035299953535716773, 0.002728413408632869, 0, 0], [0, -2e-05, -2e-05, 0.24930488945977625, -1e-05, -1e-05, -1e-05, 0.17026495125945199, -2e-05, 0], [0.0029439278958866507, 0.0019396303852840303, -2e-05, -1e-05, -2e-05, 0.07176122592341722, 0.011040807182011211, 0.002895239214786663, 0, 0], [0.018262741632433833, -1e-05, -1e-05, 0.07436750343861487, 0.08689013030293997, 0.012652111486871084, 0.04278112112652178, 0, 0, 0], [0.00408615467833169, -1e-05, -1e-05, 0.0416578508224454, -2e-05, 0, 0, 0, 0, 0], [-2e-05, 0.03512463909771809, -1e-05, 0.010254179303534908, -2e-05, 0, 0, 0, 0, 0], [0.002420227691859962, 0.0374305561462367, -1e-05, 0.035645964244130135, 0.018499763585864575, 0, 0, 0, 0, 0], [0, 0.004306991053944187, -2e-05, 0.013266327775544364, 0.027143173662170075, -2e-05, -2e-05, 0, 0, 0], [0, 0, 0, 0.004310289745075623, -1e-05, 0, 0, 0, 0, 0]], "6_easy_full": [[0.0, -1e-05, 0.21800847096036458, -2e-05, 0.003484528692604834, 0.003484528692604834], [0.0, -2e-05, -1e-05, -1e-05, 0.21800847096036458, 0.21800847096036458], [-1e-05, -2e-05, -2e-05, -2e-05, -1e-05, 0.007840189558360876], [-2e-05, 0.013884780147573344, -1e-05, -1e-05, -2e-05, 0.21800847096036458], [-1e-05, 0.0443559168719457, -2e-05, -2e-05, 0.0357512643861256, 0.007840189558360876], [0.0, 0.003484528692604834, 0.007840189558360876, 0.0, 0.0, 0]],