{"10_easy_pruned": [[0, 0, 0, 0.0, -1e-05, -2e-05, -2e-05, 0.006655521578600459, 0.006655521578600459, 0], [0, 0, 0.0, 0.0, -2e-05, -1e-05, -1e-05, -1e-05, 0.1796990826222124, 0.2368949711883101], [0, 0, 0.0, -1e-05, -2e-05, -2e-05, -2e-05, -1e-05, 0.013311043157200919, 0.0679110600142982], [0, 0.006655521578600459, 0.02911790690637701, -2e-05, -2e-05, -1e-05, -1e-05, -2e-05, -1e-05, -1e-05], [-2e-05, 0.0, 0.0, -1e-05, 0.03577342848497747, -2e-05, -2e-05, 0.006655521578600459, 0.006655521578600459, -1e-05], [-1e-05, 0.0, 0.0, 0.0, 0.07404267756193011, 0.019966564735801377, 0.006655521578600459, 0.0, 0.02246238532777655, 0.0679110600142982], [-1e-05, -1e-05, 0.02246238532777655, 0, 0.04242895006357793, 0.0449247706555531, 0.0, 0.02911790690637701, 0.0, 0], [-2e-05, -2e-05, 0.02911790690637701, 0, 0, 0.0, -1e-05, 0.0, 0, 0], [0, 0, 0, 0, 0, 0.02246238532777655, -1e-05, 0.02246238532777655, 0, 0], [0, 0, 0, 0, 0, -2e-05, -2e-05, -2e-05, 0, 0]], "10_medium_pruned": [[0, 0, 0, 0, 0, 0, 0, 0, 0, 0], [0.0, 0.0, 0.027079031495529135, 0.017551224117472588, 0.0, 0.013539515747764568, 0, 0, 0, 0], [0.0, 0.0, -1e-05, 0.013539515747764568, 0.031090739865237155, -2e-05, 0.0200585418485401, 0, 0, 0], [0.12354808119835167, 0.10831612598211654, -1e-05, -1e-05, -1e-05, -2e-05, 0.01203512510912406, 0.0, 0.0, 0], [0.0, 0.12586735009958913, 0.05848556181552465, 0.04463025561300172, -2e-05, -2e-05, -2e-05, -1e-05, -2e-05, 0], [0, 0.0, 0.1529511330718681, 0.03911415660465319, 0.0, -1e-05, -2e-05, -2e-05, 0.0, 0], [0, 0, 0.021562932487180605, -1e-05, 0.0, -2e-05, 0.016046833478832078, 0.0040117083697080195, 0, 0], [0, 0, 0.027079031495529135, 0.05542122481009169, -1e-05, -1e-05, 0.05296946280717612, 0.027079031495529135, 0, 0], [0, 0, 0.0, 0.0, 0.0, -1e-05, 0.008023416739416039, 0.0, 0, 0], [0, 0, 0, 0.0, 0.0, 0.0, -2e-05, 0.0, 0, 0]], "6_hard_pruned": [[0.019456983389295322, -2e-05, 0.14398167708078535, -1e-05, -1e-05, 0.12007738320250827], [0.023904293878277107, -2e-05, -1e-05, -2e-05, 0.030979964866247135, 0.004447310488981788], [0.044321896333192494, -1e-05, 0.09834782415334326, 0.10219030041582351, 0.05933156923350603, 0.0], [-2e-05, -1e-05, 0.08718062751550998, -2e-05, 0, 0], [0.023904293878277107, -1e-05, 0.08429877031864978, 0.06640724022147605, 0, 0], [0.023904293878277107, -2e-05, 0.023904293878277107, 0.04336127726757243, -2e-05, 0]], "10_hard_full": [[0, 0, 0, -2e-05, 0.0, 0.0, 0, 0, 0, 0], [0, 0, 0.0, -1e-05, 0.0047817071818619244, -2e-05, 0.0, 0.0, 0, 0], [0, -2e-05, -2e-05, 0.03743463326558231, 0.17296331446891178, -1e-05, -1e-05, 0.016138261738783993, -2e-05, 0], [0.016138261738783993, 0.016138261738783993, -2e-05, -1e-05, -2e-05, 0.016138261738783993, 0.0, 0.0047817071818619244, 0, 0], [0.032652926083720384, -1e-05, -1e-05, 0.08622582108808668, 0.09100752826994861, 0.016138261738783993, 0, 0, 0, 0], [0.016138261738783993, -1e-05, -1e-05, 0.03743463326558231, -2e-05, 0, 0, 0, 0, 0], [0.12910609391027195, 0.049167590428656774, -1e-05, 0.016138261738783993, -2e-05, 0, 0, 0, 0, 0], [0.0, 0.03227652347756799, -1e-05, 0.041839937841291835, 0.03705823065942991, 0, 0, 0, 0, 0], [0, 0.020919968920645918, -2e-05, 0.041839937841291835, 0.06754161394379968, -2e-05, -2e-05, 0, 0, 0], [0, 0, 0, 0.0, -1e-05, 0, 0, 0, 0, 0]], "10_easy_full": [[0, 0, 0, 0.0, -1e-05, 0.16155572176514585, -2e-05, 0.0, 0.0, 0], [0, 0, 0.0, 0.0, -2e-05, -1e-05, -1e-05, -1e-05, 0.16155572176514585, 0.1675392670157068], [0, 0, 0.0, -1e-05, -2e-05, -2e-05, -2e-05, -1e-05, 0.011967090501121914, 0.0], [0, 0.005983545250560957, 0.02617801047120419, -2e-05, -2e-05, -1e-05, -1e-05, -2e-05, -1e-05, -1e-05], [-2e-05, 0.0, 0.0, -1e-05, 0.03216155572176514, -2e-05, -2e-05, 0.011967090501121914, 0.011967090501121914, 0.1675392670157068], [-1e-05, 0.0, 0.0, 0.0, 0.06656694091249064, 0.01795063575168287, 0.005983545250560957, 0.0, 0.0, 0], [-1e-05, -1e-05, 0.02019446522064323, 0, 0.0381451009723261, 0.04038893044128646, 0.0, 0.005983545250560957, 0, 0], [-2e-05, -2e-05, 0.02617801047120419, 0, 0, 0.0, -1e-05, 0.0, 0, 0], [0, 0, 0, 0, 0, 0.0, -1e-05, 0.02019446522064323, 0, 0], [0, 0, 0, 0, 0, -2e-05, -2e-05, -2e-05, 0, 0]], "6_easy_pruned": [[0.0, -1e-05, -2e-05, -2e-05, 0.027363163911432533, 0.054726327822865066], [0.0, -2e-05, -1e-05, -1e-05, 0.21890531129146026, 0.28984684735813715], [-1e-05, -2e-05, -2e-05, -2e-05, -1e-05, 0.11120389813606181], [-2e-05, 0.03547076803333847, -1e-05, -1e-05, -2e-05, -1e-05], [-1e-05, 0.06283393194477101, -2e-05, -2e-05, 0.054726327822865066, 0.0820894917342976], [0.0, 0.008107604121905936, 0.027363163911432533, 0.0, 0.0, 0.027363163911432533]], "10_hard_pruned": [[0, 0, 0.01636688617162918, -2e-05, 0.0, 0.0, 0.0, 0, 0, 0], [0, 0, 0.0, -1e-05, 0.0, -2e-05, 0.0, 0.0, 0, 0], [0, -2e-05, -2e-05, 0.14934783631611628, -1e-05, -1e-05, -1e-05, 0.13093508937303344, -2e-05, 0], [0.01636688617162918, 0.01636688617162918, -2e-05, -1e-05, -2e-05, 0.0498641284237682, 0.0, 0.004849447754556794, 0, 0], [0.03311550729769869, -1e-05, -1e-05, 0.08744734852158334, 0.07108046234995416, 0.01636688617162918, 0.04243266785237195, 0, 0, 0], [0.01636688617162918, -1e-05, -1e-05, 0.037964955052255486, -2e-05, 0, 0, 0, 0, 0], [-2e-05, 0.0498641284237682, -1e-05, 0.01636688617162918, -2e-05, 0, 0, 0, 0, 0], [0.0, 0.03273377234325836, -1e-05, 0.04243266785237195, 0.03758322009781515, 0, 0, 0, 0, 0], [0, 0.021216333926185976, -2e-05, 0.04243266785237195, 0.06849844953311472, -2e-05, -2e-05, 0, 0, 0], [0, 0, 0, 0.0, -1e-05, 0, 0, 0, 0, 0]], "6_easy_full": [[0.0, -1e-05, 0.19858156028368792, -2e-05, 0.0070921985815602835, 0.0070921985815602835], [0.0, -2e-05, -1e-05, -1e-05, 0.19148936170212766, 0.19148936170212766], [-1e-05, -2e-05, -2e-05, -2e-05, -1e-05, 0.023936170212765957], [-2e-05, 0.03102836879432624, -1e-05, -1e-05, -2e-05, 0.19148936170212766], [-1e-05, 0.054964539007092195, -2e-05, -2e-05, 0.047872340425531915, 0.023936170212765957], [0.0, 0.0070921985815602835, 0.023936170212765957, 0.0, 0.0, 0]], "10_medium_full": [[0, 0, 0, 0, 0, 0, 0, 0, 0, 0], [0, 0.0, 0.0, 0.005400267258124509, 0.0, 0.005400267258124509, 0, 0, 0, 0], [0, 0.0, -1e-05, 0.01822590199617022, 0.010800534516249018, -2e-05, 0.010800534516249018, 0, 0, 0], [0, 0.03645180399234044, 0.055102799912619585, -1e-05, -1e-05, 0.07670386894511762, 0.05265260576671397, 0.01822590199617022, 0.0, 0], [0, 0.16943338522365647, 0.02362616925429473, 0.06007797324663517, -2e-05, -2e-05, -2e-05, -1e-05, -2e-05, 0], [0, 0.0, 0.16403311796553197, 0.03645180399234044, 0.0, -1e-05, -2e-05, -2e-05, 0.0, 0], [0, 0, 0.0, -1e-05, 0.0, -2e-05, 0.021601069032498036, 0.005400267258124509, 0, 0], [0, 0, 0.03645180399234044, 0.07460398368111658, -1e-05, -1e-05, 0.07130360168699311, 0.03645180399234044, 0, 0], [0, 0, 0.0, 0.0, 0.0, -1e-05, 0.010800534516249018, 0.0, 0, 0], [0, 0, 0, 0.0, 0.0, 0.0, -2e-05, 0.0, 0, 0]], "6_hard_full": [[0.018542378340806798, -2e-05, 0.03800022038941114, 0.15151772015630696, -1e-05, 0.014304120434336673], [0.014304120434336673, -2e-05, -1e-05, -2e-05, 0.02952370457647089, 0.004238257906470125], [0.02952370457647089, -1e-05, 0.09372483534368034, 0.1116908106092072, 0.056542598730217934, 0], [0.11443296347469338, -1e-05, 0.08308256974053387, -2e-05, 0, 0], [0.014304120434336673, -1e-05, 0.08033617861714122, 0.0632856670594119, 0, 0], [0.018542378340806798, -2e-05, 0.02278063624727692, 0.04132301458808372, -2e-05, 0]]}