{"10_easy_pruned": [[0, 0, 0, 0.0, -1e-05, -2e-05, -2e-05, 0.011299435028248591, 0.011299435028248591, 0], [0, 0, 0.0, 0.0, -2e-05, -1e-05, -1e-05, -1e-05, 0.10169491525423732, 0.16384180790960456], [0, 0, 0.0, -1e-05, -2e-05, -2e-05, -2e-05, -1e-05, 0.022598870056497182, 0.07627118644067798], [0, 0.011299435028248591, 0.03672316384180792, -2e-05, -2e-05, -1e-05, -1e-05, -2e-05, -1e-05, -1e-05], [-2e-05, 0.0, 0.0, -1e-05, 0.04802259887005651, -2e-05, -2e-05, 0.011299435028248591, 0.011299435028248591, -1e-05], [-1e-05, 0.0, 0.0, 0.0, 0.08757062146892658, 0.03389830508474577, 0.011299435028248591, 0.0, 0.02542372881355933, 0.07627118644067798], [-1e-05, -1e-05, 0.02542372881355933, 0, 0.05932203389830509, 0.05084745762711866, 0.0, 0.03672316384180792, 0.0, 0], [-2e-05, -2e-05, 0.03672316384180792, 0, 0, 0.0, -1e-05, 0.0, 0, 0], [0, 0, 0, 0, 0, 0.02542372881355933, -1e-05, 0.02542372881355933, 0, 0], [0, 0, 0, 0, 0, -2e-05, -2e-05, -2e-05, 0, 0]], "10_medium_pruned": [[0, 0, 0, 0, 0, 0, 0, 0, 0, 0], [0.0, 0.0, 0.0325497287522604, 0.02350813743218807, 0.0, 0.0162748643761302, 0, 0, 0, 0], [0.0, 0.0, -1e-05, 0.0162748643761302, 0.03978300180831827, -2e-05, 0.03616636528028934, 0, 0, 0], [0.08137432188065101, 0.0650994575045208, -1e-05, -1e-05, -1e-05, -2e-05, 0.0216998191681736, 0.0, 0.0, 0], [0.0, 0.08860759493670887, 0.07233273056057868, 0.056057866184448475, -2e-05, -2e-05, -2e-05, -1e-05, -2e-05, 0], [0, 0.0, 0.1139240506329114, 0.054249547920434, 0.0, -1e-05, -2e-05, -2e-05, 0.0, 0], [0, 0, 0.030741410488245934, -1e-05, 0.0, -2e-05, 0.028933092224231467, 0.007233273056057867, 0, 0], [0, 0, 0.0325497287522604, 0.0650994575045208, -1e-05, -1e-05, 0.0705244122965642, 0.0325497287522604, 0, 0], [0, 0, 0.0, 0.0, 0.0, -1e-05, 0.014466546112115734, 0.0, 0, 0], [0, 0, 0, 0.0, 0.0, 0.0, -2e-05, 0.0, 0, 0]], "6_hard_pruned": [[0.02402957486136784, -2e-05, 0.09057301293900187, -1e-05, -1e-05, 0.06654343807763402], [0.031423290203327174, -2e-05, -1e-05, -2e-05, 0.03327171903881701, 0.007393715341959335], [0.05545286506469502, -1e-05, 0.10720887245841038, 0.10720887245841038, 0.07208872458410352, 0.0], [-2e-05, -1e-05, 0.09057301293900187, -2e-05, 0, 0], [0.031423290203327174, -1e-05, 0.09057301293900187, 0.07393715341959337, 0, 0], [0.031423290203327174, -2e-05, 0.031423290203327174, 0.05545286506469502, -2e-05, 0]], "10_hard_full": [[0, 0, 0, -2e-05, 0.0, 0.0, 0, 0, 0, 0], [0, 0, 0.0, -1e-05, 0.007874015748031498, -2e-05, 0.0, 0.0, 0, 0], [0, -2e-05, -2e-05, 0.04330708661417324, 0.12204724409448821, -1e-05, -1e-05, 0.01771653543307087, -2e-05, 0], [0.01771653543307087, 0.01771653543307087, -2e-05, -1e-05, -2e-05, 0.01771653543307087, 0.0, 0.007874015748031498, 0, 0], [0.03543307086614174, -1e-05, -1e-05, 0.09645669291338585, 0.10433070866141735, 0.01771653543307087, 0, 0, 0, 0], [0.01771653543307087, -1e-05, -1e-05, 0.04330708661417324, -2e-05, 0, 0, 0, 0, 0], [0.07086614173228348, 0.05314960629921261, -1e-05, 0.01771653543307087, -2e-05, 0, 0, 0, 0, 0], [0.0, 0.03543307086614174, -1e-05, 0.05118110236220473, 0.04330708661417324, 0, 0, 0, 0, 0], [0, 0.025590551181102365, -2e-05, 0.05118110236220473, 0.0846456692913386, -2e-05, -2e-05, 0, 0, 0], [0, 0, 0, 0.0, -1e-05, 0, 0, 0, 0, 0]], "10_easy_full": [[0, 0, 0, 0.0, -1e-05, 0.10876132930513598, -2e-05, 0.0, 0.0, 0], [0, 0, 0.0, 0.0, -2e-05, -1e-05, -1e-05, -1e-05, 0.10876132930513598, 0.12084592145015108], [0, 0, 0.0, -1e-05, -2e-05, -2e-05, -2e-05, -1e-05, 0.024169184290030215, 0.0], [0, 0.012084592145015107, 0.0392749244712991, -2e-05, -2e-05, -1e-05, -1e-05, -2e-05, -1e-05, -1e-05], [-2e-05, 0.0, 0.0, -1e-05, 0.05135951661631421, -2e-05, -2e-05, 0.024169184290030215, 0.024169184290030215, 0.12084592145015108], [-1e-05, 0.0, 0.0, 0.0, 0.0936555891238671, 0.03625377643504532, 0.012084592145015107, 0.0, 0.0, 0], [-1e-05, -1e-05, 0.027190332326283994, 0, 0.0634441087613293, 0.05438066465256799, 0.0, 0.012084592145015107, 0, 0], [-2e-05, -2e-05, 0.0392749244712991, 0, 0, 0.0, -1e-05, 0.0, 0, 0], [0, 0, 0, 0, 0, 0.0, -1e-05, 0.027190332326283994, 0, 0], [0, 0, 0, 0, 0, -2e-05, -2e-05, -2e-05, 0, 0]], "6_easy_pruned": [[0.0, -1e-05, -2e-05, -2e-05, 0.03529411764705883, 0.07058823529411766], [0.0, -2e-05, -1e-05, -1e-05, 0.14117647058823532, 0.21176470588235297], [-1e-05, -2e-05, -2e-05, -2e-05, -1e-05, 0.14117647058823532], [-2e-05, 0.05098039215686275, -1e-05, -1e-05, -2e-05, -1e-05], [-1e-05, 0.0862745098039216, -2e-05, -2e-05, 0.07058823529411766, 0.10588235294117648], [0.0, 0.015686274509803925, 0.03529411764705883, 0.0, 0.0, 0.03529411764705883]], "10_hard_pruned": [[0, 0, 0.018145161290322585, -2e-05, 0.0, 0.0, 0.0, 0, 0, 0], [0, 0, 0.0, -1e-05, 0.0, -2e-05, 0.0, 0.0, 0, 0], [0, -2e-05, -2e-05, 0.09072580645161293, -1e-05, -1e-05, -1e-05, 0.07258064516129034, -2e-05, 0], [0.018145161290322585, 0.018145161290322585, -2e-05, -1e-05, -2e-05, 0.05443548387096776, 0.0, 0.00806451612903226, 0, 0], [0.03629032258064517, -1e-05, -1e-05, 0.0987903225806452, 0.0806451612903226, 0.018145161290322585, 0.05241935483870969, 0, 0, 0], [0.018145161290322585, -1e-05, -1e-05, 0.044354838709677435, -2e-05, 0, 0, 0, 0, 0], [-2e-05, 0.05443548387096776, -1e-05, 0.018145161290322585, -2e-05, 0, 0, 0, 0, 0], [0.0, 0.03629032258064517, -1e-05, 0.05241935483870969, 0.044354838709677435, 0, 0, 0, 0, 0], [0, 0.026209677419354847, -2e-05, 0.05241935483870969, 0.0866935483870968, -2e-05, -2e-05, 0, 0, 0], [0, 0, 0, 0.0, -1e-05, 0, 0, 0, 0, 0]], "6_easy_full": [[0.0, -1e-05, 0.16666666666666669, -2e-05, 0.016666666666666666, 0.016666666666666666], [0.0, -2e-05, -1e-05, -1e-05, 0.15000000000000002, 0.15000000000000002], [-1e-05, -2e-05, -2e-05, -2e-05, -1e-05, 0.037500000000000006], [-2e-05, 0.05416666666666667, -1e-05, -1e-05, -2e-05, 0.15000000000000002], [-1e-05, 0.09166666666666669, -2e-05, -2e-05, 0.07500000000000001, 0.037500000000000006], [0.0, 0.016666666666666666, 0.037500000000000006, 0.0, 0.0, 0]], "10_medium_full": [[0, 0, 0, 0, 0, 0, 0, 0, 0, 0], [0, 0.0, 0.0, 0.008791208791208791, 0.0, 0.008791208791208791, 0, 0, 0, 0], [0, 0.0, -1e-05, 0.019780219780219783, 0.017582417582417582, -2e-05, 0.017582417582417582, 0, 0, 0], [0, 0.039560439560439566, 0.059340659340659345, -1e-05, -1e-05, 0.09450549450549452, 0.06593406593406594, 0.019780219780219783, 0.0, 0], [0, 0.10769230769230771, 0.028571428571428574, 0.06813186813186814, -2e-05, -2e-05, -2e-05, -1e-05, -2e-05, 0], [0, 0.0, 0.09890109890109891, 0.039560439560439566, 0.0, -1e-05, -2e-05, -2e-05, 0.0, 0], [0, 0, 0.0, -1e-05, 0.0, -2e-05, 0.035164835164835165, 0.008791208791208791, 0, 0], [0, 0, 0.039560439560439566, 0.07912087912087913, -1e-05, -1e-05, 0.08571428571428572, 0.039560439560439566, 0, 0], [0, 0, 0.0, 0.0, 0.0, -1e-05, 0.017582417582417582, 0.0, 0, 0], [0, 0, 0, 0.0, 0.0, 0.0, -2e-05, 0.0, 0, 0]], "6_hard_full": [[0.02313167259786477, -2e-05, 0.04626334519572954, 0.10320284697508898, -1e-05, 0.016014234875444844], [0.016014234875444844, -2e-05, -1e-05, -2e-05, 0.03202846975088969, 0.007117437722419929], [0.03202846975088969, -1e-05, 0.10320284697508898, 0.11921708185053383, 0.0693950177935943, 0], [0.06405693950177938, -1e-05, 0.08718861209964414, -2e-05, 0, 0], [0.016014234875444844, -1e-05, 0.08718861209964414, 0.0711743772241993, 0, 0], [0.02313167259786477, -2e-05, 0.0302491103202847, 0.05338078291814947, -2e-05, 0]]}