{"10_easy_pruned": [[0, 0, 0, 0.002109655732004173, -1e-05, -2e-05, -2e-05, 0.002109655732004173, 0.004219311464008346, 0], [0, 0, 0.00158224179900313, 0.00158224179900313, -2e-05, -1e-05, -1e-05, -1e-05, 0.13727367566941, 0.16469920018546425], [0, 0, 0.006012518836211894, -1e-05, -2e-05, -2e-05, -2e-05, -1e-05, 0.01265793439202504, 0.031132491016575874], [0, 0.009192071403732467, 0.009493450794018778, -2e-05, -2e-05, -1e-05, -1e-05, -2e-05, -1e-05, -1e-05], [-2e-05, 0.007082415671728294, 0.005274139330010433, -1e-05, 0.05410571461690044, -2e-05, -2e-05, 0.00881534716587458, 0.02320621305204591, -1e-05], [-1e-05, 0.009915381940419615, 0.008664657470731425, 0.021021212472470158, 0.05198562652138635, 0.04791932305552337, 0.00881534716587458, 0.005696070476411267, 0.029324214674858004, 0.02353773038136085], [-1e-05, -1e-05, 0.011286658166222326, 0, 0.04285383099571115, 0.06012518836211893, 0.010668830416135389, 0.016108728410803293, 0.004219311464008346, 0], [-2e-05, -2e-05, 0.016575866465747074, 0, 0, 0.04586994320157644, -1e-05, 0.02093079865538426, 0, 0], [0, 0, 0, 0, 0, 0.05302654456937521, -1e-05, 0.030906456473861137, 0, 0], [0, 0, 0, 0, 0, -2e-05, -2e-05, -2e-05, 0, 0]], "10_medium_pruned": [[0, 0, 0, 0, 0, 0, 0, 0, 0, 0], [0.0008744593486911457, 0.0, 0.002623378046073437, 0.008132471942827655, 0.0017489186973822914, 0.005757978480612468, 0, 0, 0, 0], [0.0019050721525057104, 0.002623378046073437, -1e-05, 0.01805758555047216, 0.020797718333760956, -2e-05, 0.030918384114436936, 0, 0, 0], [0.11151374678924479, 0.11210712991871377, -1e-05, -1e-05, -1e-05, -2e-05, 0.013416704864204152, 0.0033666684924609108, 0.0056839857664924475, 0], [0.0025609166640240696, 0.11378734109584177, 0.056725505288557174, 0.02906856626143644, -2e-05, -2e-05, -2e-05, -1e-05, -2e-05, 0], [0, 0.00793259552026968, 0.15288816625874585, 0.047294797543441895, 0.011236802630681223, -1e-05, -2e-05, -2e-05, 0.005421647961885104, 0], [0, 0, 0.013559405098578475, -1e-05, 0.01817626217636596, -2e-05, 0.014103780066747194, 0.006239892066731818, 0, 0], [0, 0, 0.017157180704622042, 0.054649865515839724, -1e-05, -1e-05, 0.03168041297543922, 0.009050654258953359, 0, 0], [0, 0, 0.004372296743455729, 0.01214873880860199, 0.013803965432910228, -1e-05, 0.015740268276440622, 0.005115587189843202, 0, 0], [0, 0, 0, 0.0023610402414660932, 0.0065209682859539726, 0.004328573776021171, -2e-05, 0.004547188613193958, 0, 0]], "6_hard_pruned": [[0.01266965886269594, -2e-05, 0.18341352957826212, -1e-05, -1e-05, 0.15510897254457973], [0.014624021134069248, -2e-05, -1e-05, -2e-05, 0.02037928106425134, 0.003773940937824322], [0.03594678743277667, -1e-05, 0.08949631366840537, 0.11343388190260532, 0.051312118393918554, 0.0], [-2e-05, -1e-05, 0.10453816397773372, -2e-05, 0, 0], [0.014624021134069248, -1e-05, 0.08060059574353373, 0.04776730958446214, 0, 0], [0.014624021134069248, -2e-05, 0.021093634170339513, 0.0365937487364037, -2e-05, 0]], "10_hard_full": [[0, 0, 0, -2e-05, 0.008892442655853545, 0.005567442358447438, 0, 0, 0, 0], [0, 0, 0.004175581768835578, -1e-05, 0.010140698581457835, -2e-05, 0.008207558873663584, 0.005722093535070978, 0, 0], [0, -2e-05, -2e-05, 0.02287732762766794, 0.19779460624280915, -1e-05, -1e-05, 0.007179383468638951, -2e-05, 0], [0.002319767649353099, 0.002319767649353099, -2e-05, -1e-05, -2e-05, 0.04788493272673817, 0.021419187962360284, 0.007942442570880372, 0, 0], [0.010604652111328453, -1e-05, -1e-05, 0.06222330610226351, 0.11573006401878927, 0.027913687648809273, 0, 0, 0, 0], [0.002319767649353099, -1e-05, -1e-05, 0.044904073783906415, -2e-05, 0, 0, 0, 0, 0], [0.15983963862608574, 0.023219769518762926, -1e-05, 0.013609303542871517, -2e-05, 0, 0, 0, 0, 0], [0.0015465117662353993, 0.04701395769355614, -1e-05, 0.044859887733442544, 0.021960467080542678, 0, 0, 0, 0, 0], [0, 0.007235465763458475, -2e-05, 0.018402640286461564, 0.03844101417182595, -2e-05, -2e-05, 0, 0, 0], [0, 0, 0, 0.007732558831176997, -1e-05, 0, 0, 0, 0, 0]], "10_easy_full": [[0, 0, 0, 0.0034435261707988986, -1e-05, 0.10514674719220174, -2e-05, 0.001291322314049587, 0.003013085399449036, 0], [0, 0, 0.001291322314049587, 0.001291322314049587, -2e-05, -1e-05, -1e-05, -1e-05, 0.11203379953379955, 0.11203379953379955], [0, 0, 0.004907024793388431, -1e-05, -2e-05, -2e-05, -2e-05, -1e-05, 0.010330578512396696, 0.012052341597796144], [0, 0.007501967729240456, 0.007747933884297521, -2e-05, -2e-05, -1e-05, -1e-05, -2e-05, -1e-05, -1e-05], [-2e-05, 0.005780204643841007, 0.004304407713498623, -1e-05, 0.0441575469984561, -2e-05, -2e-05, 0.011375934671389218, 0.022382920110192845, 0.1413037719855902], [-1e-05, 0.008092286501377412, 0.007071526957890595, 0.017156139315230228, 0.042427269699996974, 0.03910861865407321, 0.007194510035419127, 0.0046487603305785125, 0.018939393939393943, 0], [-1e-05, -1e-05, 0.009211432506887053, 0, 0.03497449520176794, 0.049070247933884294, 0.00870720188902007, 0.012286009445100356, 0, 0], [-2e-05, -2e-05, 0.013528138528138528, 0, 0, 0.03743604879968516, -1e-05, 0.017082349468713107, 0, 0], [0, 0, 0, 0, 0, 0.036452184179456906, -1e-05, 0.02522382920110193, 0, 0], [0, 0, 0, 0, 0, -2e-05, -2e-05, -2e-05, 0, 0]], "6_easy_pruned": [[0.0, -1e-05, -2e-05, -2e-05, 0.016818837097549257, 0.03363767419509851], [0.0, -2e-05, -1e-05, -1e-05, 0.20134550696780393, 0.36953387794329645], [-1e-05, -2e-05, -2e-05, -2e-05, -1e-05, 0.09418548774627583], [-2e-05, 0.03764215921832453, -1e-05, -1e-05, -2e-05, -1e-05], [-1e-05, 0.09098189972769502, -2e-05, -2e-05, 0.060547813551177325, 0.05045651129264777], [0.0, 0.011212558065032836, 0.016818837097549257, 0.0, 0.0, 0.016818837097549257]], "10_hard_pruned": [[0, 0, 0.006940578583182184, -2e-05, 0.006701248287210384, 0.005743927103323187, 0.00430794532749239, 0, 0, 0], [0, 0, 0.00430794532749239, -1e-05, 0.0059832573992949865, -2e-05, 0.008467733805097476, 0.005903480633971054, 0, 0], [0, -2e-05, -2e-05, 0.1512427203701642, -1e-05, -1e-05, -1e-05, 0.13089964521256123, -2e-05, 0], [0.005105712980731722, 0.0023933029597179947, -2e-05, -1e-05, -2e-05, 0.07358749100319725, 0.022098163994729487, 0.008194213466843991, 0, 0], [0.015488089153603593, -1e-05, -1e-05, 0.06419574938874344, 0.09427071324811544, 0.02879853561418906, 0.064277279489569, 0, 0, 0], [0.009094551246928378, -1e-05, -1e-05, 0.04632750729168403, -2e-05, 0, 0, 0, 0, 0], [-2e-05, 0.023955822958701068, -1e-05, 0.014040710697012236, -2e-05, 0, 0, 0, 0, 0], [0.006142810929942852, 0.048504273316951355, -1e-05, 0.046281920568641784, 0.02265660135199702, 0, 0, 0, 0, 0], [0, 0.00746482589816803, -2e-05, 0.01898599347934528, 0.039659572379004526, -2e-05, -2e-05, 0, 0, 0], [0, 0, 0, 0.007977676532393315, -1e-05, 0, 0, 0, 0, 0]], "6_easy_full": [[0.0, -1e-05, 0.20473360220759926, -2e-05, 0.007429420505200595, 0.007429420505200595], [0.0, -2e-05, -1e-05, -1e-05, 0.20473360220759926, 0.20473360220759926], [-1e-05, -2e-05, -2e-05, -2e-05, -1e-05, 0.011144130757800894], [-2e-05, 0.024941625981744858, -1e-05, -1e-05, -2e-05, 0.20473360220759926], [-1e-05, 0.06028444067077055, -2e-05, -2e-05, 0.04011887072808322, 0.011144130757800894], [0.0, 0.007429420505200595, 0.011144130757800894, 0.0, 0.0, 0]],