{"10_easy_pruned": [[0, 0, 0, 0.00175216409298355, -1e-05, -2e-05, -2e-05, 0.00175216409298355, 0.0035043281859671, 0], [0, 0, 0.0009855923023032469, 0.0009855923023032469, -2e-05, -1e-05, -1e-05, -1e-05, 0.05081275869652296, 0.30925696241159656], [0, 0, 0.003167036598067767, -1e-05, -2e-05, -2e-05, -2e-05, -1e-05, 0.0105129845579013, 0.056678217393912586], [0, 0.006119164906363469, 0.009198861488163637, -2e-05, -2e-05, -1e-05, -1e-05, -2e-05, -1e-05, -1e-05], [-2e-05, 0.004367000813379919, 0.003723348697590044, -1e-05, 0.03740400982403558, -2e-05, -2e-05, 0.006563910639148835, 0.019273805022819057, -1e-05], [-1e-05, 0.0072977634472764855, 0.005352593115683166, 0.014757065696390795, 0.054669143642568904, 0.025241890474226293, 0.006563910639148835, 0.003793435261309386, 0.03323855284389794, 0.04532419407137918], [-1e-05, -1e-05, 0.008861569900264306, 0, 0.03365551119231895, 0.06676621276313817, 0.006408271981705756, 0.011579212166932668, 0.0035043281859671, 0], [-2e-05, -2e-05, 0.015808632340562498, 0, 0, 0.03379638467758251, -1e-05, 0.012325669828994537, 0, 0], [0, 0, 0, 0, 0, 0.050773610598408736, -1e-05, 0.034224145146201194, 0, 0], [0, 0, 0, 0, 0, -2e-05, -2e-05, -2e-05, 0, 0]], "10_medium_pruned": [[0, 0, 0, 0, 0, 0, 0, 0, 0, 0], [0.0008780400901871229, 0.0, 0.003951180405842054, 0.010088680636250043, 0.0017560801803742458, 0.005596258654104774, 0, 0, 0, 0], [0.0015332103105435858, 0.0026341202705613687, -1e-05, 0.02241855860270272, 0.03275709232727771, -2e-05, 0.021498990800086833, 0, 0, 0], [0.0809991983197621, 0.027874413016157274, -1e-05, -1e-05, -1e-05, -2e-05, 0.009389832401203151, 0.002465097553200348, 0.0033146013404563896, 0], [0.0020271078612738424, 0.034661662913303734, 0.08861011842335632, 0.03747556483468239, -2e-05, -2e-05, -2e-05, -1e-05, -2e-05, 0], [0, 0.0063456315701533655, 0.2310870707318255, 0.057976367405710556, 0.010367458364884457, -1e-05, -2e-05, -2e-05, 0.003942400004940182, 0], [0, 0, 0.013379680871939555, -1e-05, 0.017276334733707353, -2e-05, 0.011971539054136006, 0.004704995742453212, 0, 0], [0, 0, 0.022418207641140282, 0.10783992801017056, -1e-05, -1e-05, 0.050552799808813324, 0.012768898011546235, 0, 0], [0, 0, 0.004390200450935616, 0.010958701890919643, 0.01138092269959381, -1e-05, 0.01580472162336822, 0.004221177733574594, 0, 0], [0, 0, 0, 0.0019009567952551212, 0.005037620623557263, 0.002680217375296193, -2e-05, 0.0030643599147530593, 0, 0]], "6_hard_pruned": [[0.011009757979510645, -2e-05, 0.1333153408607326, -1e-05, -1e-05, 0.02486711021236463], [0.01213135064179594, -2e-05, -1e-05, -2e-05, 0.028348505642095685, 0.0027630122458182924], [0.037803188170755155, -1e-05, 0.12369836660513447, 0.16941325003227337, 0.05010987026564989, 0.0], [-2e-05, -1e-05, 0.161166504298581, -2e-05, 0, 0], [0.01213135064179594, -1e-05, 0.11545162087144212, 0.061489991710610856, 0, 0], [0.01213135064179594, -2e-05, 0.01619128700299833, 0.02797814217664537, -2e-05, 0]], "10_hard_full": [[0, 0, 0, -2e-05, 0.004184022223590147, 0.0030867339050299294, 0, 0, 0, 0], [0, 0, 0.002819737934341687, -1e-05, 0.007205435810256081, -2e-05, 0.005333207967015352, 0.004122157303552628, 0, 0], [0, -2e-05, -2e-05, 0.03513415793378928, 0.1744081848399199, -1e-05, -1e-05, 0.005804609543439394, -2e-05, 0], [0.002930443580724617, 0.002930443580724617, -2e-05, -1e-05, -2e-05, 0.04309115388951646, 0.01668073607116913, 0.004374202031482071, 0, 0], [0.025237697776852825, -1e-05, -1e-05, 0.11235634104293134, 0.17130698135609904, 0.019115136146871756, 0, 0, 0, 0], [0.002930443580724617, -1e-05, -1e-05, 0.06293775476792328, -2e-05, 0, 0, 0, 0, 0], [0.011721774322898467, 0.05306721009843542, -1e-05, 0.015492278396764142, -2e-05, 0, 0, 0, 0, 0], [0.0013024193692109409, 0.05655104901113904, -1e-05, 0.053854841566968945, 0.027949919663266792, 0, 0, 0, 0, 0], [0, 0.006507113098468438, -2e-05, 0.020043109947434558, 0.04100860639340423, -2e-05, -2e-05, 0, 0, 0], [0, 0, 0, 0.006512096846054705, -1e-05, 0, 0, 0, 0, 0]], "10_easy_full": [[0, 0, 0, 0.004543871867883411, -1e-05, 0.044444746707734614, -2e-05, 0.0012779639628422094, 0.0035498998967839145, 0], [0, 0, 0.0012779639628422094, 0.0012779639628422094, -2e-05, -1e-05, -1e-05, -1e-05, 0.06588614208430946, 0.06815807801825116], [0, 0, 0.004106524200599633, -1e-05, -2e-05, -2e-05, -2e-05, -1e-05, 0.013631615603650232, 0.01590355153759194], [0, 0.007934388503995395, 0.011927663653193952, -2e-05, -2e-05, -1e-05, -1e-05, -2e-05, -1e-05, -1e-05], [-2e-05, 0.005662452570053689, 0.004827863859626124, -1e-05, 0.04849974630403114, -2e-05, -2e-05, 0.013472232342978301, 0.029535167141242175, 0.14767583570621076], [-1e-05, 0.009462613164867203, 0.006940416532895899, 0.019134684913031996, 0.0708865068156257, 0.03272978726060103, 0.008511066119881108, 0.0049187412969837925, 0.024991295273358766, 0], [-1e-05, -1e-05, 0.011490315985910176, 0, 0.04363927189194177, 0.08657211876284868, 0.008309257933095776, 0.012174215068066095, 0, 0], [-2e-05, -2e-05, 0.020498194218693023, 0, 0, 0.04382193488257805, -1e-05, 0.015982026059391863, 0, 0], [0, 0, 0, 0, 0, 0.04196729330385013, -1e-05, 0.044376588629716364, 0, 0], [0, 0, 0, 0, 0, -2e-05, -2e-05, -2e-05, 0, 0]], "6_easy_pruned": [[0.0, -1e-05, -2e-05, -2e-05, 0.014494239772193933, 0.028988479544387866], [0.0, -2e-05, -1e-05, -1e-05, 0.05797695908877573, 0.5507811113433695], [-1e-05, -2e-05, -2e-05, -2e-05, -1e-05, 0.09508221290559221], [-2e-05, 0.02566893710223007, -1e-05, -1e-05, -2e-05, -1e-05], [-1e-05, 0.08200124367807932, -2e-05, -2e-05, 0.06609373336120435, 0.0434827193165818], [0.0, 0.006441884343197303, 0.014494239772193933, 0.0, 0.0, 0.014494239772193933]], "10_hard_pruned": [[0, 0, 0.005141982140317782, -2e-05, 0.003155523235832724, 0.00300344982687693, 0.0027436577532441156, 0, 0, 0], [0, 0, 0.0027436577532441156, -1e-05, 0.004514679328375132, -2e-05, 0.005189311109431574, 0.004010936161209065, 0, 0], [0, -2e-05, -2e-05, 0.13186982293681274, -1e-05, -1e-05, -1e-05, 0.014862007529408945, -2e-05, 0], [0.004327755763200302, 0.002851376417921136, -2e-05, -1e-05, -2e-05, 0.10549343260013914, 0.016230668210011095, 0.004256180395974934, 0, 0], [0.026847357729799085, -1e-05, -1e-05, 0.1093248214574056, 0.1277338560870284, 0.018599385019064104, 0.06289088933535601, 0, 0, 0], [0.00600689965375386, -1e-05, -1e-05, 0.06123961263836539, -2e-05, 0, 0, 0, 0, 0], [-2e-05, 0.05163538804665513, -1e-05, 0.015074276662743075, -2e-05, 0, 0, 0, 0, 0], [0.003557884130361596, 0.055025228473838096, -1e-05, 0.052401768198165756, 0.027195794634927817, 0, 0, 0, 0, 0], [0, 0.006331542760202432, -2e-05, 0.01950232088473914, 0.03990214108577002, -2e-05, -2e-05, 0, 0, 0], [0, 0, 0, 0.006336392039824747, -1e-05, 0, 0, 0, 0, 0]], "6_easy_full": [[0.0, -1e-05, 0.13564088936132518, -2e-05, 0.013564088936132517, 0.013564088936132517], [0.0, -2e-05, -1e-05, -1e-05, 0.12207680042519267, 0.12207680042519267], [-1e-05, -2e-05, -2e-05, -2e-05, -1e-05, 0.030519200106298168], [-2e-05, 0.054048742138364775, -1e-05, -1e-05, -2e-05, 0.12207680042519267], [-1e-05, 0.17266254761272037, -2e-05, -2e-05, 0.13916755248471965, 0.030519200106298168], [0.0, 0.013564088936132517, 0.030519200106298168, 0.0, 0.0, 0]],