{"10_easy_pruned": [[0, 0, 0, 0.0012564326614583187, -1e-05, -2e-05, -2e-05, 0.0012564326614583187, 0.0025128653229166374, 0], [0, 0, 0.0007067433720703043, 0.0007067433720703043, -2e-05, -1e-05, -1e-05, -1e-05, 0.21042832986916704, 0.39449571477281076], [0, 0, 0.0021202301162109127, -1e-05, -2e-05, -2e-05, -2e-05, -1e-05, 0.0062821633072915935, 0.04064251962023019], [0, 0.0025128653229166374, 0.006596271472656173, -2e-05, -2e-05, -1e-05, -1e-05, -2e-05, -1e-05, -1e-05], [-2e-05, 0.0012564326614583187, 0.0012564326614583187, -1e-05, 0.009580299043619681, -2e-05, -2e-05, 0.0044760413564452605, 0.01382075927604151, -1e-05], [-1e-05, 0.005182784728515565, 0.001963176033528623, 0.008245339340820217, 0.033414826631483985, 0.00800975821679678, 0.0044760413564452605, 0.002669919405598927, 0.023834527587864307, 0.03250083597398028], [-1e-05, -1e-05, 0.006203636265950449, 0, 0.01584989802429669, 0.047826109258410895, 0.002669919405598927, 0.007460068927408767, 0.0025128653229166374, 0], [-2e-05, -2e-05, 0.010824167378463416, 0, 0, 0.02222315269954402, -1e-05, 0.005889528100585868, 0, 0], [0, 0, 0, 0, 0, 0.03379489751157513, -1e-05, 0.02454127095993461, 0, 0], [0, 0, 0, 0, 0, -2e-05, -2e-05, -2e-05, 0, 0]], "10_medium_pruned": [[0, 0, 0, 0, 0, 0, 0, 0, 0, 0], [0.0004506005613572924, 0.0, 0.002027702526107816, 0.003717454631197663, 0.0009012011227145848, 0.0024219780172954467, 0, 0, 0, 0], [0.0004506005613572924, 0.0013518016840718772, -1e-05, 0.01150495883285507, 0.00613943264849311, -2e-05, 0.003773779701367324, 0, 0, 0], [0.1755491946447414, 0.14749930970024994, -1e-05, -1e-05, -1e-05, -2e-05, 0.0023656529471257847, 0.0012109890086477234, 0.001267314078817385, 0], [0.0007040633771207694, 0.15098245203954178, 0.04248264391459009, 0.017156616373678907, -2e-05, -2e-05, -2e-05, -1e-05, -2e-05, 0], [0, 0.0022530028067864623, 0.25257264757999925, 0.027136292306339533, 0.005266394060863357, -1e-05, -2e-05, -2e-05, 0.0019150523857684927, 0], [0, 0, 0.004980262704401475, -1e-05, 0.008364272920194742, -2e-05, 0.002759928438313416, 0.002112190131362308, 0, 0], [0, 0, 0.010571089169442079, 0.052445491295673496, -1e-05, -1e-05, 0.024076737484548087, 0.006552858663538425, 0, 0], [0, 0, 0.0022530028067864623, 0.0049566061749302176, 0.0045060056135729255, -1e-05, 0.007660209543073972, 0.002112190131362308, 0, 0], [0, 0, 0, 0.0009575261928842463, 0.002112190131362308, 0.001013851263053908, -2e-05, 0.0014644518244112004, 0, 0]], "6_hard_pruned": [[0.00675954730346059, -2e-05, 0.2415253104192108, -1e-05, -1e-05, 0.16197063830925154], [0.008839408012217696, -2e-05, -1e-05, -2e-05, 0.0213393708718479, 0.002079860708757105], [0.027578952998119213, -1e-05, 0.07807797100674171, 0.12599796173650543, 0.0322586395928227, 0.0], [-2e-05, -1e-05, 0.12131827514180193, -2e-05, 0, 0], [0.008839408012217696, -1e-05, 0.08537828209447916, 0.0447586024524529, 0, 0], [0.008839408012217696, -2e-05, 0.008839408012217696, 0.015598955315678285, -2e-05, 0]], "10_hard_full": [[0, 0, 0, -2e-05, 0.0024337235843644124, 0.0014602341506186475, 0, 0, 0, 0], [0, 0, 0.0018388133748531116, -1e-05, 0.004434785198175151, -2e-05, 0.002704137315960458, 0.002704137315960458, 0, 0], [0, -2e-05, -2e-05, 0.022762390420009423, 0.3203682860491393, -1e-05, -1e-05, 0.002920468301237295, -2e-05, 0], [0.0019469788674915298, 0.0019469788674915298, -2e-05, -1e-05, -2e-05, 0.025555179290752718, 0.010978797502799462, 0.002325558091725994, 0, 0], [0.01676785881798828, -1e-05, -1e-05, 0.05517963271292406, 0.08518906699052682, 0.01075381327811155, 0, 0, 0, 0], [0.0019469788674915298, -1e-05, -1e-05, 0.04165673867408832, -2e-05, 0, 0, 0, 0, 0], [0.22541628999143018, 0.035257712278780176, -1e-05, 0.010258415321827594, -2e-05, 0, 0, 0, 0, 0], [0.0008653239411073465, 0.037572365522880985, -1e-05, 0.03459781447532448, 0.015766202206975857, 0, 0, 0, 0, 0], [0, 0.004164371466579105, -2e-05, 0.0061113503340706355, 0.009788977083776858, -2e-05, -2e-05, 0, 0, 0], [0, 0, 0, 0.0043266197055367335, -1e-05, 0, 0, 0, 0, 0]], "10_easy_full": [[0, 0, 0, 0.0021302756332894266, -1e-05, 0.16773874070939335, -2e-05, 0.0005991400218626513, 0.0016642778385073647, 0], [0, 0, 0.0005991400218626513, 0.0005991400218626513, -2e-05, -1e-05, -1e-05, -1e-05, 0.17839011887584047, 0.17839011887584047], [0, 0, 0.001797420065587954, -1e-05, -2e-05, -2e-05, -2e-05, -1e-05, 0.0053256890832235676, 0.0074559647165129955], [0, 0.0021302756332894266, 0.005591973537384744, -2e-05, -2e-05, -1e-05, -1e-05, -2e-05, -1e-05, -1e-05], [-2e-05, 0.0010651378166447133, 0.0010651378166447133, -1e-05, 0.00812167585191594, -2e-05, -2e-05, 0.004859691288441504, 0.012781653799736562, 0.21566994245840543], [-1e-05, 0.004393693493659443, 0.0016642778385073647, 0.006989966921730932, 0.028327340233666155, 0.006790253581110048, 0.0037945534717967913, 0.002263417860370016, 0.011716515983091851, 0], [-1e-05, -1e-05, 0.005259117969683273, 0, 0.013436713556973059, 0.04054447099058101, 0.002263417860370016, 0.004992833515522093, 0, 0], [-2e-05, -2e-05, 0.009176162290394205, 0, 0, 0.018839625131903376, -1e-05, 0.004992833515522093, 0, 0], [0, 0, 0, 0, 0, 0.01777448731525866, -1e-05, 0.020804804403612865, 0, 0], [0, 0, 0, 0, 0, -2e-05, -2e-05, -2e-05, 0, 0]], "6_easy_pruned": [[0.0, -1e-05, -2e-05, -2e-05, 0.01110785347910061, 0.02221570695820122], [0.0, -2e-05, -1e-05, -1e-05, 0.19512644817695188, 0.5727934664663726], [-1e-05, -2e-05, -2e-05, -2e-05, -1e-05, 0.0728675188229], [-2e-05, 0.016044677247589772, -1e-05, -1e-05, -2e-05, -1e-05], [-1e-05, 0.027152530726690383, -2e-05, -2e-05, 0.02221570695820122, 0.03332356043730183], [0.0, 0.00493682376848916, 0.01110785347910061, 0.0, 0.0, 0.01110785347910061]], "10_hard_pruned": [[0, 0, 0.0036280617260076578, -2e-05, 0.002073178129147233, 0.0015548835968604248, 0.001958001566416831, 0, 0, 0], [0, 0, 0.001958001566416831, -1e-05, 0.003282532037816452, -2e-05, 0.002879414068260046, 0.002879414068260046, 0, 0], [0, -2e-05, -2e-05, 0.26647006988488225, -1e-05, -1e-05, -1e-05, 0.18054835408800246, -2e-05, 0], [0.0031097671937208495, 0.002073178129147233, -2e-05, -1e-05, -2e-05, 0.07506526701559593, 0.011690421117135788, 0.0024762960987036392, 0, 0], [0.01940960136216925, -1e-05, -1e-05, 0.05875626573297105, 0.08719796613361645, 0.01145085386665655, 0.04248402692873599, 0, 0, 0], [0.004146356258294466, -1e-05, -1e-05, 0.044356844849574265, -2e-05, 0, 0, 0, 0, 0], [-2e-05, 0.037543046409285644, -1e-05, 0.01092334520935131, -2e-05, 0, 0, 0, 0, 0], [0.0024762960987036392, 0.040007730830032374, -1e-05, 0.036840375354946324, 0.016788135783583374, 0, 0, 0, 0, 0], [0, 0.00443429766512047, -2e-05, 0.006507475794267703, 0.010423478927101366, -2e-05, -2e-05, 0, 0, 0], [0, 0, 0, 0.004607062509216073, -1e-05, 0, 0, 0, 0, 0]], "6_easy_full": [[0.0, -1e-05, 0.2289576748660162, -2e-05, 0.003659534805910222, 0.003659534805910222], [0.0, -2e-05, -1e-05, -1e-05, 0.2289576748660162, 0.2289576748660162], [-1e-05, -2e-05, -2e-05, -2e-05, -1e-05, 0.008233953313298], [-2e-05, 0.011893488119208222, -1e-05, -1e-05, -2e-05, 0.2289576748660162], [-1e-05, 0.020127441432506225, -2e-05, -2e-05, 0.016467906626596, 0.008233953313298], [0.0, 0.003659534805910222, 0.008233953313298, 0.0, 0.0, 0]],