{"10_easy_pruned": [[0, 0, 0, 0.0016105600808961318, -1e-05, -2e-05, -2e-05, 0.0024158401213441975, 0.0032211201617922637, 0], [0, 0, 0.0006794550341280557, 0.0013589100682561113, -2e-05, -1e-05, -1e-05, -1e-05, 0.09341248469197565, 0.28426385427816725], [0, 0, 0.0027178201365122227, -1e-05, -2e-05, -2e-05, -2e-05, -1e-05, 0.02214520111232181, 0.09117093017938559], [0, 0.0024158401213441975, 0.010569300530880864, -2e-05, -2e-05, -1e-05, -1e-05, -2e-05, -1e-05, -1e-05], [-2e-05, 0.0024158401213441975, 0.0024158401213441975, -1e-05, 0.01842078092524951, -2e-05, -2e-05, 0.01147524057638494, 0.03543232177971491, -1e-05], [-1e-05, 0.011626230583968951, 0.003774750189600309, 0.010569300530880867, 0.05354105668929079, 0.010267320515712839, 0.00573762028819247, 0.00513366025785642, 0.045828487101899434, 0.04166124506401339], [-1e-05, -1e-05, 0.009940175499280815, 0, 0.015237911565378527, 0.061305969479311245, 0.00256683012892821, 0.009562700480320784, 0.0024158401213441975, 0], [-2e-05, -2e-05, 0.013874975096920174, 0, 0, 0.028486781430850337, -1e-05, 0.007549500379200617, 0, 0], [0, 0, 0, 0, 0, 0.04332003977590371, -1e-05, 0.0314582647801037, 0, 0], [0, 0, 0, 0, 0, -2e-05, -2e-05, -2e-05, 0, 0]], "10_medium_pruned": [[0, 0, 0, 0, 0, 0, 0, 0, 0, 0], [0.0003363363853944105, 0.0, 0.003783784335687118, 0.006936937948759717, 0.001345345541577642, 0.0018078080714949564, 0, 0, 0, 0], [0.0003363363853944105, 0.0025225228904580785, -1e-05, 0.03435003504033114, 0.013747749752996532, -2e-05, 0.002816817227678188, 0, 0, 0], [0.03102703155263437, 0.025225228904580788, -1e-05, -1e-05, -1e-05, -2e-05, 0.0035315320466413097, 0.0013558560536212174, 0.0009459460839217795, 0], [0.0005255256021787664, 0.033038743557774676, 0.1109843405125164, 0.05762703543251481, -2e-05, -2e-05, -2e-05, -1e-05, -2e-05, 0], [0, 0.002522522890458079, 0.26555617773020174, 0.08102007187765951, 0.01768919176933728, -1e-05, -2e-05, -2e-05, 0.0014294296379262445, 0], [0, 0, 0.005576036849357584, -1e-05, 0.02809459869247686, -2e-05, 0.0072102112618926744, 0.003153153613072598, 0, 0], [0, 0, 0.011835677402029307, 0.1370119118764693, -1e-05, -1e-05, 0.05391393321781951, 0.0073367578268973225, 0, 0], [0, 0, 0.0016816819269720525, 0.009249250598346291, 0.01177177348880437, -1e-05, 0.01429429637926245, 0.001576576806536299, 0, 0], [0, 0, 0, 0.0010720722284446834, 0.003153153613072598, 0.0015135137342748473, -2e-05, 0.001093093252531834, 0, 0]], "6_hard_pruned": [[0.0032143528271469405, -2e-05, 0.1431623297629291, -1e-05, -1e-05, 0.01335192712814883], [0.008406768932538151, -2e-05, -1e-05, -2e-05, 0.02536866154348278, 0.0014835474586832032], [0.03934367860427856, -1e-05, 0.16707711479690235, 0.2097043784430664, 0.023009821084176485, 0.0], [-2e-05, -1e-05, 0.2019157542849796, -2e-05, 0, 0], [0.01050846116567269, -1e-05, 0.10149937196490919, 0.03192594131086254, 0, 0], [0.006305076699403614, -2e-05, 0.006305076699403614, 0.007417737293416016, -2e-05, 0]], "10_hard_full": [[0, 0, 0, -2e-05, 0.0023307710144005915, 0.0010488469564802663, 0, 0, 0, 0], [0, 0, 0.0013207702414936686, -1e-05, 0.006370774106028283, -2e-05, 0.0025897455715562126, 0.0019423091786671595, 0, 0], [0, -2e-05, -2e-05, 0.03814909805821088, 0.20476393105534935, -1e-05, -1e-05, 0.0020976939129605326, -2e-05, 0], [0.0023307710144005915, 0.0037292336230409463, -2e-05, -1e-05, -2e-05, 0.036711197324152255, 0.010514367020518226, 0.001670385893653757, 0, 0], [0.02810243908791571, -1e-05, -1e-05, 0.1321134919951704, 0.14277437519269814, 0.007724175141723561, 0, 0, 0, 0], [0.0037292336230409463, -1e-05, -1e-05, 0.09973638715567369, -2e-05, 0, 0, 0, 0, 0], [0.013052317680643313, 0.08441555805824809, -1e-05, 0.02210503230057521, -2e-05, 0, 0, 0, 0, 0], [0.0008287185828979881, 0.05397444130414596, -1e-05, 0.0579849212962579, 0.015099252580401346, 0, 0, 0, 0, 0], [0, 0.002991156135147426, -2e-05, 0.007316031239646301, 0.00937487896903349, -2e-05, -2e-05, 0, 0, 0], [0, 0, 0, 0.0031076946858674555, -1e-05, 0, 0, 0, 0, 0]], "10_easy_full": [[0, 0, 0, 0.004072578438497065, -1e-05, 0.08962854266598622, -2e-05, 0.0017181190287409494, 0.0031817019050758327, 0], [0, 0, 0.0008590595143704747, 0.0017181190287409494, -2e-05, -1e-05, -1e-05, -1e-05, 0.1181047747164149, 0.06108867657745599], [0, 0, 0.003436238057481899, -1e-05, -2e-05, -2e-05, -2e-05, -1e-05, 0.025453615240606665, 0.021381036802109597], [0, 0.003054433828872799, 0.013363148001318496, -2e-05, -2e-05, -1e-05, -1e-05, -2e-05, -1e-05, -1e-05], [-2e-05, 0.003054433828872799, 0.003054433828872799, -1e-05, 0.0232900579451551, -2e-05, -2e-05, 0.0162584967349375, 0.036653205946473595, 0.1654484990639432], [-1e-05, 0.014699462801450345, 0.0047725528576137485, 0.013363148001318497, 0.06769388973239343, 0.012981343772709396, 0.007254280343572898, 0.005408893238628915, 0.022399181411733866, 0], [-1e-05, -1e-05, 0.01256772252504954, 0, 0.01926584137561518, 0.07751134913069539, 0.0032453359431773494, 0.007158829286420623, 0, 0], [-2e-05, -2e-05, 0.017542631623826112, 0, 0, 0.03601686556545843, -1e-05, 0.009545105715227497, 0, 0], [0, 0, 0, 0, 0, 0.0339805763462099, -1e-05, 0.03977381917497197, 0, 0], [0, 0, 0, 0, 0, -2e-05, -2e-05, -2e-05, 0, 0]], "6_easy_pruned": [[0.0, -1e-05, -2e-05, -2e-05, 0.012202397093117849, 0.012202397093117849], [0.0, -2e-05, -1e-05, -1e-05, 0.09761917674494279, 0.5796138619230978], [-1e-05, -2e-05, -2e-05, -2e-05, -1e-05, 0.12007158739627966], [-2e-05, 0.039657790552633014, -1e-05, -1e-05, -2e-05, -1e-05], [-1e-05, 0.044742122674765454, -2e-05, -2e-05, 0.03660719127935355, 0.03660719127935355], [0.0, 0.005423287596941266, 0.009151797819838388, 0.0, 0.0, 0.006101198546558924]], "10_hard_pruned": [[0, 0, 0.002194937528394827, -2e-05, 0.002090416693709359, 0.0012542500162256154, 0.001184569459768637, 0, 0, 0], [0, 0, 0.0015794259463581823, -1e-05, 0.005295722290730376, -2e-05, 0.0029033565190407762, 0.0017420139114244658, 0, 0], [0, -2e-05, -2e-05, 0.1738181480819332, -1e-05, -1e-05, -1e-05, 0.005644125073015269, -2e-05, 0], [0.0031356250405640386, 0.0033446667099349746, -2e-05, -1e-05, -2e-05, 0.12110310065962172, 0.011787627467305554, 0.0014981319638250408, 0, 0], [0.027399390235404813, -1e-05, -1e-05, 0.1303386184945166, 0.14067683350543003, 0.009236854563937087, 0.025702370054721122, 0, 0, 0], [0.006689333419869949, -1e-05, -1e-05, 0.08945134781251685, -2e-05, 0, 0, 0, 0, 0], [-2e-05, 0.07571043688267887, -1e-05, 0.019825511923139562, -2e-05, 0, 0, 0, 0, 0], [0.001997509285100054, 0.04840847618179219, -1e-05, 0.05200538650610142, 0.013542183878892276, 0, 0, 0, 0, 0], [0, 0.0026827014235936775, -2e-05, 0.006561585733032155, 0.008408120479142087, -2e-05, -2e-05, 0, 0, 0], [0, 0, 0, 0.0027872222582791457, -1e-05, 0, 0, 0, 0, 0]], "6_easy_full": [[0.0, -1e-05, 0.2457757296466974, -2e-05, 0.012288786482334868, 0.006144393241167434], [0.0, -2e-05, -1e-05, -1e-05, 0.1935483870967742, 0.11059907834101382], [-1e-05, -2e-05, -2e-05, -2e-05, -1e-05, 0.027649769585253454], [-2e-05, 0.08986175115207372, -1e-05, -1e-05, -2e-05, 0.11059907834101382], [-1e-05, 0.10138248847926268, -2e-05, -2e-05, 0.05529953917050691, 0.013824884792626727], [0.0, 0.012288786482334868, 0.020737327188940093, 0.0, 0.0, 0]],