{"10_easy_pruned": [[0, 0, 0, 0.0, -1e-05, -2e-05, -2e-05, 0.011112056013833378, 0.011112056013833378, 0], [0, 0, 0.0, 0.0, -2e-05, -1e-05, -1e-05, -1e-05, 0.1000085041245004, 0.17362587521614653], [0, 0, 0.0, -1e-05, -2e-05, -2e-05, -2e-05, -1e-05, 0.022224112027666755, 0.07704736797346715], [0, 0.011112056013833378, 0.036114182044958476, -2e-05, -2e-05, -1e-05, -1e-05, -2e-05, -1e-05, -1e-05], [-2e-05, 0.0, 0.0, -1e-05, 0.04722623805879186, -2e-05, -2e-05, 0.011112056013833378, 0.011112056013833378, -1e-05], [-1e-05, 0.0, 0.0, 0.0, 0.08611843410720868, 0.03333616804150013, 0.011112056013833378, 0.0, 0.0250021260311251, 0.07704736797346715], [-1e-05, -1e-05, 0.0250021260311251, 0, 0.058338294072625224, 0.0500042520622502, 0.0, 0.036114182044958476, 0.0, 0], [-2e-05, -2e-05, 0.036114182044958476, 0, 0, 0.0, -1e-05, 0.0, 0, 0], [0, 0, 0, 0, 0, 0.0250021260311251, -1e-05, 0.0250021260311251, 0, 0], [0, 0, 0, 0, 0, -2e-05, -2e-05, -2e-05, 0, 0]], "10_medium_pruned": [[0, 0, 0, 0, 0, 0, 0, 0, 0, 0], [0.0, 0.0, 0.031823060894978494, 0.02298332175748447, 0.0, 0.015911530447489247, 0, 0, 0, 0], [0.0, 0.0, -1e-05, 0.015911530447489247, 0.03889485220497372, -2e-05, 0.0353589565499761, 0, 0, 0], [0.08353553484931855, 0.06364612178995699, -1e-05, -1e-05, -1e-05, -2e-05, 0.02121537392998566, 0.0, 0.0, 0], [0.0, 0.08662944354744145, 0.07201681354464522, 0.054806382652462966, -2e-05, -2e-05, -2e-05, -1e-05, -2e-05, 0], [0, 0.0, 0.12193427924555536, 0.053038434824964155, 0.0, -1e-05, -2e-05, -2e-05, 0.0, 0], [0, 0, 0.03005511306747969, -1e-05, 0.0, -2e-05, 0.028287165239980882, 0.0070717913099952205, 0, 0], [0, 0, 0.031823060894978494, 0.06884172356872899, -1e-05, -1e-05, 0.0702488657171464, 0.031823060894978494, 0, 0], [0, 0, 0.0, 0.0, 0.0, -1e-05, 0.014143582619990441, 0.0, 0, 0], [0, 0, 0, 0.0, 0.0, 0.0, -2e-05, 0.0, 0, 0]], "6_hard_pruned": [[0.02210132607956478, -2e-05, 0.0901054063243795, -1e-05, -1e-05, 0.06120367222033323], [0.02890173410404625, -2e-05, -1e-05, -2e-05, 0.033049982998979946, 0.00680040802448147], [0.05345120707242436, -1e-05, 0.10839850391023464, 0.11819109146548797, 0.06875212512750767, 0.0], [-2e-05, -1e-05, 0.10289017341040466, -2e-05, 0, 0], [0.02890173410404625, -1e-05, 0.09554573274396466, 0.07290037402244136, 0, 0], [0.02890173410404625, -2e-05, 0.02890173410404625, 0.051003060183611025, -2e-05, 0]], "10_hard_full": [[0, 0, 0, -2e-05, 0.0, 0.0, 0, 0, 0, 0], [0, 0, 0.0, -1e-05, 0.0077390059720645575, -2e-05, 0.0, 0.0, 0, 0], [0, -2e-05, -2e-05, 0.04398598292285673, 0.12430778342628697, -1e-05, -1e-05, 0.017412763437145255, -2e-05, 0], [0.017412763437145255, 0.017412763437145255, -2e-05, -1e-05, -2e-05, 0.017412763437145255, 0.0, 0.0077390059720645575, 0, 0], [0.03624697695079217, -1e-05, -1e-05, 0.09764572331079416, 0.10538472928285872, 0.017412763437145255, 0, 0, 0, 0], [0.017412763437145255, -1e-05, -1e-05, 0.04398598292285673, -2e-05, 0, 0, 0, 0, 0], [0.06965105374858102, 0.05508119046443908, -1e-05, 0.017412763437145255, -2e-05, 0, 0, 0, 0, 0], [0.0, 0.03482552687429051, -1e-05, 0.050303538818419626, 0.04256453284635507, 0, 0, 0, 0, 0], [0, 0.025151769409209813, -2e-05, 0.050303538818419626, 0.083194314199694, -2e-05, -2e-05, 0, 0, 0], [0, 0, 0, 0.0, -1e-05, 0, 0, 0, 0, 0]], "10_easy_full": [[0, 0, 0, 0.0, -1e-05, 0.10876132930513598, -2e-05, 0.0, 0.0, 0], [0, 0, 0.0, 0.0, -2e-05, -1e-05, -1e-05, -1e-05, 0.10876132930513598, 0.12084592145015108], [0, 0, 0.0, -1e-05, -2e-05, -2e-05, -2e-05, -1e-05, 0.024169184290030215, 0.0], [0, 0.012084592145015107, 0.0392749244712991, -2e-05, -2e-05, -1e-05, -1e-05, -2e-05, -1e-05, -1e-05], [-2e-05, 0.0, 0.0, -1e-05, 0.05135951661631421, -2e-05, -2e-05, 0.024169184290030215, 0.024169184290030215, 0.12084592145015108], [-1e-05, 0.0, 0.0, 0.0, 0.0936555891238671, 0.03625377643504532, 0.012084592145015107, 0.0, 0.0, 0], [-1e-05, -1e-05, 0.027190332326283994, 0, 0.0634441087613293, 0.05438066465256799, 0.0, 0.012084592145015107, 0, 0], [-2e-05, -2e-05, 0.0392749244712991, 0, 0, 0.0, -1e-05, 0.0, 0, 0], [0, 0, 0, 0, 0, 0.0, -1e-05, 0.027190332326283994, 0, 0], [0, 0, 0, 0, 0, -2e-05, -2e-05, -2e-05, 0, 0]], "6_easy_pruned": [[0.0, -1e-05, -2e-05, -2e-05, 0.03403418544849494, 0.06806837089698987], [0.0, -2e-05, -1e-05, -1e-05, 0.13613674179397975, 0.2344577219785207], [-1e-05, -2e-05, -2e-05, -2e-05, -1e-05, 0.14158221146573893], [-2e-05, 0.04916049009227046, -1e-05, -1e-05, -2e-05, -1e-05], [-1e-05, 0.08319467554076541, -2e-05, -2e-05, 0.06806837089698987, 0.10210255634548482], [0.0, 0.015126304643775528, 0.03403418544849494, 0.0, 0.0, 0.03403418544849494]], "10_hard_pruned": [[0, 0, 0.017800740688416403, -2e-05, 0.0, 0.0, 0.0, 0, 0, 0], [0, 0, 0.0, -1e-05, 0.0, -2e-05, 0.0, 0.0, 0, 0], [0, -2e-05, -2e-05, 0.09345388861418612, -1e-05, -1e-05, -1e-05, 0.07120296275366561, -2e-05, 0], [0.017800740688416403, 0.017800740688416403, -2e-05, -1e-05, -2e-05, 0.05630846544294985, 0.0, 0.007911440305962846, 0, 0], [0.03705460306568313, -1e-05, -1e-05, 0.09982138712574551, 0.0820206464373291, 0.017800740688416403, 0.0514243619887585, 0, 0, 0], [0.017800740688416403, -1e-05, -1e-05, 0.044966043371645975, -2e-05, 0, 0, 0, 0, 0], [-2e-05, 0.05630846544294985, -1e-05, 0.017800740688416403, -2e-05, 0, 0, 0, 0, 0], [0.0, 0.035601481376832805, -1e-05, 0.0514243619887585, 0.043512921682795656, 0, 0, 0, 0, 0], [0, 0.02571218099437925, -2e-05, 0.0514243619887585, 0.0850479832891006, -2e-05, -2e-05, 0, 0, 0], [0, 0, 0, 0.0, -1e-05, 0, 0, 0, 0, 0]], "6_easy_full": [[0.0, -1e-05, 0.16666666666666669, -2e-05, 0.016666666666666666, 0.016666666666666666], [0.0, -2e-05, -1e-05, -1e-05, 0.15000000000000002, 0.15000000000000002], [-1e-05, -2e-05, -2e-05, -2e-05, -1e-05, 0.037500000000000006], [-2e-05, 0.05416666666666667, -1e-05, -1e-05, -2e-05, 0.15000000000000002], [-1e-05, 0.09166666666666669, -2e-05, -2e-05, 0.07500000000000001, 0.037500000000000006], [0.0, 0.016666666666666666, 0.037500000000000006, 0.0, 0.0, 0]], "10_medium_full": [[0, 0, 0, 0, 0, 0, 0, 0, 0, 0], [0, 0.0, 0.0, 0.008692952499223845, 0.0, 0.008692952499223845, 0, 0, 0, 0], [0, 0.0, -1e-05, 0.01955914312325365, 0.01738590499844769, -2e-05, 0.01738590499844769, 0, 0, 0], [0, 0.0391182862465073, 0.060274094114516355, -1e-05, -1e-05, 0.09504590411141173, 0.06519714374417883, 0.01955914312325365, 0.0, 0], [0, 0.1064886681154921, 0.028252095622477495, 0.06737038186898481, -2e-05, -2e-05, -2e-05, -1e-05, -2e-05, 0], [0, 0.0, 0.09779571561626825, 0.0391182862465073, 0.0, -1e-05, -2e-05, -2e-05, 0.0, 0], [0, 0, 0.0, -1e-05, 0.0, -2e-05, 0.03477180999689538, 0.008692952499223845, 0, 0], [0, 0, 0.0391182862465073, 0.08462323147203621, -1e-05, -1e-05, 0.08635295161218788, 0.0391182862465073, 0, 0], [0, 0, 0.0, 0.0, 0.0, -1e-05, 0.01738590499844769, 0.0, 0, 0], [0, 0, 0, 0.0, 0.0, 0.0, -2e-05, 0.0, 0, 0]], "6_hard_full": [[0.02128913926372331, -2e-05, 0.04493646010742828, 0.1015328180269881, -1e-05, 0.014738634874885368], [0.014738634874885368, -2e-05, -1e-05, -2e-05, 0.0318354513297524, 0.006550504388837941], [0.0318354513297524, -1e-05, 0.1044150399580768, 0.12858640115288877, 0.06622559937115159, 0], [0.05895453949954147, -1e-05, 0.09910913140311806, -2e-05, 0, 0], [0.014738634874885368, -1e-05, 0.09203458666317307, 0.07022140704834273, 0, 0], [0.02128913926372331, -2e-05, 0.02783964365256125, 0.04912878291628456, -2e-05, 0]]}