{"10_easy_pruned": [[0, 0, 0, 0.007751937984496125, -1e-05, -2e-05, -2e-05, 0.007751937984496125, 0.01550387596899225, 0], [0, 0, 0.0, 0.0, -2e-05, -1e-05, -1e-05, -1e-05, 0.03875968992248063, 0.05426356589147288], [0, 0, 0.0, -1e-05, -2e-05, -2e-05, -2e-05, -1e-05, 0.03875968992248063, 0.04263565891472869], [0, 0.01550387596899225, 0.03488372093023256, -2e-05, -2e-05, -1e-05, -1e-05, -2e-05, -1e-05, -1e-05], [-2e-05, 0.007751937984496125, 0.007751937984496125, -1e-05, 0.027131782945736434, -2e-05, -2e-05, 0.023255813953488375, 0.046511627906976744, -1e-05], [-1e-05, 0.01550387596899225, 0.007751937984496125, 0.023255813953488375, 0.07364341085271317, 0.023255813953488375, 0.023255813953488375, 0.007751937984496125, 0.04263565891472868, 0.04263565891472869], [-1e-05, -1e-05, 0.019379844961240313, 0, 0.05038759689922481, 0.062015503875969, 0.007751937984496125, 0.027131782945736434, 0.01550387596899225, 0], [-2e-05, -2e-05, 0.027131782945736434, 0, 0, 0.046511627906976744, -1e-05, 0.023255813953488375, 0, 0], [0, 0, 0, 0, 0, 0.05038759689922481, -1e-05, 0.04263565891472868, 0, 0], [0, 0, 0, 0, 0, -2e-05, -2e-05, -2e-05, 0, 0]], "10_medium_pruned": [[0, 0, 0, 0, 0, 0, 0, 0, 0, 0], [0.005141388174807199, 0.0, 0.015424164524421599, 0.028277634961439597, 0.010282776349614399, 0.017994858611825197, 0, 0, 0, 0], [0.005141388174807199, 0.010282776349614399, -1e-05, 0.03341902313624679, 0.041131105398457594, -2e-05, 0.025706940874035994, 0, 0, 0], [0.023136246786632397, 0.025706940874035994, -1e-05, -1e-05, -1e-05, -2e-05, 0.015424164524421599, 0.005141388174807199, 0.0, 0], [0.005141388174807199, 0.038560411311054, 0.06683804627249358, 0.05398457583547559, -2e-05, -2e-05, -2e-05, -1e-05, -2e-05, 0], [0, 0.015424164524421599, 0.05398457583547559, 0.0668380462724936, 0.020565552699228797, -1e-05, -2e-05, -2e-05, 0.010282776349614399, 0], [0, 0, 0.028277634961439594, -1e-05, 0.030848329048843194, -2e-05, 0.025706940874035994, 0.015424164524421599, 0, 0], [0, 0, 0.030848329048843194, 0.051413881748071995, -1e-05, -1e-05, 0.05398457583547559, 0.025706940874035994, 0, 0], [0, 0, 0.015424164524421599, 0.025706940874035994, 0.025706940874035994, -1e-05, 0.041131105398457594, 0.015424164524421599, 0, 0], [0, 0, 0, 0.005141388174807199, 0.010282776349614399, 0.0, -2e-05, 0.005141388174807199, 0, 0]], "6_hard_pruned": [[0.027027027027027025, -2e-05, 0.05945945945945946, -1e-05, -1e-05, 0.032432432432432434], [0.03783783783783783, -2e-05, -1e-05, -2e-05, 0.032432432432432434, 0.010810810810810811], [0.06486486486486487, -1e-05, 0.1081081081081081, 0.1081081081081081, 0.08108108108108109, 0.0], [-2e-05, -1e-05, 0.0918918918918919, -2e-05, 0, 0], [0.03783783783783783, -1e-05, 0.09189189189189188, 0.07567567567567567, 0, 0], [0.03783783783783783, -2e-05, 0.03783783783783783, 0.06486486486486485, -2e-05, 0]], "10_hard_full": [[0, 0, 0, -2e-05, 0.0, 0.0, 0, 0, 0, 0], [0, 0, 0.006993006993006993, -1e-05, 0.02097902097902098, -2e-05, 0.013986013986013986, 0.013986013986013986, 0, 0], [0, -2e-05, -2e-05, 0.03496503496503496, 0.06993006993006992, -1e-05, -1e-05, 0.01048951048951049, -2e-05, 0], [0.01048951048951049, 0.01048951048951049, -2e-05, -1e-05, -2e-05, 0.05244755244755245, 0.03496503496503496, 0.006993006993006993, 0, 0], [0.02097902097902098, -1e-05, -1e-05, 0.08041958041958042, 0.10839160839160839, 0.024475524475524472, 0, 0, 0, 0], [0.01048951048951049, -1e-05, -1e-05, 0.06293706293706294, -2e-05, 0, 0, 0, 0, 0], [0.02097902097902098, 0.038461538461538464, -1e-05, 0.024475524475524472, -2e-05, 0, 0, 0, 0, 0], [0.006993006993006993, 0.05594405594405595, -1e-05, 0.06293706293706293, 0.048951048951048945, 0, 0, 0, 0, 0], [0, 0.024475524475524472, -2e-05, 0.03496503496503496, 0.05944055944055944, -2e-05, -2e-05, 0, 0, 0], [0, 0, 0, 0.027972027972027972, -1e-05, 0, 0, 0, 0, 0]], "10_easy_full": [[0, 0, 0, 0.01520912547528517, -1e-05, 0.03041825095057034, -2e-05, 0.0, 0.007604562737642585, 0], [0, 0, 0.0, 0.0, -2e-05, -1e-05, -1e-05, -1e-05, 0.03802281368821292, 0.04562737642585551], [0, 0, 0.0, -1e-05, -2e-05, -2e-05, -2e-05, -1e-05, 0.03802281368821292, 0.03041825095057034], [0, 0.01520912547528517, 0.03422053231939163, -2e-05, -2e-05, -1e-05, -1e-05, -2e-05, -1e-05, -1e-05], [-2e-05, 0.007604562737642585, 0.007604562737642585, -1e-05, 0.026615969581749045, -2e-05, -2e-05, 0.03041825095057034, 0.05323193916349809, 0.06844106463878327], [-1e-05, 0.01520912547528517, 0.007604562737642585, 0.022813688212927754, 0.07224334600760454, 0.022813688212927754, 0.022813688212927754, 0.007604562737642585, 0.03802281368821292, 0], [-1e-05, -1e-05, 0.01901140684410646, 0, 0.0494296577946768, 0.06083650190114068, 0.007604562737642585, 0.022813688212927754, 0, 0], [-2e-05, -2e-05, 0.026615969581749045, 0, 0, 0.04562737642585551, -1e-05, 0.022813688212927754, 0, 0], [0, 0, 0, 0, 0, 0.04562737642585551, -1e-05, 0.04182509505703421, 0, 0], [0, 0, 0, 0, 0, -2e-05, -2e-05, -2e-05, 0, 0]], "6_easy_pruned": [[0.0, -1e-05, -2e-05, -2e-05, 0.04, 0.08], [0.0, -2e-05, -1e-05, -1e-05, 0.08, 0.16], [-1e-05, -2e-05, -2e-05, -2e-05, -1e-05, 0.16], [-2e-05, 0.06666666666666667, -1e-05, -1e-05, -2e-05, -1e-05], [-1e-05, 0.10666666666666666, -2e-05, -2e-05, 0.08, 0.12], [0.0, 0.026666666666666665, 0.04, 0.0, 0.0, 0.04]], "10_hard_pruned": [[0, 0, 0.01048951048951049, -2e-05, 0.0, 0.0, 0.006993006993006993, 0, 0, 0], [0, 0, 0.006993006993006993, -1e-05, 0.013986013986013986, -2e-05, 0.013986013986013986, 0.013986013986013986, 0, 0], [0, -2e-05, -2e-05, 0.038461538461538464, -1e-05, -1e-05, -1e-05, 0.02097902097902098, -2e-05, 0], [0.01048951048951049, 0.01048951048951049, -2e-05, -1e-05, -2e-05, 0.06643356643356645, 0.03496503496503496, 0.006993006993006993, 0, 0], [0.02097902097902098, -1e-05, -1e-05, 0.08041958041958042, 0.09090909090909091, 0.024475524475524472, 0.06993006993006992, 0, 0, 0], [0.01048951048951049, -1e-05, -1e-05, 0.06293706293706294, -2e-05, 0, 0, 0, 0, 0], [-2e-05, 0.038461538461538464, -1e-05, 0.024475524475524472, -2e-05, 0, 0, 0, 0, 0], [0.006993006993006993, 0.05594405594405595, -1e-05, 0.06293706293706293, 0.048951048951048945, 0, 0, 0, 0, 0], [0, 0.024475524475524472, -2e-05, 0.03496503496503496, 0.05944055944055944, -2e-05, -2e-05, 0, 0, 0], [0, 0, 0, 0.027972027972027972, -1e-05, 0, 0, 0, 0, 0]], "6_easy_full": [[0.0, -1e-05, 0.13333333333333333, -2e-05, 0.03333333333333333, 0.03333333333333333], [0.0, -2e-05, -1e-05, -1e-05, 0.1, 0.1], [-1e-05, -2e-05, -2e-05, -2e-05, -1e-05, 0.05], [-2e-05, 0.08333333333333333, -1e-05, -1e-05, -2e-05, 0.1], [-1e-05, 0.13333333333333333, -2e-05, -2e-05, 0.1, 0.05], [0.0, 0.03333333333333333, 0.05, 0.0, 0.0, 0]], "10_medium_full": [[0, 0, 0, 0, 0, 0, 0, 0, 0, 0], [0, 0.0, 0.010958904109589045, 0.02191780821917809, 0.0, 0.016438356164383567, 0, 0, 0, 0], [0, 0.005479452054794522, -1e-05, 0.024657534246575345, 0.032876712328767134, -2e-05, 0.010958904109589045, 0, 0, 0], [0, 0.027397260273972608, 0.041095890410958916, -1e-05, -1e-05, 0.05205479452054796, 0.03835616438356165, 0.019178082191780826, 0.005479452054794522, 0], [0, 0.03013698630136987, 0.057534246575342486, 0.05205479452054795, -2e-05, -2e-05, -2e-05, -1e-05, -2e-05, 0], [0, 0.016438356164383567, 0.04657534246575344, 0.05479452054794522, 0.016438356164383567, -1e-05, -2e-05, -2e-05, 0.010958904109589045, 0], [0, 0, 0.010958904109589045, -1e-05, 0.03287671232876713, -2e-05, 0.027397260273972608, 0.016438356164383567, 0, 0], [0, 0, 0.027397260273972608, 0.05479452054794522, -1e-05, -1e-05, 0.057534246575342486, 0.027397260273972608, 0, 0], [0, 0, 0.016438356164383567, 0.027397260273972608, 0.027397260273972608, -1e-05, 0.04383561643835618, 0.016438356164383567, 0, 0], [0, 0, 0, 0.005479452054794522, 0.010958904109589045, 0.0, -2e-05, 0.005479452054794522, 0, 0]],