{"10_easy_pruned": [[0, 0, 0, 0.0, -1e-05, -2e-05, -2e-05, 0.007569870957241081, 0.005046580638160721, 0], [0, 0, 0.0, 0.0, -2e-05, -1e-05, -1e-05, -1e-05, 0.2725153544606789, 0.17962672958953316], [0, 0, 0.0, -1e-05, -2e-05, -2e-05, -2e-05, -1e-05, 0.027756193509883963, 0.09011429291317731], [0, 0.0037849354786205405, 0.02759848786494144, -2e-05, -2e-05, -1e-05, -1e-05, -2e-05, -1e-05, -1e-05], [-2e-05, 0.0, 0.0, -1e-05, 0.040688056395170806, -2e-05, -2e-05, 0.010093161276321441, 0.010093161276321441, -1e-05], [-1e-05, 0.0, 0.0, 0.0, 0.07017901199942252, 0.015139741914482162, 0.005046580638160721, 0.0, 0.025548314480688648, 0.051493881664672746], [-1e-05, -1e-05, 0.02129026206724054, 0, 0.024128963676205945, 0.034064419307584866, 0.0, 0.022078790291953154, 0.0, 0], [-2e-05, -2e-05, 0.022078790291953154, 0, 0, 0.0, -1e-05, 0.0, 0, 0], [0, 0, 0, 0, 0, 0.017032209653792433, -1e-05, 0.017032209653792433, 0, 0], [0, 0, 0, 0, 0, -2e-05, -2e-05, -2e-05, 0, 0]], "10_medium_pruned": [[0, 0, 0, 0, 0, 0, 0, 0, 0, 0], [0.0, 0.0, 0.026065232741123986, 0.01689413233220999, 0.0, 0.005213046548224797, 0, 0, 0, 0], [0.0, 0.0, -1e-05, 0.020852186192899188, 0.035912098443326386, -2e-05, 0.007723031923295995, 0, 0, 0], [0.04756904975255127, 0.10426093096449594, -1e-05, -1e-05, -1e-05, -2e-05, 0.009267638307955196, 0.0, 0.0, 0], [0.0, 0.12115506329670593, 0.0788143288417176, 0.07732685713200116, -2e-05, -2e-05, -2e-05, -1e-05, -2e-05, 0], [0, 0.0, 0.17666984355160967, 0.06023964900170877, 0.0, -1e-05, -2e-05, -2e-05, 0.0, 0], [0, 0, 0.012453388976314792, -1e-05, 0.0, -2e-05, 0.021624489385228787, 0.003089212769318398, 0, 0], [0, 0, 0.015639139644674394, 0.07468487095620015, -1e-05, -1e-05, 0.06118363767046732, 0.015639139644674394, 0, 0], [0, 0, 0.0, 0.0, 0.0, -1e-05, 0.007723031923295995, 0.0, 0, 0], [0, 0, 0, 0.0, 0.0, 0.0, -2e-05, 0.0, 0, 0]], "6_hard_pruned": [[0.0075532743228381655, -2e-05, 0.16768268996700725, -1e-05, -1e-05, 0.06992173944570187], [0.01855947405040235, -2e-05, -1e-05, -2e-05, 0.030066347961651807, 0.002589694053544514], [0.05161778187524925, -1e-05, 0.1718054829002501, 0.13884730991214028, 0.034549108368337356, 0.0], [-2e-05, -1e-05, 0.11845346924047724, -2e-05, 0, 0], [0.023199342563002937, -1e-05, 0.0818127513082271, 0.03866931160752668, 0, 0], [0.013919605537801761, -2e-05, 0.013919605537801761, 0.01683301134803934, -2e-05, 0]], "10_hard_full": [[0, 0, 0, -2e-05, 0.0, 0.0, 0, 0, 0, 0], [0, 0, 0.0, -1e-05, 0.004074661540011202, -2e-05, 0.0, 0.0, 0, 0], [0, -2e-05, -2e-05, 0.0372159350350853, 0.1965175305234569, -1e-05, -1e-05, 0.006875991348768903, -2e-05, 0], [0.011459985581281504, 0.01833597693005041, -2e-05, -1e-05, -2e-05, 0.013751982697537806, 0.0, 0.002037330770005601, 0, 0], [0.03246216323840557, -1e-05, -1e-05, 0.12246011155326425, 0.09047584988396472, 0.006875991348768903, 0, 0, 0, 0], [0.01833597693005041, -1e-05, -1e-05, 0.05316562147869329, -2e-05, 0, 0, 0, 0, 0], [0.12835183851035287, 0.06982906666145289, -1e-05, 0.020627974046306705, -2e-05, 0, 0, 0, 0, 0], [0.0, 0.027503965395075613, -1e-05, 0.04159550322094768, 0.02105241795672454, 0, 0, 0, 0, 0], [0, 0.008913322118774505, -2e-05, 0.029711073729248347, 0.03836972950177215, -2e-05, -2e-05, 0, 0, 0], [0, 0, 0, 0.0, -1e-05, 0, 0, 0, 0, 0]], "10_easy_full": [[0, 0, 0, 0.0, -1e-05, 0.24726532688883235, -2e-05, 0.0, 0.0, 0], [0, 0, 0.0, 0.0, -2e-05, -1e-05, -1e-05, -1e-05, 0.21979140167896208, 0.11396591198168404], [0, 0, 0.0, -1e-05, -2e-05, -2e-05, -2e-05, -1e-05, 0.020351055711015007, 0.0], [0, 0.0030526583566522513, 0.022258967183922666, -2e-05, -2e-05, -1e-05, -1e-05, -2e-05, -1e-05, -1e-05], [-2e-05, 0.0, 0.0, -1e-05, 0.0328160773340117, -2e-05, -2e-05, 0.014245738997710502, 0.012210633426609005, 0.14245738997710505], [-1e-05, 0.0, 0.0, 0.0, 0.0566013736962605, 0.012210633426609005, 0.004070211142203001, 0.0, 0.0, 0], [-1e-05, -1e-05, 0.017171203256168912, 0, 0.019460697023658102, 0.02747392520987026, 0.0, 0.0030526583566522513, 0, 0], [-2e-05, -2e-05, 0.01780717374713813, 0, 0, 0.0, -1e-05, 0.0, 0, 0], [0, 0, 0, 0, 0, 0.0, -1e-05, 0.01373696260493513, 0, 0], [0, 0, 0, 0, 0, -2e-05, -2e-05, -2e-05, 0, 0]], "6_easy_pruned": [[0.0, -1e-05, -2e-05, -2e-05, 0.019514423327108, 0.019514423327108], [0.0, -2e-05, -1e-05, -1e-05, 0.312230773233728, 0.2583854199793003], [-1e-05, -2e-05, -2e-05, -2e-05, -1e-05, 0.11895992460205036], [-2e-05, 0.05691706803739833, -1e-05, -1e-05, -2e-05, -1e-05], [-1e-05, 0.06721634701559423, -2e-05, -2e-05, 0.058543269981324, 0.058543269981324], [0.0, 0.005782051356180148, 0.014635817495331, 0.0, 0.0, 0.009757211663554]], "10_hard_pruned": [[0, 0, 0.007309360295155246, -2e-05, 0.0, 0.0, 0.0, 0, 0, 0], [0, 0, 0.0, -1e-05, 0.0, -2e-05, 0.0, 0.0, 0, 0], [0, -2e-05, -2e-05, 0.20009373807987485, -1e-05, -1e-05, -1e-05, 0.058474882361241966, -2e-05, 0], [0.012182267158592077, 0.019491627453747322, -2e-05, -1e-05, -2e-05, 0.05938411279640219, 0.0, 0.0021657363837497027, 0, 0], [0.03450813635944041, -1e-05, -1e-05, 0.14319616399994037, 0.08465103727348204, 0.009745813726873661, 0.018950193357809897, 0, 0, 0], [0.019491627453747322, -1e-05, -1e-05, 0.05651645893550912, -2e-05, 0, 0, 0, 0, 0], [-2e-05, 0.07423014099550274, -1e-05, 0.021928080885465738, -2e-05, 0, 0, 0, 0, 0], [0.0, 0.029237441180620983, -1e-05, 0.044217117834889755, 0.022379275965413593, 0, 0, 0, 0, 0], [0, 0.009475096678904948, -2e-05, 0.03158365559634983, 0.04078803522728606, -2e-05, -2e-05, 0, 0, 0], [0, 0, 0, 0.0, -1e-05, 0, 0, 0, 0, 0]], "6_easy_full": [[0.0, -1e-05, 0.2863534675615212, -2e-05, 0.005113454777884307, 0.0025567273889421536], [0.0, -2e-05, -1e-05, -1e-05, 0.2416107382550335, 0.1380632790028763], [-1e-05, -2e-05, -2e-05, -2e-05, -1e-05, 0.017257909875359537], [-2e-05, 0.05033557046979865, -1e-05, -1e-05, -2e-05, 0.1380632790028763], [-1e-05, 0.05944391179290507, -2e-05, -2e-05, 0.03451581975071907, 0.008628954937679768], [0.0, 0.005113454777884307, 0.012943432406519653, 0.0, 0.0, 0]], "10_medium_full": [[0, 0, 0, 0, 0, 0, 0, 0, 0, 0], [0, 0.0, 0.0, 0.004529557051743669, 0.0, 0.0022647785258718346, 0, 0, 0, 0], [0, 0.0, -1e-05, 0.022930882574452326, 0.011323892629359173, -2e-05, 0.004529557051743669, 0, 0, 0], [0, 0.022930882574452326, 0.05777289900317557, -1e-05, -1e-05, 0.0804206842618939, 0.04416318125450078, 0.011465441287226163, 0.0, 0], [0, 0.10658613937384322, 0.024771015126723188, 0.08818481385113455, -2e-05, -2e-05, -2e-05, -1e-05, -2e-05, 0], [0, 0.0, 0.17198161930839245, 0.05350539267372209, 0.0, -1e-05, -2e-05, -2e-05, 0.0, 0], [0, 0, 0.0, -1e-05, 0.0, -2e-05, 0.03170689936220568, 0.004529557051743669, 0, 0], [0, 0, 0.022930882574452326, 0.10950666372289475, -1e-05, -1e-05, 0.08971048553665717, 0.022930882574452326, 0, 0], [0, 0, 0.0, 0.0, 0.0, -1e-05, 0.011323892629359173, 0.0, 0, 0], [0, 0, 0, 0.0, 0.0, 0.0, -2e-05, 0.0, 0, 0]], "6_hard_full": [[0.007282945339622466, -2e-05, 0.029850920189739446, 0.14878016908085895, -1e-05, 0.005618272119137332], [0.011236544238274663, -2e-05, -1e-05, -2e-05, 0.017394170480849177, 0.0016646732204851351], [0.034788340961698354, -1e-05, 0.1472503343912331, 0.1316074001383343, 0.02220840543449219, 0], [0.15731161933584528, -1e-05, 0.11421406199409537, -2e-05, 0, 0], [0.014045680297843328, -1e-05, 0.07888470223573933, 0.03728535079242606, 0, 0], [0.0109244180094337, -2e-05, 0.013421427840161402, 0.016230563899730068, -2e-05, 0]]}