{"10_easy_pruned": [[0, 0, 0, 0.0, -1e-05, -2e-05, -2e-05, 0.0, 0.0, 0], [0, 0, 0.0, 0.0, -2e-05, -1e-05, -1e-05, -1e-05, 0.0782122905027933, 0.19553072625698326], [0, 0, 0.0, -1e-05, -2e-05, -2e-05, -2e-05, -1e-05, 0.0, 0.12849162011173185], [0, 0.0, 0.03910614525139665, -2e-05, -2e-05, -1e-05, -1e-05, -2e-05, -1e-05, -1e-05], [-2e-05, 0.0, 0.0, -1e-05, 0.0, -2e-05, -2e-05, 0.0, 0.0, -1e-05], [-1e-05, 0.0, 0.0, 0.0, 0.0782122905027933, 0.0, 0.0, 0.0, 0.03910614525139665, 0.12849162011173185], [-1e-05, -1e-05, 0.03910614525139665, 0, 0.03910614525139665, 0.0782122905027933, 0.0, 0.03910614525139665, 0.0, 0], [-2e-05, -2e-05, 0.03910614525139665, 0, 0, 0.0, -1e-05, 0.0, 0, 0], [0, 0, 0, 0, 0, 0.03910614525139665, -1e-05, 0.03910614525139665, 0, 0], [0, 0, 0, 0, 0, -2e-05, -2e-05, -2e-05, 0, 0]], "10_medium_pruned": [[0, 0, 0, 0, 0, 0, 0, 0, 0, 0], [0.0, 0.0, 0.05156537753222836, 0.0, 0.0, 0.0, 0, 0, 0, 0], [0.0, 0.0, -1e-05, 0.02578268876611418, 0.0, -2e-05, 0.0, 0, 0, 0], [0.09023941068139964, 0.05156537753222836, -1e-05, -1e-05, -1e-05, -2e-05, 0.0, 0.0, 0.0, 0], [0.0, 0.07734806629834254, 0.0847145488029466, 0.05156537753222836, -2e-05, -2e-05, -2e-05, -1e-05, -2e-05, 0], [0, 0.0, 0.1694290976058932, 0.05156537753222836, 0.0, -1e-05, -2e-05, -2e-05, 0.0, 0], [0, 0, 0.02578268876611418, -1e-05, 0.0, -2e-05, 0.0, 0.0, 0, 0], [0, 0, 0.05156537753222836, 0.13259668508287292, -1e-05, -1e-05, 0.0847145488029466, 0.05156537753222836, 0, 0], [0, 0, 0.0, 0.0, 0.0, -1e-05, 0.0, 0.0, 0, 0], [0, 0, 0, 0.0, 0.0, 0.0, -2e-05, 0.0, 0, 0]], "6_hard_pruned": [[0.0, -2e-05, 0.07534246575342467, -1e-05, -1e-05, 0.04109589041095891], [0.020547945205479454, -2e-05, -1e-05, -2e-05, 0.04931506849315069, 0.0], [0.04931506849315069, -1e-05, 0.11506849315068494, 0.16849315068493154, 0.04931506849315069, 0.0], [-2e-05, -1e-05, 0.16849315068493154, -2e-05, 0, 0], [0.020547945205479454, -1e-05, 0.12328767123287673, 0.07808219178082193, 0, 0], [0.020547945205479454, -2e-05, 0.0, 0.020547945205479454, -2e-05, 0]], "10_hard_full": [[0, 0, 0, -2e-05, 0.0, 0.0, 0, 0, 0, 0], [0, 0, 0.0, -1e-05, 0.0, -2e-05, 0.0, 0.0, 0, 0], [0, -2e-05, -2e-05, 0.05850091407678245, 0.08957952468007313, -1e-05, -1e-05, 0.025594149908592323, -2e-05, 0], [0.025594149908592323, 0.025594149908592323, -2e-05, -1e-05, -2e-05, 0.025594149908592323, 0.0, 0.0, 0, 0], [0.05850091407678245, -1e-05, -1e-05, 0.09140767824497258, 0.09140767824497258, 0.025594149908592323, 0, 0, 0, 0], [0.025594149908592323, -1e-05, -1e-05, 0.05850091407678245, -2e-05, 0, 0, 0, 0, 0], [0.051188299817184646, 0.09140767824497258, -1e-05, 0.025594149908592323, -2e-05, 0, 0, 0, 0, 0], [0.0, 0.051188299817184646, -1e-05, 0.051188299817184646, 0.025594149908592323, 0, 0, 0, 0, 0], [0, 0.025594149908592323, -2e-05, 0.025594149908592323, 0.051188299817184646, -2e-05, -2e-05, 0, 0, 0], [0, 0, 0, 0.0, -1e-05, 0, 0, 0, 0, 0]], "10_easy_full": [[0, 0, 0, 0.0, -1e-05, 0.11764705882352941, -2e-05, 0.0, 0.0, 0], [0, 0, 0.0, 0.0, -2e-05, -1e-05, -1e-05, -1e-05, 0.11764705882352941, 0.11764705882352941], [0, 0, 0.0, -1e-05, -2e-05, -2e-05, -2e-05, -1e-05, 0.0, 0.0], [0, 0.0, 0.058823529411764705, -2e-05, -2e-05, -1e-05, -1e-05, -2e-05, -1e-05, -1e-05], [-2e-05, 0.0, 0.0, -1e-05, 0.0, -2e-05, -2e-05, 0.0, 0.0, 0.11764705882352941], [-1e-05, 0.0, 0.0, 0.0, 0.11764705882352941, 0.0, 0.0, 0.0, 0.0, 0], [-1e-05, -1e-05, 0.058823529411764705, 0, 0.058823529411764705, 0.11764705882352941, 0.0, 0.0, 0, 0], [-2e-05, -2e-05, 0.058823529411764705, 0, 0, 0.0, -1e-05, 0.0, 0, 0], [0, 0, 0, 0, 0, 0.0, -1e-05, 0.058823529411764705, 0, 0], [0, 0, 0, 0, 0, -2e-05, -2e-05, -2e-05, 0, 0]], "6_easy_pruned": [[0.0, -1e-05, -2e-05, -2e-05, 0.0, 0.06787330316742082], [0.0, -2e-05, -1e-05, -1e-05, 0.13574660633484165, 0.36199095022624433], [-1e-05, -2e-05, -2e-05, -2e-05, -1e-05, 0.23076923076923078], [-2e-05, 0.0, -1e-05, -1e-05, -2e-05, -1e-05], [-1e-05, 0.0, -2e-05, -2e-05, 0.0, 0.13574660633484165], [0.0, 0.0, 0.0, 0.0, 0.0, 0.06787330316742082]], "10_hard_pruned": [[0, 0, 0.024179620034542316, -2e-05, 0.0, 0.0, 0.0, 0, 0, 0], [0, 0, 0.0, -1e-05, 0.0, -2e-05, 0.0, 0.0, 0, 0], [0, -2e-05, -2e-05, 0.0846286701208981, -1e-05, -1e-05, -1e-05, 0.04835924006908463, -2e-05, 0], [0.024179620034542316, 0.024179620034542316, -2e-05, -1e-05, -2e-05, 0.08635578583765112, 0.0, 0.0, 0, 0], [0.05526770293609672, -1e-05, -1e-05, 0.08635578583765112, 0.08635578583765112, 0.024179620034542316, 0.04835924006908463, 0, 0, 0], [0.024179620034542316, -1e-05, -1e-05, 0.05526770293609672, -2e-05, 0, 0, 0, 0, 0], [-2e-05, 0.08635578583765112, -1e-05, 0.024179620034542316, -2e-05, 0, 0, 0, 0, 0], [0.0, 0.04835924006908463, -1e-05, 0.04835924006908463, 0.024179620034542316, 0, 0, 0, 0, 0], [0, 0.024179620034542316, -2e-05, 0.024179620034542316, 0.04835924006908463, -2e-05, -2e-05, 0, 0, 0], [0, 0, 0, 0.0, -1e-05, 0, 0, 0, 0, 0]], "6_easy_full": [[0.0, -1e-05, 0.25, -2e-05, 0.0, 0.0], [0.0, -2e-05, -1e-05, -1e-05, 0.25, 0.25], [-1e-05, -2e-05, -2e-05, -2e-05, -1e-05, 0.0], [-2e-05, 0.0, -1e-05, -1e-05, -2e-05, 0.25], [-1e-05, 0.0, -2e-05, -2e-05, 0.0, 0.0], [0.0, 0.0, 0.0, 0.0, 0.0, 0]], "10_medium_full": [[0, 0, 0, 0, 0, 0, 0, 0, 0, 0], [0, 0.0, 0.0, 0.0, 0.0, 0.0, 0, 0, 0, 0], [0, 0.0, -1e-05, 0.02857142857142857, 0.0, -2e-05, 0.0, 0, 0, 0], [0, 0.05714285714285714, 0.09387755102040816, -1e-05, -1e-05, 0.09387755102040816, 0.05714285714285714, 0.02857142857142857, 0.0, 0], [0, 0.08571428571428572, 0.0, 0.05714285714285714, -2e-05, -2e-05, -2e-05, -1e-05, -2e-05, 0], [0, 0.0, 0.08571428571428572, 0.05714285714285714, 0.0, -1e-05, -2e-05, -2e-05, 0.0, 0], [0, 0, 0.0, -1e-05, 0.0, -2e-05, 0.0, 0.0, 0, 0], [0, 0, 0.05714285714285714, 0.14693877551020407, -1e-05, -1e-05, 0.09387755102040816, 0.05714285714285714, 0, 0], [0, 0, 0.0, 0.0, 0.0, -1e-05, 0.0, 0.0, 0, 0], [0, 0, 0, 0.0, 0.0, 0.0, -2e-05, 0.0, 0, 0]], "6_hard_full": [[0.0, -2e-05, 0.046094750320102434, 0.07042253521126761, -1e-05, 0.01920614596670935], [0.01920614596670935, -2e-05, -1e-05, -2e-05, 0.046094750320102434, 0.0], [0.046094750320102434, -1e-05, 0.10755441741357234, 0.15749039692701663, 0.046094750320102434, 0], [0.0384122919334187, -1e-05, 0.15749039692701663, -2e-05, 0, 0], [0.01920614596670935, -1e-05, 0.11523687580025609, 0.07298335467349552, 0, 0], [0.01920614596670935, -2e-05, 0.0, 0.01920614596670935, -2e-05, 0]]}