{"10_easy_pruned": [[0, 0, 0, 0.0025374093608098525, -1e-05, -2e-05, -2e-05, 0.0025374093608098525, 0.005074818721619705, 0], [0, 0, 0.0019030570206073894, 0.0019030570206073894, -2e-05, -1e-05, -1e-05, -1e-05, 0.16510727525454263, 0.1980935969450707], [0, 0, 0.005709171061822168, -1e-05, -2e-05, -2e-05, -2e-05, -1e-05, 0.012687046804049262, 0.03744491242452254], [0, 0.005074818721619705, 0.011418342123644334, -2e-05, -2e-05, -1e-05, -1e-05, -2e-05, -1e-05, -1e-05], [-2e-05, 0.0025374093608098525, 0.0025374093608098525, -1e-05, 0.02029927488647882, -2e-05, -2e-05, 0.009515285103036947, 0.02791150296890838, -1e-05], [-1e-05, 0.011418342123644336, 0.004440466381417241, 0.017127513185466504, 0.05176315096052098, 0.019030570206073894, 0.009515285103036947, 0.006343523402024631, 0.035269990115256944, 0.02831023872560707], [-1e-05, -1e-05, 0.012052694463846799, 0, 0.027404021096746403, 0.07180868491091881, 0.006343523402024631, 0.01459010382465665, 0.005074818721619705, 0], [-2e-05, -2e-05, 0.017254383653506997, 0, 0, 0.0463077208347798, -1e-05, 0.013321399144251726, 0, 0], [0, 0, 0, 0, 0, 0.053158726108966395, -1e-05, 0.037173047135864334, 0, 0], [0, 0, 0, 0, 0, -2e-05, -2e-05, -2e-05, 0, 0]], "10_medium_pruned": [[0, 0, 0, 0, 0, 0, 0, 0, 0, 0], [0.0009954216075402638, 0.0, 0.0029862648226207916, 0.007465662056551978, 0.0019908432150805276, 0.004977108037701319, 0, 0, 0, 0], [0.0009954216075402638, 0.0029862648226207916, -1e-05, 0.020555456195706444, 0.012442770094253295, -2e-05, 0.009456505271632505, 0, 0, 0], [0.12693922622925002, 0.1254460938179396, -1e-05, -1e-05, -1e-05, -2e-05, 0.005972529645241582, 0.0032351202245058572, 0.003732831028275989, 0], [0.0017419878131954615, 0.1295273224088547, 0.05714431042715071, 0.028867226618667648, -2e-05, -2e-05, -2e-05, -1e-05, -2e-05, 0], [0, 0.004977108037701319, 0.17403688857458363, 0.04573962286647513, 0.012193914692368232, -1e-05, -2e-05, -2e-05, 0.004977108037701319, 0], [0, 0, 0.009008565548239388, -1e-05, 0.01866415514137994, -2e-05, 0.0064702404490117145, 0.005225963439586385, 0, 0], [0, 0, 0.016125830042152275, 0.05179036420945202, -1e-05, -1e-05, 0.030317698103940603, 0.010302613638041731, 0, 0], [0, 0, 0.004977108037701319, 0.010949637682942902, 0.009954216075402639, -1e-05, 0.01692216732818448, 0.005225963439586385, 0, 0], [0, 0, 0, 0.0024885540188506593, 0.005225963439586385, 0.0029862648226207916, -2e-05, 0.003981686430161055, 0, 0]], "6_hard_pruned": [[0.010175010175010171, -2e-05, 0.19780219780219782, -1e-05, -1e-05, 0.16727716727716732], [0.01424501424501424, -2e-05, -1e-05, -2e-05, 0.021978021978021973, 0.004070004070004069], [0.03418803418803418, -1e-05, 0.07977207977207976, 0.1188441188441188, 0.04029304029304028, 0.0], [-2e-05, -1e-05, 0.1127391127391127, -2e-05, 0, 0], [0.01424501424501424, -1e-05, 0.08343508343508341, 0.04802604802604802, 0, 0], [0.01424501424501424, -2e-05, 0.01424501424501424, 0.024420024420024413, -2e-05, 0]], "10_hard_full": [[0, 0, 0, -2e-05, 0.00665218942316502, 0.003991313653899012, 0, 0, 0, 0], [0, 0, 0.0044347929487766795, -1e-05, 0.009756544487308696, -2e-05, 0.006208710128287351, 0.006208710128287351, 0, 0], [0, -2e-05, -2e-05, 0.022896202452684172, 0.22254668228753446, -1e-05, -1e-05, 0.005321751538532016, -2e-05, 0], [0.002660875769266008, 0.002660875769266008, -2e-05, -1e-05, -2e-05, 0.04372705847493805, 0.023504402628516406, 0.005765230833409684, 0, 0], [0.012164003516644607, -1e-05, -1e-05, 0.054928078379848304, 0.09856644099581084, 0.02048874342334826, 0, 0, 0, 0], [0.002660875769266008, -1e-05, -1e-05, 0.05074670217100172, -2e-05, 0, 0, 0, 0, 0], [0.1833431126203486, 0.02663409936665309, -1e-05, 0.015255687743791782, -2e-05, 0, 0, 0, 0, 0], [0.001773917179510672, 0.05392708225712443, -1e-05, 0.04816185142371473, 0.021996573025932335, 0, 0, 0, 0, 0], [0, 0.007539148012920356, -2e-05, 0.010200023782186363, 0.016408733910473716, -2e-05, -2e-05, 0, 0, 0], [0, 0, 0, 0.008869585897553359, -1e-05, 0, 0, 0, 0, 0]], "10_easy_full": [[0, 0, 0, 0.004010210613176627, -1e-05, 0.12245023868465091, -2e-05, 0.001503828979941235, 0.003508934286529548, 0], [0, 0, 0.001503828979941235, 0.001503828979941235, -2e-05, -1e-05, -1e-05, -1e-05, 0.13047065991100418, 0.13047065991100418], [0, 0, 0.004511486939823705, -1e-05, -2e-05, -2e-05, -2e-05, -1e-05, 0.010025526532941566, 0.014035737146118192], [0, 0.004010210613176627, 0.009022973879647409, -2e-05, -2e-05, -1e-05, -1e-05, -2e-05, -1e-05, -1e-05], [-2e-05, 0.0020051053065883134, 0.0020051053065883134, -1e-05, 0.016040842452706507, -2e-05, -2e-05, 0.009524250206294486, 0.02406126367905976, 0.16455745012300552], [-1e-05, 0.00902297387964741, 0.003508934286529548, 0.013534460819471116, 0.040904148254401584, 0.01503828979941235, 0.007519144899706175, 0.005012763266470783, 0.02205615837247145, 0], [-1e-05, -1e-05, 0.009524250206294488, 0, 0.02165513731115378, 0.05674448017644926, 0.005012763266470783, 0.010526802859588645, 0, 0], [-2e-05, -2e-05, 0.013634716084800531, 0, 0, 0.036593171845236715, -1e-05, 0.010526802859588645, 0, 0], [0, 0, 0, 0, 0, 0.0345880665386484, -1e-05, 0.029374792741518788, 0, 0], [0, 0, 0, 0, 0, -2e-05, -2e-05, -2e-05, 0, 0]], "6_easy_pruned": [[0.0, -1e-05, -2e-05, -2e-05, 0.018334206390780518, 0.036668412781561036], [0.0, -2e-05, -1e-05, -1e-05, 0.21948664222105815, 0.4028287061288633], [-1e-05, -2e-05, -2e-05, -2e-05, -1e-05, 0.1026715557883709], [-2e-05, 0.03055701065130086, -1e-05, -1e-05, -2e-05, -1e-05], [-1e-05, 0.04889121704208138, -2e-05, -2e-05, 0.036668412781561036, 0.05500261917234155], [0.0, 0.012222804260520345, 0.018334206390780518, 0.0, 0.0, 0.018334206390780518]], "10_hard_pruned": [[0, 0, 0.006750020769294677, -2e-05, 0.005400016615435742, 0.004050012461576807, 0.004500013846196451, 0, 0, 0], [0, 0, 0.004500013846196451, -1e-05, 0.006750020769294677, -2e-05, 0.006300019384675031, 0.006300019384675031, 0, 0], [0, -2e-05, -2e-05, 0.1706247008232553, -1e-05, -1e-05, -1e-05, 0.14452462051531587, -2e-05, 0], [0.005400016615435742, 0.002700008307717871, -2e-05, -1e-05, -2e-05, 0.07733595224249046, 0.023850073384841197, 0.0058500180000553865, 0, 0], [0.016392907582572787, -1e-05, -1e-05, 0.05573588578074748, 0.09416600402726517, 0.020790063969427605, 0.06057018636980424, 0, 0, 0], [0.008100024923153613, -1e-05, -1e-05, 0.0514930155829051, -2e-05, 0, 0, 0, 0, 0], [-2e-05, 0.027025797442014117, -1e-05, 0.015480047630915796, -2e-05, 0, 0, 0, 0, 0], [0.0058500180000553865, 0.05472016836974885, -1e-05, 0.04887015036969345, 0.022320068677134403, 0, 0, 0, 0, 0], [0, 0.007650023538533967, -2e-05, 0.010350031846251839, 0.01665005123092687, -2e-05, -2e-05, 0, 0, 0], [0, 0, 0, 0.009000027692392902, -1e-05, 0, 0, 0, 0, 0]], "6_easy_full": [[0.0, -1e-05, 0.21659555355939814, -2e-05, 0.007859869750729845, 0.007859869750729845], [0.0, -2e-05, -1e-05, -1e-05, 0.21659555355939814, 0.21659555355939814], [-1e-05, -2e-05, -2e-05, -2e-05, -1e-05, 0.011789804626094767], [-2e-05, 0.01964967437682461, -1e-05, -1e-05, -2e-05, 0.21659555355939814], [-1e-05, 0.03143947900291938, -2e-05, -2e-05, 0.023579609252189535, 0.011789804626094767], [0.0, 0.007859869750729845, 0.011789804626094767, 0.0, 0.0, 0]],