{"10_easy_pruned": [[0, 0, 0, 0.002826798045471066, -1e-05, -2e-05, -2e-05, 0.0042401970682065995, 0.005653596090942132, 0], [0, 0, 0.0015900739005774746, 0.003180147801154949, -2e-05, -1e-05, -1e-05, -1e-05, 0.06218955700036345, 0.07066995113677665], [0, 0, 0.006360295602309898, -1e-05, -2e-05, -2e-05, -2e-05, -1e-05, 0.03886847312522715, 0.07300205952429029], [0, 0.0042401970682065995, 0.015900739005774742, -2e-05, -2e-05, -1e-05, -1e-05, -2e-05, -1e-05, -1e-05], [-2e-05, 0.0042401970682065995, 0.0042401970682065995, -1e-05, 0.033921576545652796, -2e-05, -2e-05, 0.021200985341032996, 0.06218955700036345, -1e-05], [-1e-05, 0.022261034608084644, 0.007420344869361547, 0.019080886806929695, 0.07208335015951217, 0.021200985341032996, 0.010600492670516498, 0.010600492670516496, 0.05893873924807173, 0.03153898962161289], [-1e-05, -1e-05, 0.016784113394984455, 0, 0.02289706416831563, 0.07999838468683117, 0.005300246335258248, 0.01625408876145863, 0.0042401970682065995, 0], [-2e-05, -2e-05, 0.019222226709203247, 0, 0, 0.051589064329846945, -1e-05, 0.014840689738723097, 0, 0], [0, 0, 0, 0, 0, 0.059221419052618816, -1e-05, 0.041412591366151115, 0, 0], [0, 0, 0, 0, 0, -2e-05, -2e-05, -2e-05, 0, 0]], "10_medium_pruned": [[0, 0, 0, 0, 0, 0, 0, 0, 0, 0], [0.0006119429406918016, 0.0, 0.004589572055188512, 0.011473930137971279, 0.0024477717627672062, 0.003059714703459008, 0, 0, 0, 0], [0.0006119429406918016, 0.004589572055188512, -1e-05, 0.050546486901142794, 0.022947860275942557, -2e-05, 0.005813457936572114, 0, 0, 0], [0.008261229699339321, 0.018358288220754047, -1e-05, -1e-05, -1e-05, -2e-05, 0.007343315288301617, 0.002983221835872533, 0.002294786027594256, 0], [0.0010709001462106526, 0.02730795372837164, 0.12295463535850021, 0.0798585537602801, -2e-05, -2e-05, -2e-05, -1e-05, -2e-05, 0], [0, 0.004589572055188512, 0.11164461850821428, 0.11247511249915314, 0.03373335460563556, -1e-05, -2e-05, -2e-05, 0.003059714703459008, 0], [0, 0, 0.008307125419891207, -1e-05, 0.05163268562087075, -2e-05, 0.013921701900738485, 0.006425400877263916, 0, 0], [0, 0, 0.01487021345881078, 0.11143480949997707, -1e-05, -1e-05, 0.05591410069521089, 0.00950041415424022, 0, 0], [0, 0, 0.003059714703459008, 0.016828430869024545, 0.021418002924213055, -1e-05, 0.026007574979401565, 0.003212700438631958, 0, 0], [0, 0, 0, 0.002294786027594256, 0.006425400877263916, 0.0036716576441508096, -2e-05, 0.0024477717627672062, 0, 0]], "6_hard_pruned": [[0.0051535765821480095, -2e-05, 0.07111935683364254, -1e-05, -1e-05, 0.009276437847866418], [0.014430014430014427, -2e-05, -1e-05, -2e-05, 0.027829313543599257, 0.003092145949288806], [0.05194805194805194, -1e-05, 0.1818181818181818, 0.21067821067821066, 0.03061224489795918, 0.0], [-2e-05, -1e-05, 0.19985569985569981, -2e-05, 0, 0], [0.018037518037518036, -1e-05, 0.1056483199340342, 0.036487322201607914, 0, 0], [0.01082251082251082, -2e-05, 0.01082251082251082, 0.012368583797155223, -2e-05, 0]], "10_hard_full": [[0, 0, 0, -2e-05, 0.006003705143745855, 0.002701667314685635, 0, 0, 0, 0], [0, 0, 0.0030018525718729277, -1e-05, 0.01320815131624088, -2e-05, 0.005603458134162798, 0.004202593600622098, 0, 0], [0, -2e-05, -2e-05, 0.0361623173158292, 0.09397799785010177, -1e-05, -1e-05, 0.0036022230862475134, -2e-05, 0], [0.0030018525718729277, 0.004802964114996684, -2e-05, -1e-05, -2e-05, 0.05919653271733412, 0.021213091507902022, 0.0039024083434348058, 0, 0], [0.019211856459986736, -1e-05, -1e-05, 0.12393362761018228, 0.15567607437733005, 0.013868558882052925, 0, 0, 0, 0], [0.004802964114996684, -1e-05, -1e-05, 0.11449923381286736, -2e-05, 0, 0, 0, 0, 0], [0.008405187201244198, 0.060094229581684706, -1e-05, 0.030979118541728613, -2e-05, 0, 0, 0, 0, 0], [0.001600988038332228, 0.07300505454794959, -1e-05, 0.07606694417125996, 0.019852251675319628, 0, 0, 0, 0, 0], [0, 0.005103149372183976, -2e-05, 0.011507101525512889, 0.014809139354573108, -2e-05, -2e-05, 0, 0, 0], [0, 0, 0, 0.006003705143745855, -1e-05, 0, 0, 0, 0, 0]], "10_easy_full": [[0, 0, 0, 0.005773463717388951, -1e-05, 0.05033738678598493, -2e-05, 0.0032475733410312854, 0.005051780752715332, 0], [0, 0, 0.0016237866705156427, 0.0032475733410312854, -2e-05, -1e-05, -1e-05, -1e-05, 0.06350810089127847, 0.03464078230433371], [0, 0, 0.006495146682062571, -1e-05, -2e-05, -2e-05, -2e-05, -1e-05, 0.03608414823368095, 0.030310684516291993], [0, 0.004330097788041714, 0.016237866705156426, -2e-05, -2e-05, -1e-05, -1e-05, -2e-05, -1e-05, -1e-05], [-2e-05, 0.004330097788041714, 0.004330097788041714, -1e-05, 0.03464078230433371, -2e-05, -2e-05, 0.023995958575397824, 0.051961173456500566, 0.10464402987767477], [-1e-05, 0.022733013387218996, 0.007577671129072998, 0.019485440046187713, 0.07361166239670912, 0.02165048894020857, 0.010825244470104285, 0.009021037058420238, 0.03175405044563923, 0], [-1e-05, -1e-05, 0.01713997041099845, 0, 0.02338252805542525, 0.08169451160105365, 0.0054126222350521416, 0.011366506693609498, 0, 0], [-2e-05, -2e-05, 0.019629776639122434, 0, 0, 0.05268285642117417, -1e-05, 0.015155342258145996, 0, 0], [0, 0, 0, 0, 0, 0.0497961245624797, -1e-05, 0.042290621729874064, 0, 0], [0, 0, 0, 0, 0, -2e-05, -2e-05, -2e-05, 0, 0]], "6_easy_pruned": [[0.0, -1e-05, -2e-05, -2e-05, 0.02218934911242604, 0.02218934911242604], [0.0, -2e-05, -1e-05, -1e-05, 0.08875739644970417, 0.3328402366863906], [-1e-05, -2e-05, -2e-05, -2e-05, -1e-05, 0.18639053254437876], [-2e-05, 0.08321005917159766, -1e-05, -1e-05, -2e-05, -1e-05], [-1e-05, 0.08875739644970417, -2e-05, -2e-05, 0.06656804733727813, 0.06656804733727813], [0.0, 0.014792899408284026, 0.016642011834319532, 0.0, 0.0, 0.01109467455621302]], "10_hard_pruned": [[0, 0, 0.0040223104151024345, -2e-05, 0.005363080553469912, 0.003217848332081947, 0.002681540276734956, 0, 0, 0], [0, 0, 0.0035753870356466082, -1e-05, 0.010726161106939825, -2e-05, 0.006256927312381564, 0.0037541563874289386, 0, 0], [0, -2e-05, -2e-05, 0.06355250455861847, -1e-05, -1e-05, -1e-05, 0.004826772498122921, -2e-05, 0], [0.005363080553469912, 0.0042904644427759295, -2e-05, -1e-05, -2e-05, 0.12289116011093913, 0.02368693911115878, 0.0034860023597554435, 0, 0], [0.022793092352247125, -1e-05, -1e-05, 0.12178023628200609, 0.14963505513757575, 0.01651828810468733, 0.036093532124852515, 0, 0, 0], [0.012871393328327789, -1e-05, -1e-05, 0.10228160769831904, -2e-05, 0, 0, 0, 0, 0], [-2e-05, 0.05368188249235122, -1e-05, 0.027673495655904753, -2e-05, 0, 0, 0, 0, 0], [0.004648003146340591, 0.06521505953019413, -1e-05, 0.06795023061246377, 0.01773391969680718, 0, 0, 0, 0, 0], [0, 0.0045586184704494255, -2e-05, 0.010279237727483998, 0.01322893203189245, -2e-05, -2e-05, 0, 0, 0], [0, 0, 0, 0.005363080553469912, -1e-05, 0, 0, 0, 0, 0]], "6_easy_full": [[0.0, -1e-05, 0.2012578616352201, -2e-05, 0.025157232704402514, 0.012578616352201257], [0.0, -2e-05, -1e-05, -1e-05, 0.1320754716981132, 0.07547169811320754], [-1e-05, -2e-05, -2e-05, -2e-05, -1e-05, 0.03773584905660377], [-2e-05, 0.14150943396226415, -1e-05, -1e-05, -2e-05, 0.07547169811320754], [-1e-05, 0.1509433962264151, -2e-05, -2e-05, 0.07547169811320754, 0.018867924528301886], [0.0, 0.025157232704402514, 0.02830188679245283, 0.0, 0.0, 0]],