{"10_easy_pruned": [[0, 0, 0, 0.0014127007969523978, -1e-05, -2e-05, -2e-05, 0.0014127007969523978, 0.0028254015939047955, 0], [0, 0, 0.0034010771686628976, 0.0007946441982857237, -2e-05, -1e-05, -1e-05, -1e-05, 0.040968323111619534, 0.2493416906620982], [0, 0, 0.006293582050422932, -1e-05, -2e-05, -2e-05, -2e-05, -1e-05, 0.0070635039847619895, 0.04569741110598897], [0, 0.008783250975337713, 0.017413723502937392, -2e-05, -2e-05, -1e-05, -1e-05, -2e-05, -1e-05, -1e-05], [-2e-05, 0.007370550178385316, 0.012454182826847024, -1e-05, 0.013434784579017303, -2e-05, -2e-05, 0.008214638904564375, 0.01975950370823021, -1e-05], [-1e-05, 0.009009283102850098, 0.017165323754969455, 0.020825444120787812, 0.06345060289145345, 0.020448844035885958, 0.015379915007963955, 0.012480779081646796, 0.03780043753438593, 0.042173899726094], [-1e-05, -1e-05, 0.01746360049025836, 0, 0.03646342907895075, 0.07613887848011498, 0.016114735652093017, 0.01751657677014408, 0.009302202288503902, 0], [-2e-05, -2e-05, 0.021299083153984124, 0, 0, 0.0329019457141639, -1e-05, 0.012979981414284157, 0, 0], [0, 0, 0, 0, 0, 0.043831576847123147, -1e-05, 0.030611790709373216, 0, 0], [0, 0, 0, 0, 0, -2e-05, -2e-05, -2e-05, 0, 0]], "10_medium_pruned": [[0, 0, 0, 0, 0, 0, 0, 0, 0, 0], [0.003672813515523698, 0.0032147928672839696, 0.008469718042026718, 0.011810465648554615, 0.007088605491578484, 0.009906768070041705, 0, 0, 0, 0], [0.0046298811243699, 0.005736143069569514, -1e-05, 0.021319921788033235, 0.011377026705647815, -2e-05, 0.006993218250260583, 0, 0, 0], [0.08505186251659852, 0.03459080486953901, -1e-05, -1e-05, -1e-05, -2e-05, 0.00438380845538723, 0.0022440924235910824, 0.0031187665868326305, 0], [0.007047110550513886, 0.04440437607736748, 0.08328006261522729, 0.031793048940736916, -2e-05, -2e-05, -2e-05, -1e-05, -2e-05, 0], [0, 0.014466141876688909, 0.22796670918500297, 0.05499499769619583, 0.01098959858034858, -1e-05, -2e-05, -2e-05, 0.0046258338765247905, 0], [0, 0, 0.014164394656299713, -1e-05, 0.016730300129069956, -2e-05, 0.005114443197951769, 0.003914114692310027, 0, 0], [0, 0, 0.025441915784407545, 0.10315636651505516, -1e-05, -1e-05, 0.04461677503927141, 0.014020610851276082, 0, 0], [0, 0, 0.007626335621062429, 0.011832704210398271, 0.012568238252985838, -1e-05, 0.015885703407708906, 0.003914114692310027, 0, 0], [0, 0, 0, 0.0036217329874575245, 0.007212025249549881, 0.00428986970277179, -2e-05, 0.0027137861866682856, 0, 0]], "6_hard_pruned": [[0.00790429965361299, -2e-05, 0.11734844870363902, -1e-05, -1e-05, 0.040775545809263174], [0.01033639185472468, -2e-05, -1e-05, -2e-05, 0.03646925357725399, 0.010032380329585719], [0.032249542586741, -1e-05, 0.10639041532317356, 0.1659995061363796, 0.049237737633090355, 0.021394811081654395], [-2e-05, -1e-05, 0.16052729868387827, -2e-05, 0, 0], [0.01033639185472468, -1e-05, 0.11671390219887193, 0.0674282982613643, 0, 0], [0.01033639185472468, -2e-05, 0.01827869294898004, 0.01824069150833767, -2e-05, 0]], "10_hard_full": [[0, 0, 0, -2e-05, 0.00475812894342547, 0.005777273027693307, 0, 0, 0, 0], [0, 0, 0.0027071014738364453, -1e-05, 0.006528891789840839, -2e-05, 0.005624206425751295, 0.007267381272331348, 0, 0], [0, -2e-05, -2e-05, 0.03351079641726581, 0.16044422255063584, -1e-05, -1e-05, 0.01358512656988262, -2e-05, 0], [0.010009472364910442, 0.0028663427370032952, -2e-05, -1e-05, -2e-05, 0.04946601256665667, 0.022649307337041687, 0.00950351858579759, 0, 0], [0.0367184242756835, -1e-05, -1e-05, 0.08617053337439007, 0.1362161787546541, 0.027808680804493564, 0, 0, 0, 0], [0.011846211976100621, -1e-05, -1e-05, 0.06691312993923619, -2e-05, 0, 0, 0, 0, 0], [0.02126189345803778, 0.05190641213473424, -1e-05, 0.018674006212697603, -2e-05, 0, 0, 0, 0, 0], [0.005501493158461903, 0.05531404517363691, -1e-05, 0.0598638278557524, 0.03478553340140782, 0, 0, 0, 0, 0], [0, 0.006130788631923715, -2e-05, 0.016344089813687724, 0.019204062900164347, -2e-05, -2e-05, 0, 0, 0], [0, 0, 0, 0.01064290607286489, -1e-05, 0, 0, 0, 0, 0]], "10_easy_full": [[0, 0, 0, 0.0035325108556229353, -1e-05, 0.034552371806561843, -2e-05, 0.0009935186781439506, 0.0027597741059554185, 0], [0, 0, 0.004252259942456109, 0.0009935186781439506, -2e-05, -1e-05, -1e-05, -1e-05, 0.05122140740653257, 0.052987662834344036], [0, 0, 0.007868667930900089, -1e-05, -2e-05, -2e-05, -2e-05, -1e-05, 0.00883127713905734, 0.012363787994680277], [0, 0.010981422777199257, 0.021771831460577627, -2e-05, -2e-05, -1e-05, -1e-05, -2e-05, -1e-05, -1e-05], [-2e-05, 0.009215167349387791, 0.015571073552396491, -1e-05, 0.016797089118487058, -2e-05, -2e-05, 0.012036760395316612, 0.026470942188668748, 0.11885105739221505], [-1e-05, 0.011264023645649095, 0.0214612650589292, 0.026037398573199318, 0.07933029555636045, 0.025566547317571, 0.019229024589423188, 0.015604326014277234, 0.031095107036766594, 0], [-1e-05, -1e-05, 0.02183419109098811, 0, 0.04558907991434043, 0.09519404793505776, 0.020147747757103686, 0.017604069595836633, 0, 0], [-2e-05, -2e-05, 0.026629574577496245, 0, 0, 0.04113626914387479, -1e-05, 0.01622846300881918, 0, 0], [0, 0, 0, 0, 0, 0.03572350729328827, -1e-05, 0.038272960284371514, 0, 0], [0, 0, 0, 0, 0, -2e-05, -2e-05, -2e-05, 0, 0]], "6_easy_pruned": [[0.0, -1e-05, -2e-05, -2e-05, 0.013975615877820795, 0.02795123175564159], [0.0, -2e-05, -1e-05, -1e-05, 0.05590246351128318, 0.5310734033571902], [-1e-05, -2e-05, -2e-05, -2e-05, -1e-05, 0.09168004015850442], [-2e-05, 0.020187000712407813, -1e-05, -1e-05, -2e-05, -1e-05], [-1e-05, 0.03416261659022861, -2e-05, -2e-05, 0.02795123175564159, 0.04192684763346238], [0.009705288804042218, 0.025621962442671457, 0.04309148228994745, 0.029115866412126653, 0.019410577608084435, 0.02824437109094735]], "10_hard_pruned": [[0, 0, 0.004741874331152109, -2e-05, 0.003820595889671129, 0.00546143494394281, 0.005223404219499878, 0, 0, 0], [0, 0, 0.0025591067818916146, -1e-05, 0.004290267251994766, -2e-05, 0.005316736349192396, 0.006870080372073595, 0, 0], [0, -2e-05, -2e-05, 0.12517042877311044, -1e-05, -1e-05, -1e-05, 0.02410678588541901, -2e-05, 0], [0.007440774436520949, 0.0027096424749440628, -2e-05, -1e-05, -2e-05, 0.10850358257007345, 0.02141109100325981, 0.00898397016137009, 0, 0], [0.029899051055094134, -1e-05, -1e-05, 0.08145967134549403, 0.12417802971527026, 0.02628840637487615, 0.07001769381738877, 0, 0, 0], [0.007107440311940553, -1e-05, -1e-05, 0.06325505204739135, -2e-05, 0, 0, 0, 0, 0], [-2e-05, 0.04906873739365597, -1e-05, 0.01765311585319902, -2e-05, 0, 0, 0, 0, 0], [0.0032365174006276304, 0.0522900783386983, -1e-05, 0.05659112867998234, 0.03288384100101832, 0, 0, 0, 0, 0], [0, 0.005795624182519245, -2e-05, 0.015450573792780154, 0.01815419484000212, -2e-05, -2e-05, 0, 0, 0], [0, 0, 0, 0.010061068405945364, -1e-05, 0, 0, 0, 0, 0]], "6_easy_full": [[0.0, -1e-05, 0.09467455621301776, -2e-05, 0.009467455621301775, 0.0242603550295858], [0.0, -2e-05, -1e-05, -1e-05, 0.08520710059171598, 0.15739644970414202], [-1e-05, -2e-05, -2e-05, -2e-05, -1e-05, 0.06568047337278106], [-2e-05, 0.03076923076923077, -1e-05, -1e-05, -2e-05, 0.19349112426035506], [-1e-05, 0.05207100591715977, -2e-05, -2e-05, 0.04260355029585799, 0.05088757396449704], [0.014792899408284023, 0.03905325443786982, 0.06568047337278106, 0.04437869822485207, 0.029585798816568046, 0]],