{"10_easy_pruned": [[0, 0, 0, 0.0019418801667883013, -1e-05, -2e-05, -2e-05, 0.002912820250182452, 0.0038837603335766025, 0], [0, 0, 0.0010923075938184194, 0.002184615187636839, -2e-05, -1e-05, -1e-05, -1e-05, 0.2527132973978806, 0.15160109086718823], [0, 0, 0.004369230375273678, -1e-05, -2e-05, -2e-05, -2e-05, -1e-05, 0.02670085229333914, 0.050149055307307885], [0, 0.002912820250182452, 0.010923075938184193, -2e-05, -2e-05, -1e-05, -1e-05, -2e-05, -1e-05, -1e-05], [-2e-05, 0.002912820250182452, 0.002912820250182452, -1e-05, 0.023302562001459616, -2e-05, -2e-05, 0.01456410125091226, 0.04272136366934263, -1e-05], [-1e-05, 0.015292306313457873, 0.0050974354378192895, 0.013107691125821034, 0.04951794425310167, 0.01456410125091226, 0.00728205062545613, 0.007282050625456129, 0.04048820147753608, 0.021665834432309475], [-1e-05, -1e-05, 0.011529913490305538, 0, 0.015729229350985238, 0.05495520872010892, 0.0036410253127280644, 0.011165810959032733, 0.002912820250182452, 0], [-2e-05, -2e-05, 0.013204785134160449, 0, 0, 0.03543931304388649, -1e-05, 0.010194870875638582, 0, 0], [0, 0, 0, 0, 0, 0.0406823894942149, -1e-05, 0.02844854444344861, 0, 0], [0, 0, 0, 0, 0, -2e-05, -2e-05, -2e-05, 0, 0]], "10_medium_pruned": [[0, 0, 0, 0, 0, 0, 0, 0, 0, 0], [0.0003765099964438423, 0.0, 0.0028238249733288177, 0.007059562433322044, 0.0015060399857753691, 0.0018825499822192116, 0, 0, 0, 0], [0.0003765099964438423, 0.0028238249733288177, -1e-05, 0.03109972570626137, 0.014119124866644087, -2e-05, 0.0035768449662165022, 0, 0, 0], [0.04801371323881555, 0.11862237061037448, -1e-05, -1e-05, -1e-05, -2e-05, 0.004518119957326107, 0.0018354862326637315, 0.0014119124866644088, 0], [0.000658892493776724, 0.12248159807392385, 0.07565027103547901, 0.04913455453592142, -2e-05, -2e-05, -2e-05, -1e-05, -2e-05, 0], [0, 0.0028238249733288177, 0.19748404435453262, 0.06920253734637823, 0.020755113553966812, -1e-05, -2e-05, -2e-05, 0.0018825499822192116, 0], [0, 0, 0.00511112320172516, -1e-05, 0.03176803094994919, -2e-05, 0.008565602419097413, 0.003953354962660345, 0, 0], [0, 0, 0.00914919291358537, 0.06856247035242369, -1e-05, -1e-05, 0.03440225624649736, 0.005845317694790653, 0, 0], [0, 0, 0.0018825499822192116, 0.010354024902205666, 0.013177849875534482, -1e-05, 0.0160016748488633, 0.0019766774813301724, 0, 0], [0, 0, 0, 0.0014119124866644088, 0.003953354962660345, 0.002259059978663054, -2e-05, 0.0015060399857753691, 0, 0]], "6_hard_pruned": [[0.003825262030449085, -2e-05, 0.22308928161579075, -1e-05, -1e-05, 0.09433096167087447], [0.010710733685257438, -2e-05, -1e-05, -2e-05, 0.020656414964425062, 0.002295157218269451], [0.03855864126692678, -1e-05, 0.13495524443424373, 0.1563767118047586, 0.022722056460867567, 0.0], [-2e-05, -1e-05, 0.14834366154081552, -2e-05, 0, 0], [0.013388417106571798, -1e-05, 0.07841787162420624, 0.027082855175579526, 0, 0], [0.008033050263943077, -2e-05, 0.008033050263943077, 0.009180628873077802, -2e-05, 0]], "10_hard_full": [[0, 0, 0, -2e-05, 0.003778545666838569, 0.001700345550077356, 0, 0, 0, 0], [0, 0, 0.0018892728334192845, -1e-05, 0.008312800467044851, -2e-05, 0.003526642622382664, 0.002644981966786998, 0, 0], [0, -2e-05, -2e-05, 0.022759440066590978, 0.25281986081111113, -1e-05, -1e-05, 0.0022671274001031414, -2e-05, 0], [0.0018892728334192845, 0.0030228365334708553, -2e-05, -1e-05, -2e-05, 0.03725646027502828, 0.013350861356162943, 0.0024560546834450697, 0, 0], [0.012091346133883421, -1e-05, -1e-05, 0.07799997840831045, 0.0979776891411241, 0.008728440490397095, 0, 0, 0, 0], [0.0030228365334708553, -1e-05, -1e-05, 0.07206226378899269, -2e-05, 0, 0, 0, 0, 0], [0.18224797723239383, 0.03782144281759368, -1e-05, 0.019497295640887015, -2e-05, 0, 0, 0, 0, 0], [0.0010076121778236184, 0.045947115308756996, -1e-05, 0.04787417359884466, 0.012494391005012869, 0, 0, 0, 0, 0], [0, 0.003211763816812783, -2e-05, 0.007242212528107256, 0.00932041264486847, -2e-05, -2e-05, 0, 0, 0], [0, 0, 0, 0.003778545666838569, -1e-05, 0, 0, 0, 0, 0]], "10_easy_full": [[0, 0, 0, 0.0028821558525777276, -1e-05, 0.1980124209832031, -2e-05, 0.0016212126670749718, 0.0025218863710055116, 0], [0, 0, 0.0008106063335374859, 0.0016212126670749718, -2e-05, -1e-05, -1e-05, -1e-05, 0.18753966428426921, 0.09376983214213461], [0, 0, 0.0032424253341499436, -1e-05, -2e-05, -2e-05, -2e-05, -1e-05, 0.0180134740786108, 0.01513131822603307], [0, 0.002161616889433296, 0.008106063335374858, -2e-05, -2e-05, -1e-05, -1e-05, -2e-05, -1e-05, -1e-05], [-2e-05, 0.002161616889433296, 0.002161616889433296, -1e-05, 0.017292935115466368, -2e-05, -2e-05, 0.011978960262276179, 0.02593940267319955, 0.14783519611130663], [-1e-05, 0.011348488669524802, 0.0037828295565082676, 0.009727276002449832, 0.036747487120366025, 0.01080808444716648, 0.00540404222358324, 0.0045033685196527, 0.015851857189177504, 0], [-1e-05, -1e-05, 0.00855640018734013, 0, 0.011672731202939796, 0.04078250531397484, 0.0027020211117916196, 0.005674244334762401, 0, 0], [-2e-05, -2e-05, 0.009799329898764274, 0, 0, 0.02629967215477176, -1e-05, 0.007565659113016535, 0, 0], [0, 0, 0, 0, 0, 0.024858594228482897, -1e-05, 0.021111791620131853, 0, 0], [0, 0, 0, 0, 0, -2e-05, -2e-05, -2e-05, 0, 0]], "6_easy_pruned": [[0.0, -1e-05, -2e-05, -2e-05, 0.01290758781769569, 0.01290758781769569], [0.0, -2e-05, -1e-05, -1e-05, 0.3090445311779711, 0.354497679707428], [-1e-05, -2e-05, -2e-05, -2e-05, -1e-05, 0.10842373766864381], [-2e-05, 0.048403454316358833, -1e-05, -1e-05, -2e-05, -1e-05], [-1e-05, 0.05163035127078276, -2e-05, -2e-05, 0.038722763453087075, 0.038722763453087075], [0.0, 0.00860505854513046, 0.009680690863271769, 0.0, 0.0, 0.006453793908847845]], "10_hard_pruned": [[0, 0, 0.003040832702518344, -2e-05, 0.004054443603357791, 0.0024326661620146747, 0.0020272218016788956, 0, 0, 0], [0, 0, 0.0027029624022385274, -1e-05, 0.008108887206715583, -2e-05, 0.004730184203917423, 0.002838110522350454, 0, 0], [0, -2e-05, -2e-05, 0.2305953660828415, -1e-05, -1e-05, -1e-05, 0.06510723557787625, -2e-05, 0], [0.004054443603357791, 0.003243554882686233, -2e-05, -1e-05, -2e-05, 0.09290467913979854, 0.017907125914830246, 0.0026353883421825646, 0, 0], [0.01723138531427061, -1e-05, -1e-05, 0.09206483010767443, 0.11312283790854272, 0.012487686298341998, 0.02728640545059794, 0, 0, 0], [0.009730664648058699, -1e-05, -1e-05, 0.07732403157832358, -2e-05, 0, 0, 0, 0, 0], [-2e-05, 0.04058304978218132, -1e-05, 0.020920928993326208, -2e-05, 0, 0, 0, 0, 0], [0.003513851122910086, 0.04930203421683075, -1e-05, 0.0513698004545432, 0.013406693515103098, 0, 0, 0, 0, 0], [0, 0.0034462770628541227, -2e-05, 0.007771016906435767, 0.010000960888282551, -2e-05, -2e-05, 0, 0, 0], [0, 0, 0, 0.004054443603357791, -1e-05, 0, 0, 0, 0, 0]], "6_easy_full": [[0.0, -1e-05, 0.307980920829425, -2e-05, 0.005588041590995269, 0.0027940207954976347], [0.0, -2e-05, -1e-05, -1e-05, 0.26948330572574686, 0.1539904604147125], [-1e-05, -2e-05, -2e-05, -2e-05, -1e-05, 0.008382062386492905], [-2e-05, 0.031432733949348396, -1e-05, -1e-05, -2e-05, 0.1539904604147125], [-1e-05, 0.03352824954597162, -2e-05, -2e-05, 0.01676412477298581, 0.004191031193246452], [0.0, 0.005588041590995269, 0.006286546789869679, 0.0, 0.0, 0]],