{"10_easy_pruned": [[0, 0, 0, 0.0016198929980570185, -1e-05, -2e-05, -2e-05, 0.0016198929980570185, 0.003239785996114037, 0], [0, 0, 0.0055886308432967135, 0.0012149197485427639, -2e-05, -1e-05, -1e-05, -1e-05, 0.017818822978627205, 0.04049732495142547], [0, 0, 0.010205325887759216, -1e-05, -2e-05, -2e-05, -2e-05, -1e-05, 0.008099464990285092, 0.02390499238561286], [0, 0.014671602296687854, 0.026076717064326668, -2e-05, -2e-05, -1e-05, -1e-05, -2e-05, -1e-05, -1e-05], [-2e-05, 0.013051709298630837, 0.023962845706972047, -1e-05, 0.017656833678821506, -2e-05, -2e-05, 0.012160768149699476, 0.026681951810853463, -1e-05], [-1e-05, 0.01337568789824224, 0.03547565665744871, 0.03595005389259399, 0.08594600416009879, 0.03547565665744871, 0.0273414796743481, 0.02351158980037044, 0.044682345213438716, 0.027951164676364076], [-1e-05, -1e-05, 0.027187500834422906, 0, 0.056806621268127015, 0.09098102322054304, 0.03218958800424734, 0.02629655968549155, 0.016060082009308155, 0], [-2e-05, -2e-05, 0.02799744733345142, 0, 0, 0.04718516890054658, -1e-05, 0.02196112078794444, 0, 0], [0, 0, 0, 0, 0, 0.045737055764371426, -1e-05, 0.029816711777423146, 0, 0], [0, 0, 0, 0, 0, -2e-05, -2e-05, -2e-05, 0, 0]], "10_medium_pruned": [[0, 0, 0, 0, 0, 0, 0, 0, 0, 0], [0.008176935026750633, 0.007526595549543529, 0.013601099774082075, 0.021903433592335198, 0.016067720683530136, 0.01970962175588991, 0, 0, 0, 0], [0.010578855495902194, 0.011680097010639556, -1e-05, 0.02506841904807643, 0.01517458780149905, -2e-05, 0.011532686729139279, 0, 0, 0], [0.031161599688370668, 0.03448533467803527, -1e-05, -1e-05, -1e-05, -2e-05, 0.007283802144719544, 0.003945392828389753, 0.006191231823011613, 0], [0.01653596510711925, 0.045581126681461054, 0.08125508181937639, 0.0352050436994778, -2e-05, -2e-05, -2e-05, -1e-05, -2e-05, 0], [0, 0.03551720664853722, 0.09103485352687436, 0.0678667597819395, 0.01807076627332802, -1e-05, -2e-05, -2e-05, 0.008749233766692881, 0], [0, 0, 0.023315504026435136, -1e-05, 0.025961551930107518, -2e-05, 0.007890785656779507, 0.006373326876629602, 0, 0], [0, 0, 0.03375295237447282, 0.07732436331765181, -1e-05, -1e-05, 0.036973967077481115, 0.01692483476374668, 0, 0], [0, 0, 0.015113889450293056, 0.02051604270762672, 0.02378508247972108, -1e-05, 0.025397924383194704, 0.006373326876629602, 0, 0], [0, 0, 0, 0.007353171688954969, 0.014897109624557354, 0.00928684773451742, -2e-05, 0.004855868096479697, 0, 0]], "6_hard_pruned": [[0.010076291924571757, -2e-05, 0.04635094285303009, -1e-05, -1e-05, 0.03980135310205844], [0.01410680869440046, -2e-05, -1e-05, -2e-05, 0.04429250035986757, 0.018137325464229165], [0.033856340866561106, -1e-05, 0.10843529581114149, 0.15403771412120343, 0.06242982582409674, 0.0458471282568015], [-2e-05, -1e-05, 0.14799193896646037, -2e-05, 0, 0], [0.01410680869440046, -1e-05, 0.11551748956384052, 0.07699726500647762, 0, 0], [0.01410680869440046, -2e-05, 0.029725061177486682, 0.024183100618972216, -2e-05, 0]], "10_hard_full": [[0, 0, 0, -2e-05, 0.00889000415671386, 0.011679025068624093, 0, 0, 0, 0], [0, 0, 0.004357845174859735, -1e-05, 0.009587259384691418, -2e-05, 0.009948337984894083, 0.013795692724984536, 0, 0], [0, -2e-05, -2e-05, 0.02249893208849012, 0.056464264711797996, -1e-05, -1e-05, 0.025469928952757136, -2e-05, 0], [0.01685480426091904, 0.0026147071049158416, -2e-05, -1e-05, -2e-05, 0.07314571293389294, 0.04016688152599288, 0.018825891155394056, 0, 0], [0.03613563529720505, -1e-05, -1e-05, 0.06489166684225751, 0.12305980112901713, 0.04923981940323382, 0, 0, 0, 0], [0.02076345616390862, -1e-05, -1e-05, 0.062675391296186, -2e-05, 0, 0, 0, 0, 0], [0.021614912067304287, 0.026171973021586185, -1e-05, 0.022111035979519095, -2e-05, 0, 0, 0, 0, 0], [0.011044024771715958, 0.05299139732629439, -1e-05, 0.06755330458751801, 0.048977390924571956, 0, 0, 0, 0, 0], [0, 0.007408336797261551, -2e-05, 0.025657651514135713, 0.02565765151413571, -2e-05, -2e-05, 0, 0, 0], [0, 0, 0, 0.01974726413522155, -1e-05, 0, 0, 0, 0, 0]], "10_easy_full": [[0, 0, 0, 0.003321607329436833, -1e-05, 0.012871228401567729, -2e-05, 0.0012456027485388125, 0.0029064064132572286, 0], [0, 0, 0.0057297726432785365, 0.0012456027485388125, -2e-05, -1e-05, -1e-05, -1e-05, 0.01826884031190258, 0.019929643976621], [0, 0, 0.010463063087726023, -1e-05, -2e-05, -2e-05, -2e-05, -1e-05, 0.008304018323592082, 0.011625625653028914], [0, 0.015042136049021087, 0.026735288884022074, -2e-05, -2e-05, -1e-05, -1e-05, -2e-05, -1e-05, -1e-05], [-2e-05, 0.013381332384302672, 0.024568031354513152, -1e-05, 0.018102759945430744, -2e-05, -2e-05, 0.014128694033425957, 0.029016612599294618, 0.05348974088725244], [-1e-05, 0.013713493117246353, 0.036371600257333325, 0.03685797847342944, 0.08811658476714526, 0.036371600257333325, 0.02803199328378298, 0.024105378905055874, 0.0392424180206323, 0], [-1e-05, -1e-05, 0.027874125682686126, 0, 0.058241281921422104, 0.09327876407006397, 0.03300254139461883, 0.024378225221402473, 0, 0], [-2e-05, -2e-05, 0.02870452751504534, 0, 0, 0.048376838176583586, -1e-05, 0.022515752540253963, 0, 0], [0, 0, 0, 0, 0, 0.03987115083656141, -1e-05, 0.030569737784652176, 0, 0], [0, 0, 0, 0, 0, -2e-05, -2e-05, -2e-05, 0, 0]], "6_easy_pruned": [[0.0, -1e-05, -2e-05, -2e-05, 0.020337013364323066, 0.04067402672864613], [0.0, -2e-05, -1e-05, -1e-05, 0.04067402672864613, 0.2440441603718768], [-1e-05, -2e-05, -2e-05, -2e-05, -1e-05, 0.11388727484020916], [-2e-05, 0.03389502227387177, -1e-05, -1e-05, -2e-05, -1e-05], [-1e-05, 0.054232035638194835, -2e-05, -2e-05, 0.04067402672864613, 0.0610110400929692], [0.02372651559171024, 0.0610110400929692, 0.09151656013945379, 0.07117954677513073, 0.04745303118342048, 0.0556846794499322]], "10_hard_pruned": [[0, 0, 0.0062840038265670195, -2e-05, 0.0072894444388177425, 0.011227420170133076, 0.010150162371293014, 0, 0, 0], [0, 0, 0.004189335884378012, -1e-05, 0.0062840038265670195, -2e-05, 0.009563655347480092, 0.013262240456830967, 0, 0], [0, -2e-05, -2e-05, 0.033095753486586305, -1e-05, -1e-05, -1e-05, 0.02957671134370877, -2e-05, 0], [0.011871933383114309, 0.002513601530626808, -2e-05, -1e-05, -2e-05, 0.09724599504093115, 0.03861370732286706, 0.018097931020513016, 0, 0], [0.024426130038827317, -1e-05, -1e-05, 0.06238243388445352, 0.11285518432617525, 0.04733581256082594, 0.09225377983981083, 0, 0, 0], [0.01096316975281077, -1e-05, -1e-05, 0.06025185734896986, -2e-05, 0, 0, 0, 0, 0], [-2e-05, 0.025159954368464525, -1e-05, 0.021256045764121063, -2e-05, 0, 0, 0, 0, 0], [0.005446136649691417, 0.05094232435403664, -1e-05, 0.06494115133998904, 0.04708353167460187, 0, 0, 0, 0, 0], [0, 0.007121871003442621, -2e-05, 0.024665520660791786, 0.02466552066079178, -2e-05, -2e-05, 0, 0, 0], [0, 0, 0, 0.018983676321781513, -1e-05, 0, 0, 0, 0, 0]], "6_easy_full": [[0.0, -1e-05, 0.05263157894736841, -2e-05, 0.013157894736842103, 0.03618421052631578], [0.0, -2e-05, -1e-05, -1e-05, 0.039473684210526314, 0.12499999999999999], [-1e-05, -2e-05, -2e-05, -2e-05, -1e-05, 0.08881578947368421], [-2e-05, 0.032894736842105254, -1e-05, -1e-05, -2e-05, 0.16776315789473684], [-1e-05, 0.05263157894736841, -2e-05, -2e-05, 0.039473684210526314, 0.06578947368421051], [0.02302631578947368, 0.05921052631578947, 0.08881578947368421, 0.06907894736842105, 0.04605263157894736, 0]],