{"10_easy_pruned": [[0, 0, 0, 0.00665083135391924, -1e-05, -2e-05, -2e-05, 0.00665083135391924, 0.01330166270783848, 0], [0, 0, 0.0, 0.0, -2e-05, -1e-05, -1e-05, -1e-05, 0.038242280285035624, 0.05653206650831354], [0, 0, 0.0, -1e-05, -2e-05, -2e-05, -2e-05, -1e-05, 0.03325415676959619, 0.04541567695961995], [0, 0.01330166270783848, 0.029928741092636574, -2e-05, -2e-05, -1e-05, -1e-05, -2e-05, -1e-05, -1e-05], [-2e-05, 0.00665083135391924, 0.00665083135391924, -1e-05, 0.023277909738717337, -2e-05, -2e-05, 0.019952494061757718, 0.048218527315914486, -1e-05], [-1e-05, 0.014964370546318289, 0.00665083135391924, 0.02494061757719715, 0.07581947743467934, 0.019952494061757718, 0.019952494061757718, 0.00665083135391924, 0.04755344418052257, 0.0414251781472684], [-1e-05, -1e-05, 0.016627078384798096, 0, 0.04688836104513063, 0.07847980997624707, 0.00665083135391924, 0.023277909738717337, 0.01330166270783848, 0], [-2e-05, -2e-05, 0.02527315914489311, 0, 0, 0.05653206650831353, -1e-05, 0.019952494061757718, 0, 0], [0, 0, 0, 0, 0, 0.0595249406175772, -1e-05, 0.04755344418052257, 0, 0], [0, 0, 0, 0, 0, -2e-05, -2e-05, -2e-05, 0, 0]], "10_medium_pruned": [[0, 0, 0, 0, 0, 0, 0, 0, 0, 0], [0.003996745507229827, 0.0, 0.011990236521689481, 0.02398047304337896, 0.007993491014459654, 0.013988609275304393, 0, 0, 0, 0], [0.003996745507229827, 0.00899267739126711, -1e-05, 0.03756940776796038, 0.03497152318826099, -2e-05, 0.019983727536149132, 0, 0, 0], [0.02098291391295659, 0.023980473043378962, -1e-05, -1e-05, -1e-05, -2e-05, 0.011990236521689481, 0.003996745507229827, 0.0, 0], [0.003996745507229827, 0.03537119773898398, 0.08384601110524288, 0.05595443710121758, -2e-05, -2e-05, -2e-05, -1e-05, -2e-05, 0], [0, 0.013988609275304395, 0.06727379134133633, 0.07873588649242759, 0.021982100289764044, -1e-05, -2e-05, -2e-05, 0.007993491014459654, 0], [0, 0, 0.024180310318740454, -1e-05, 0.03597070956506845, -2e-05, 0.019983727536149132, 0.011990236521689481, 0, 0], [0, 0, 0.031774126782477125, 0.06620323450904263, -1e-05, -1e-05, 0.05407025707638066, 0.023380961217294487, 0, 0], [0, 0, 0.013988609275304393, 0.025978845796993874, 0.024979659420186415, -1e-05, 0.04096664144910572, 0.011990236521689481, 0, 0], [0, 0, 0, 0.003996745507229827, 0.00899267739126711, 0.0, -2e-05, 0.003996745507229827, 0, 0]], "6_hard_pruned": [[0.022421524663677132, -2e-05, 0.05829596412556055, -1e-05, -1e-05, 0.026905829596412564], [0.03139013452914799, -2e-05, -1e-05, -2e-05, 0.032286995515695076, 0.008968609865470854], [0.05919282511210764, -1e-05, 0.11121076233183858, 0.13273542600896862, 0.07264573991031391, 0.0], [-2e-05, -1e-05, 0.11928251121076235, -2e-05, 0, 0], [0.03139013452914799, -1e-05, 0.10313901345291482, 0.073542600896861, 0, 0], [0.03139013452914799, -2e-05, 0.03139013452914799, 0.05381165919282512, -2e-05, 0]], "10_hard_full": [[0, 0, 0, -2e-05, 0.0, 0.0, 0, 0, 0, 0], [0, 0, 0.005684817476753156, -1e-05, 0.018475656799447758, -2e-05, 0.011369634953506312, 0.011369634953506312, 0, 0], [0, -2e-05, -2e-05, 0.03256588297397165, 0.06878629146871319, -1e-05, -1e-05, 0.008527226215129734, -2e-05, 0], [0.008527226215129734, 0.008527226215129734, -2e-05, -1e-05, -2e-05, 0.06338571486579771, 0.036951313598895516, 0.005684817476753156, 0, 0], [0.019490802777439392, -1e-05, -1e-05, 0.08161773663052746, 0.12766475819222803, 0.02302351078085028, 0, 0, 0, 0], [0.008527226215129734, -1e-05, -1e-05, 0.07065416006821783, -2e-05, 0, 0, 0, 0, 0], [0.017054452430259468, 0.03784464205952816, -1e-05, 0.023307751654687937, -2e-05, 0, 0, 0, 0, 0], [0.005684817476753156, 0.07049173671173915, -1e-05, 0.06907053234255088, 0.04491005806634993, 0, 0, 0, 0, 0], [0, 0.019896861168636044, -2e-05, 0.02842408738376578, 0.04832094855240182, -2e-05, -2e-05, 0, 0, 0], [0, 0, 0, 0.02416047427620091, -1e-05, 0, 0, 0, 0, 0]], "10_easy_full": [[0, 0, 0, 0.012991230919129584, -1e-05, 0.028418317635595967, -2e-05, 0.0, 0.006495615459564792, 0], [0, 0, 0.0, 0.0, -2e-05, -1e-05, -1e-05, -1e-05, 0.03734978889249756, 0.04384540435206235], [0, 0, 0.0, -1e-05, -2e-05, -2e-05, -2e-05, -1e-05, 0.03247807729782396, 0.030854173432932758], [0, 0.012991230919129584, 0.02923026956804156, -2e-05, -2e-05, -1e-05, -1e-05, -2e-05, -1e-05, -1e-05], [-2e-05, 0.006495615459564792, 0.006495615459564792, -1e-05, 0.02273465410847677, -2e-05, -2e-05, 0.02598246183825917, 0.05358882754140953, 0.07875933744722313], [-1e-05, 0.014615134784020782, 0.006495615459564792, 0.024358557973367972, 0.07405001623903865, 0.019486846378694377, 0.019486846378694377, 0.006495615459564792, 0.042221500487171146, 0], [-1e-05, -1e-05, 0.01623903864891198, 0, 0.04579408898993178, 0.07664826242286459, 0.006495615459564792, 0.019486846378694377, 0, 0], [-2e-05, -2e-05, 0.02468333874634621, 0, 0, 0.05521273140630073, -1e-05, 0.019486846378694377, 0, 0], [0, 0, 0, 0, 0, 0.05358882754140954, -1e-05, 0.046443650535888274, 0, 0], [0, 0, 0, 0, 0, -2e-05, -2e-05, -2e-05, 0, 0]], "6_easy_pruned": [[0.0, -1e-05, -2e-05, -2e-05, 0.03740648379052369, 0.07481296758104738], [0.0, -2e-05, -1e-05, -1e-05, 0.07481296758104738, 0.199501246882793], [-1e-05, -2e-05, -2e-05, -2e-05, -1e-05, 0.16458852867830426], [-2e-05, 0.06234413965087281, -1e-05, -1e-05, -2e-05, -1e-05], [-1e-05, 0.0997506234413965, -2e-05, -2e-05, 0.07481296758104738, 0.11221945137157106], [0.0, 0.024937655860349125, 0.03740648379052369, 0.0, 0.0, 0.03740648379052369]], "10_hard_pruned": [[0, 0, 0.008318973201022045, -2e-05, 0.0, 0.0, 0.005545982134014696, 0, 0, 0], [0, 0, 0.005545982134014696, -1e-05, 0.012478459801533066, -2e-05, 0.011091964268029391, 0.011091964268029391, 0, 0], [0, -2e-05, -2e-05, 0.036742131637847356, -1e-05, -1e-05, -1e-05, 0.01663794640204409, -2e-05, 0], [0.008318973201022045, 0.008318973201022045, -2e-05, -1e-05, -2e-05, 0.08378394438172201, 0.036048883871095526, 0.005545982134014696, 0, 0], [0.019014795888050388, -1e-05, -1e-05, 0.079624457781211, 0.11068195773169329, 0.022461227642759516, 0.07847564719630798, 0, 0, 0], [0.008318973201022045, -1e-05, -1e-05, 0.06892863509418268, -2e-05, 0, 0, 0, 0, 0], [-2e-05, 0.036920395349297835, -1e-05, 0.022738526749460253, -2e-05, 0, 0, 0, 0, 0], [0.005545982134014696, 0.06877017846178224, -1e-05, 0.0673836829282786, 0.04381325885871609, 0, 0, 0, 0, 0], [0, 0.019410937469051436, -2e-05, 0.02772991067007348, 0.04714084813912491, -2e-05, -2e-05, 0, 0, 0], [0, 0, 0, 0.023570424069562456, -1e-05, 0, 0, 0, 0, 0]], "6_easy_full": [[0.0, -1e-05, 0.13333333333333333, -2e-05, 0.03333333333333333, 0.03333333333333333], [0.0, -2e-05, -1e-05, -1e-05, 0.1, 0.1], [-1e-05, -2e-05, -2e-05, -2e-05, -1e-05, 0.05], [-2e-05, 0.08333333333333333, -1e-05, -1e-05, -2e-05, 0.1], [-1e-05, 0.13333333333333333, -2e-05, -2e-05, 0.1, 0.05], [0.0, 0.03333333333333333, 0.05, 0.0, 0.0, 0]], "10_medium_full": [[0, 0, 0, 0, 0, 0, 0, 0, 0, 0], [0, 0.0, 0.008705114254624592, 0.01958650707290533, 0.0, 0.013057671381936888, 0, 0, 0, 0], [0, 0.004352557127312296, -1e-05, 0.023068552774755165, 0.029379760609358, -2e-05, 0.008705114254624592, 0, 0, 0], [0, 0.028073993471164314, 0.04626146432457641, -1e-05, -1e-05, 0.04452044147365148, 0.03046789989118607, 0.0176278563656148, 0.004352557127312296, 0], [0, 0.023939064200217627, 0.06855277475516867, 0.049619151251360176, -2e-05, -2e-05, -2e-05, -1e-05, -2e-05, 0], [0, 0.015233949945593038, 0.054189336235038105, 0.07268770402611534, 0.01632208922742111, -1e-05, -2e-05, -2e-05, 0.008705114254624592, 0], [0, 0, 0.009793253536452667, -1e-05, 0.039173014145810675, -2e-05, 0.02176278563656148, 0.013057671381936888, 0, 0], [0, 0, 0.025462459194776934, 0.07209699984455153, -1e-05, -1e-05, 0.058883879993782064, 0.025462459194776934, 0, 0], [0, 0, 0.015233949945593035, 0.028291621327529923, 0.027203482045701846, -1e-05, 0.04461371055495104, 0.013057671381936888, 0, 0], [0, 0, 0, 0.004352557127312296, 0.009793253536452667, 0.0, -2e-05, 0.004352557127312296, 0, 0]],