{"10_easy_pruned": [[0, 0, 0, 0.0009658622052582811, -1e-05, -2e-05, -2e-05, 0.0014487933078874216, 0.0019317244105165623, 0], [0, 0, 0.00040747311784333735, 0.0008149462356866747, -2e-05, -1e-05, -1e-05, -1e-05, 0.32352672287323087, 0.30326217450695364], [0, 0, 0.0016298924713733494, -1e-05, -2e-05, -2e-05, -2e-05, -1e-05, 0.013280605322301365, 0.05467573468573334], [0, 0.0014487933078874216, 0.006338470722007469, -2e-05, -2e-05, -1e-05, -1e-05, -2e-05, -1e-05, -1e-05], [-2e-05, 0.0014487933078874216, 0.0014487933078874216, -1e-05, 0.011047048972641593, -2e-05, -2e-05, 0.006881768212465253, 0.02124896851568219, -1e-05], [-1e-05, 0.006972317794208217, 0.002263739543574096, 0.006338470722007471, 0.03210888168605498, 0.0061573715585215415, 0.0034408841062326264, 0.003078685779260771, 0.02748360905062439, 0.02498448987320253], [-1e-05, -1e-05, 0.005961180798078455, 0, 0.009138263789499912, 0.036765544843156465, 0.0015393428896303856, 0.005734806843721044, 0.0014487933078874216, 0], [-2e-05, -2e-05, 0.00832090289830009, 0, 0, 0.01708368775550585, -1e-05, 0.0045274790871481915, 0, 0], [0, 0, 0, 0, 0, 0.025979278665934618, -1e-05, 0.018865703524207376, 0, 0], [0, 0, 0, 0, 0, -2e-05, -2e-05, -2e-05, 0, 0]], "10_medium_pruned": [[0, 0, 0, 0, 0, 0, 0, 0, 0, 0], [0.0001771365576614957, 0.0, 0.0019927862736918264, 0.003653441501768349, 0.0007085462306459828, 0.0009521089974305393, 0, 0, 0, 0], [0.0001771365576614957, 0.0013285241824612176, -1e-05, 0.018090956633968557, 0.007240456794413638, -2e-05, 0.0014835186704150265, 0, 0, 0], [0.0690105221927596, 0.14495942869582876, -1e-05, -1e-05, -1e-05, -2e-05, 0.0018599338554457045, 0.0007140817480729046, 0.0004981965684229566, 0], [0.000276775871346087, 0.14838259267263715, 0.05845155292866851, 0.03035013494832652, -2e-05, -2e-05, -2e-05, -1e-05, -2e-05, 0], [0, 0.001328524182461218, 0.29786813325535894, 0.04267042537507768, 0.00931627582950929, -1e-05, -2e-05, -2e-05, 0.0007528303700613567, 0], [0, 0, 0.002936702705330522, -1e-05, 0.014796438082161816, -2e-05, 0.003797364954868314, 0.001660655228076522, 0, 0], [0, 0, 0.006233435464108034, 0.0721593603378878, -1e-05, -1e-05, 0.028394574464482025, 0.0038640125846884517, 0, 0], [0, 0, 0.0008856827883074785, 0.0048712553356911326, 0.006199779518152351, -1e-05, 0.007528303700613569, 0.000830327614038261, 0, 0], [0, 0, 0, 0.0005646227775460176, 0.001660655228076522, 0.0007971145094767306, -2e-05, 0.000575693812399861, 0, 0]], "6_hard_pruned": [[0.002465799897357692, -2e-05, 0.2643164071073566, -1e-05, -1e-05, 0.08862735151955596], [0.006449015116166271, -2e-05, -1e-05, -2e-05, 0.019460851497607633, 0.0011380614910881655], [0.03018139074365815, -1e-05, 0.12816848512634918, 0.1608687853036158, 0.01765133372677745, 0.0], [-2e-05, -1e-05, 0.15489396247540296, -2e-05, 0, 0], [0.008061268895207838, -1e-05, 0.07786237368194868, 0.024491083288217325, 0, 0], [0.004836761337124703, -2e-05, 0.004836761337124703, 0.005690307455440827, -2e-05, 0]], "10_hard_full": [[0, 0, 0, -2e-05, 0.0013141420104443517, 0.0005913639046999583, 0, 0, 0, 0], [0, 0, 0.0007446804725851327, -1e-05, 0.003591988161881228, -2e-05, 0.0014601577893826128, 0.0010951183420369597, 0, 0], [0, -2e-05, -2e-05, 0.02150933408263138, 0.34597965538570175, -1e-05, -1e-05, 0.0011827278093999166, -2e-05, 0], [0.0013141420104443517, 0.0021026272167109627, -2e-05, -1e-05, -2e-05, 0.02069861275917217, 0.00592824062489341, 0.0009418017741517854, 0, 0], [0.015844797954500472, -1e-05, -1e-05, 0.07448860866411885, 0.08049945846092503, 0.004355066622612582, 0, 0, 0, 0], [0.0021026272167109627, -1e-05, -1e-05, 0.05623365638298028, -2e-05, 0, 0, 0, 0, 0], [0.21300725449427474, 0.047595422499269895, -1e-05, 0.012463322827054231, -2e-05, 0, 0, 0, 0, 0], [0.00046725049260243616, 0.030432024583196667, -1e-05, 0.032693224935834576, 0.008513303975216388, 0, 0, 0, 0, 0], [0, 0.001686482246736918, -2e-05, 0.004124945755005881, 0.005285771197565059, -2e-05, -2e-05, 0, 0, 0], [0, 0, 0, 0.0017521893472591356, -1e-05, 0, 0, 0, 0, 0]], "10_easy_full": [[0, 0, 0, 0.0014412348801370182, -1e-05, 0.25533765217345067, -2e-05, 0.0006080209650578045, 0.0011259647501070454, 0], [0, 0, 0.00030401048252890226, 0.0006080209650578045, -2e-05, -1e-05, -1e-05, -1e-05, 0.24137915073332633, 0.12068957536666317], [0, 0, 0.001216041930115609, -1e-05, -2e-05, -2e-05, -2e-05, -1e-05, 0.009007718000856365, 0.007566483120719346], [0, 0.0010809261601027634, 0.00472905195044959, -2e-05, -2e-05, -1e-05, -1e-05, -2e-05, -1e-05, -1e-05], [-2e-05, 0.0010809261601027634, 0.0010809261601027634, -1e-05, 0.008242061970783573, -2e-05, -2e-05, 0.005753679873047001, 0.012971113921233166, 0.1823889822113262], [-1e-05, 0.00520195714549455, 0.001688947125160568, 0.004729051950449591, 0.023956026023277503, 0.004593936180436744, 0.0025671996302440636, 0.0019141400751819771, 0.007926791840753601, 0], [-1e-05, -1e-05, 0.0044475607629228305, 0, 0.006817941754848181, 0.027430302856207792, 0.0011484840451091863, 0.002533420687740852, 0, 0], [-2e-05, -2e-05, 0.006208119246190206, 0, 0, 0.012745920971211758, -1e-05, 0.003377894250321136, 0, 0], [0, 0, 0, 0, 0, 0.012025303531143249, -1e-05, 0.014075460148138152, 0, 0], [0, 0, 0, 0, 0, -2e-05, -2e-05, -2e-05, 0, 0]], "6_easy_pruned": [[0.0, -1e-05, -2e-05, -2e-05, 0.007933842190661561, 0.007933842190661561], [0.0, -2e-05, -1e-05, -1e-05, 0.2787401634299529, 0.5114008952468369], [-1e-05, -2e-05, -2e-05, -2e-05, -1e-05, 0.07806900715610977], [-2e-05, 0.025784987119650077, -1e-05, -1e-05, -2e-05, -1e-05], [-1e-05, 0.029090754699092395, -2e-05, -2e-05, 0.023801526571984685, 0.023801526571984685], [0.0, 0.0035261520847384713, 0.005950381642996171, 0.0, 0.0, 0.003966921095330781]], "10_hard_pruned": [[0, 0, 0.0015529464924664068, -2e-05, 0.001478996659491816, 0.0008873979956950895, 0.0008380981070453624, 0, 0, 0], [0, 0, 0.0011174641427271496, -1e-05, 0.0037467915373792667, -2e-05, 0.002054162027071966, 0.0012324972162431798, 0, 0], [0, -2e-05, -2e-05, 0.3421775523348409, -1e-05, -1e-05, -1e-05, 0.07728146717891712, -2e-05, 0], [0.002218494989237724, 0.002366394655186905, -2e-05, -1e-05, -2e-05, 0.085681999129014, 0.008339897829912185, 0.0010599476059691348, 0, 0], [0.0193854205011963, -1e-05, -1e-05, 0.09221624661545594, 0.0995306665166467, 0.006535193239407837, 0.018184756927338362, 0, 0, 0], [0.00473278931037381, -1e-05, -1e-05, 0.06328797746395487, -2e-05, 0, 0, 0, 0, 0], [-2e-05, 0.05356610649690713, -1e-05, 0.014026804318620382, -2e-05, 0, 0, 0, 0, 0], [0.0014132634746255128, 0.034249618642738476, -1e-05, 0.03679447889483738, 0.009581269026112317, 0, 0, 0, 0, 0], [0, 0.001898045713014497, -2e-05, 0.004642406181182644, 0.0059488532304004145, -2e-05, -2e-05, 0, 0, 0], [0, 0, 0, 0.001971995545989088, -1e-05, 0, 0, 0, 0, 0]], "6_easy_full": [[0.0, -1e-05, 0.32302125876737947, -2e-05, 0.0025814979563360684, 0.0012907489781680342], [0.0, -2e-05, -1e-05, -1e-05, 0.28264360142145706, 0.16151062938368974], [-1e-05, -2e-05, -2e-05, -2e-05, -1e-05, 0.005808370401756155], [-2e-05, 0.0188772038057075, -1e-05, -1e-05, -2e-05, 0.16151062938368974], [-1e-05, 0.021297358139772567, -2e-05, -2e-05, 0.01161674080351231, 0.0029041852008780773], [0.0, 0.0025814979563360684, 0.004356277801317116, 0.0, 0.0, 0]],