{"10_easy_pruned": [[0, 0, 0, 0.0, -1e-05, -2e-05, -2e-05, 0.0, 0.0, 0], [0, 0, 0.0, 0.0, -2e-05, -1e-05, -1e-05, -1e-05, 0.13955144179423284, 0.22677109291562836], [0, 0, 0.0, -1e-05, -2e-05, -2e-05, -2e-05, -1e-05, 0.0, 0.10751156995372019], [0, 0.0, 0.03488786044855821, -2e-05, -2e-05, -1e-05, -1e-05, -2e-05, -1e-05, -1e-05], [-2e-05, 0.0, 0.0, -1e-05, 0.0, -2e-05, -2e-05, 0.0, 0.0, -1e-05], [-1e-05, 0.0, 0.0, 0.0, 0.06977572089711642, 0.0, 0.0, 0.0, 0.03488786044855821, 0.10751156995372019], [-1e-05, -1e-05, 0.03488786044855821, 0, 0.03488786044855821, 0.06977572089711642, 0.0, 0.03488786044855821, 0.0, 0], [-2e-05, -2e-05, 0.03488786044855821, 0, 0, 0.0, -1e-05, 0.0, 0, 0], [0, 0, 0, 0, 0, 0.03488786044855821, -1e-05, 0.03488786044855821, 0, 0], [0, 0, 0, 0, 0, -2e-05, -2e-05, -2e-05, 0, 0]], "10_medium_pruned": [[0, 0, 0, 0, 0, 0, 0, 0, 0, 0], [0.0, 0.0, 0.045041939561070894, 0.0, 0.0, 0.0, 0, 0, 0, 0], [0.0, 0.0, -1e-05, 0.022520969780535447, 0.0, -2e-05, 0.0, 0, 0, 0], [0.1182350913478111, 0.09008387912214179, -1e-05, -1e-05, -1e-05, -2e-05, 0.0, 0.0, 0.0, 0], [0.0, 0.11260484890267723, 0.06940135585430311, 0.045041939561070894, -2e-05, -2e-05, -2e-05, -1e-05, -2e-05, 0], [0, 0.0, 0.1725841663794094, 0.045041939561070894, 0.0, -1e-05, -2e-05, -2e-05, 0.0, 0], [0, 0, 0.022520969780535447, -1e-05, 0.0, -2e-05, 0.0, 0.0, 0, 0], [0, 0, 0.045041939561070894, 0.09743766517292889, -1e-05, -1e-05, 0.06940135585430311, 0.045041939561070894, 0, 0], [0, 0, 0.0, 0.0, 0.0, -1e-05, 0.0, 0.0, 0, 0], [0, 0, 0, 0.0, 0.0, 0.0, -2e-05, 0.0, 0, 0]], "6_hard_pruned": [[0.0, -2e-05, 0.12033398821218076, -1e-05, -1e-05, 0.08840864440078586], [0.022102161100196464, -2e-05, -1e-05, -2e-05, 0.04774066797642437, 0.0], [0.04774066797642437, -1e-05, 0.10255402750491162, 0.13880157170923382, 0.04774066797642437, 0.0], [-2e-05, -1e-05, 0.13880157170923382, -2e-05, 0, 0], [0.022102161100196464, -1e-05, 0.10609037328094303, 0.07337917485265226, 0, 0], [0.022102161100196464, -2e-05, 0.0, 0.022102161100196464, -2e-05, 0]], "10_hard_full": [[0, 0, 0, -2e-05, 0.0, 0.0, 0, 0, 0, 0], [0, 0, 0.0, -1e-05, 0.0, -2e-05, 0.0, 0.0, 0, 0], [0, -2e-05, -2e-05, 0.05079048923191835, 0.12809660151873523, -1e-05, -1e-05, 0.024399352670235283, -2e-05, 0], [0.024399352670235283, 0.024399352670235283, -2e-05, -1e-05, -2e-05, 0.024399352670235283, 0.0, 0.0, 0, 0], [0.05079048923191835, -1e-05, -1e-05, 0.07718162579360141, 0.07718162579360141, 0.024399352670235283, 0, 0, 0, 0], [0.024399352670235283, -1e-05, -1e-05, 0.05079048923191835, -2e-05, 0, 0, 0, 0, 0], [0.09759741068094113, 0.07718162579360141, -1e-05, 0.024399352670235283, -2e-05, 0, 0, 0, 0, 0], [0.0, 0.048798705340470566, -1e-05, 0.048798705340470566, 0.024399352670235283, 0, 0, 0, 0, 0], [0, 0.024399352670235283, -2e-05, 0.024399352670235283, 0.048798705340470566, -2e-05, -2e-05, 0, 0, 0], [0, 0, 0, 0.0, -1e-05, 0, 0, 0, 0, 0]], "10_easy_full": [[0, 0, 0, 0.0, -1e-05, 0.16, -2e-05, 0.0, 0.0, 0], [0, 0, 0.0, 0.0, -2e-05, -1e-05, -1e-05, -1e-05, 0.16, 0.16], [0, 0, 0.0, -1e-05, -2e-05, -2e-05, -2e-05, -1e-05, 0.0, 0.0], [0, 0.0, 0.04, -2e-05, -2e-05, -1e-05, -1e-05, -2e-05, -1e-05, -1e-05], [-2e-05, 0.0, 0.0, -1e-05, 0.0, -2e-05, -2e-05, 0.0, 0.0, 0.16], [-1e-05, 0.0, 0.0, 0.0, 0.08, 0.0, 0.0, 0.0, 0.0, 0], [-1e-05, -1e-05, 0.04, 0, 0.04, 0.08, 0.0, 0.0, 0, 0], [-2e-05, -2e-05, 0.04, 0, 0, 0.0, -1e-05, 0.0, 0, 0], [0, 0, 0, 0, 0, 0.0, -1e-05, 0.04, 0, 0], [0, 0, 0, 0, 0, -2e-05, -2e-05, -2e-05, 0, 0]], "6_easy_pruned": [[0.0, -1e-05, -2e-05, -2e-05, 0.0, 0.05540507264220635], [0.0, -2e-05, -1e-05, -1e-05, 0.2216202905688254, 0.3816793893129771], [-1e-05, -2e-05, -2e-05, -2e-05, -1e-05, 0.17508002954937207], [-2e-05, 0.0, -1e-05, -1e-05, -2e-05, -1e-05], [-1e-05, 0.0, -2e-05, -2e-05, 0.0, 0.1108101452844127], [0.0, 0.0, 0.0, 0.0, 0.0, 0.05540507264220635]], "10_hard_pruned": [[0, 0, 0.02321999763061249, -2e-05, 0.0, 0.0, 0.0, 0, 0, 0], [0, 0, 0.0, -1e-05, 0.0, -2e-05, 0.0, 0.0, 0, 0], [0, -2e-05, -2e-05, 0.12190498756071556, -1e-05, -1e-05, -1e-05, 0.09287999052244995, -2e-05, 0], [0.02321999763061249, 0.02321999763061249, -2e-05, -1e-05, -2e-05, 0.07345101291316196, 0.0, 0.0, 0, 0], [0.04833550527188722, -1e-05, -1e-05, 0.07345101291316196, 0.07345101291316196, 0.02321999763061249, 0.04643999526122498, 0, 0, 0], [0.02321999763061249, -1e-05, -1e-05, 0.04833550527188722, -2e-05, 0, 0, 0, 0, 0], [-2e-05, 0.07345101291316196, -1e-05, 0.02321999763061249, -2e-05, 0, 0, 0, 0, 0], [0.0, 0.04643999526122498, -1e-05, 0.04643999526122498, 0.02321999763061249, 0, 0, 0, 0, 0], [0, 0.02321999763061249, -2e-05, 0.02321999763061249, 0.04643999526122498, -2e-05, -2e-05, 0, 0, 0], [0, 0, 0, 0.0, -1e-05, 0, 0, 0, 0, 0]], "6_easy_full": [[0.0, -1e-05, 0.25, -2e-05, 0.0, 0.0], [0.0, -2e-05, -1e-05, -1e-05, 0.25, 0.25], [-1e-05, -2e-05, -2e-05, -2e-05, -1e-05, 0.0], [-2e-05, 0.0, -1e-05, -1e-05, -2e-05, 0.25], [-1e-05, 0.0, -2e-05, -2e-05, 0.0, 0.0], [0.0, 0.0, 0.0, 0.0, 0.0, 0]], "10_medium_full": [[0, 0, 0, 0, 0, 0, 0, 0, 0, 0], [0, 0.0, 0.0, 0.0, 0.0, 0.0, 0, 0, 0, 0], [0, 0.0, -1e-05, 0.026615969581749045, 0.0, -2e-05, 0.0, 0, 0, 0], [0, 0.05323193916349809, 0.08202064095600216, -1e-05, -1e-05, 0.08202064095600216, 0.05323193916349809, 0.026615969581749045, 0.0, 0], [0, 0.13307984790874522, 0.0, 0.05323193916349809, -2e-05, -2e-05, -2e-05, -1e-05, -2e-05, 0], [0, 0.0, 0.13307984790874522, 0.05323193916349809, 0.0, -1e-05, -2e-05, -2e-05, 0.0, 0], [0, 0, 0.0, -1e-05, 0.0, -2e-05, 0.0, 0.0, 0, 0], [0, 0, 0.05323193916349809, 0.11515480717001629, -1e-05, -1e-05, 0.08202064095600216, 0.05323193916349809, 0, 0], [0, 0, 0.0, 0.0, 0.0, -1e-05, 0.0, 0.0, 0, 0], [0, 0, 0, 0.0, 0.0, 0.0, -2e-05, 0.0, 0, 0]], "6_hard_full": [[0.0, -2e-05, 0.044624001469102934, 0.1124781930033973, -1e-05, 0.020659259939399505], [0.020659259939399505, -2e-05, -1e-05, -2e-05, 0.044624001469102934, 0.0], [0.044624001469102934, -1e-05, 0.09585896611881371, 0.1297401524194289, 0.044624001469102934, 0], [0.08263703975759802, -1e-05, 0.1297401524194289, -2e-05, 0, 0], [0.020659259939399505, -1e-05, 0.09916444770911761, 0.06858874299880635, 0, 0], [0.020659259939399505, -2e-05, 0.0, 0.020659259939399505, -2e-05, 0]]}