{"10_easy_pruned": [[0, 0, 0, 0.0, -1e-05, -2e-05, -2e-05, 0.019095248920209137, 0.012730165946806092, 0], [0, 0, 0.0, 0.0, -2e-05, -1e-05, -1e-05, -1e-05, 0.07638099568083655, 0.10820641054785178], [0, 0, 0.0, -1e-05, -2e-05, -2e-05, -2e-05, -1e-05, 0.0700159127074335, 0.10979768129120254], [0, 0.009547624460104568, 0.039781768583769035, -2e-05, -2e-05, -1e-05, -1e-05, -2e-05, -1e-05, -1e-05], [-2e-05, 0.0, 0.0, -1e-05, 0.06683337122073196, -2e-05, -2e-05, 0.025460331893612183, 0.025460331893612183, -1e-05], [-1e-05, 0.0, 0.0, 0.0, 0.08751989088429188, 0.038190497840418274, 0.012730165946806092, 0.0, 0.028642873380313707, 0.06274153216640145], [-1e-05, -1e-05, 0.023869061150261422, 0, 0.04296431007047056, 0.038190497840418274, 0.0, 0.03182541486701523, 0.0, 0], [-2e-05, -2e-05, 0.03182541486701523, 0, 0, 0.0, -1e-05, 0.0, 0, 0], [0, 0, 0, 0, 0, 0.019095248920209137, -1e-05, 0.019095248920209137, 0, 0], [0, 0, 0, 0, 0, -2e-05, -2e-05, -2e-05, 0, 0]], "10_medium_pruned": [[0, 0, 0, 0, 0, 0, 0, 0, 0, 0], [0.0, 0.0, 0.02872384078785393, 0.023936533989878273, 0.0, 0.005744768157570785, 0, 0, 0, 0], [0.0, 0.0, -1e-05, 0.02297907263028314, 0.04595814526056628, -2e-05, 0.019149227191902617, 0, 0, 0], [0.020106688551497748, 0.02872384078785393, -1e-05, -1e-05, -1e-05, -2e-05, 0.02297907263028314, 0.0, 0.0, 0], [0.0, 0.052660374777732194, 0.09957598139789361, 0.09478867459991795, -2e-05, -2e-05, -2e-05, -1e-05, -2e-05, 0], [0, 0.0, 0.1132540008206812, 0.09191629052113257, 0.0, -1e-05, -2e-05, -2e-05, 0.0, 0], [0, 0, 0.020106688551497748, -1e-05, 0.0, -2e-05, 0.053617836137327325, 0.007659690876761047, 0, 0], [0, 0, 0.017234304472712358, 0.10340582683627413, -1e-05, -1e-05, 0.09109560935576531, 0.017234304472712358, 0, 0], [0, 0, 0.0, 0.0, 0.0, -1e-05, 0.019149227191902617, 0.0, 0, 0], [0, 0, 0, 0.0, 0.0, 0.0, -2e-05, 0.0, 0, 0]], "6_hard_pruned": [[0.00843454790823212, -2e-05, 0.06578947368421054, -1e-05, -1e-05, 0.015182186234817817], [0.023616734143049933, -2e-05, -1e-05, -2e-05, 0.030364372469635633, 0.005060728744939272], [0.0668016194331984, -1e-05, 0.18825910931174092, 0.1747638326585695, 0.0409919028340081, 0.0], [-2e-05, -1e-05, 0.15705128205128208, -2e-05, 0, 0], [0.02952091767881242, -1e-05, 0.09699730094466938, 0.041497975708502034, 0, 0], [0.01771255060728745, -2e-05, 0.01771255060728745, 0.020242914979757085, -2e-05, 0]], "10_hard_full": [[0, 0, 0, -2e-05, 0.0, 0.0, 0, 0, 0, 0], [0, 0, 0.0, -1e-05, 0.009717723276260993, -2e-05, 0.0, 0.0, 0, 0], [0, -2e-05, -2e-05, 0.05020823692734846, 0.1133734382230449, -1e-05, -1e-05, 0.007288292457195744, -2e-05, 0], [0.01214715409532624, 0.019435446552521985, -2e-05, -1e-05, -2e-05, 0.014576584914391488, 0.0, 0.004858861638130496, 0, 0], [0.03887089310504397, -1e-05, -1e-05, 0.15155020823692736, 0.11742248958815366, 0.007288292457195744, 0, 0, 0, 0], [0.019435446552521985, -1e-05, -1e-05, 0.07172605275335493, -2e-05, 0, 0, 0, 0, 0], [0.03401203146691347, 0.08676538639518742, -1e-05, 0.02186487737158723, -2e-05, 0, 0, 0, 0, 0], [0.0, 0.029153169828782976, -1e-05, 0.05668671911152245, 0.025913928736695978, 0, 0, 0, 0, 0], [0, 0.01214715409532624, -2e-05, 0.04049051365108747, 0.05506709856547894, -2e-05, -2e-05, 0, 0, 0], [0, 0, 0, 0.0, -1e-05, 0, 0, 0, 0, 0]], "10_easy_full": [[0, 0, 0, 0.0, -1e-05, 0.1018867924528302, -2e-05, 0.0, 0.0, 0], [0, 0, 0.0, 0.0, -2e-05, -1e-05, -1e-05, -1e-05, 0.09056603773584906, 0.06037735849056603], [0, 0, 0.0, -1e-05, -2e-05, -2e-05, -2e-05, -1e-05, 0.07547169811320756, 0.0], [0, 0.011320754716981133, 0.04716981132075472, -2e-05, -2e-05, -1e-05, -1e-05, -2e-05, -1e-05, -1e-05], [-2e-05, 0.0, 0.0, -1e-05, 0.07924528301886792, -2e-05, -2e-05, 0.05283018867924528, 0.04528301886792453, 0.07547169811320756], [-1e-05, 0.0, 0.0, 0.0, 0.10377358490566038, 0.04528301886792453, 0.015094339622641508, 0.0, 0.0, 0], [-1e-05, -1e-05, 0.028301886792452834, 0, 0.0509433962264151, 0.04528301886792453, 0.0, 0.011320754716981133, 0, 0], [-2e-05, -2e-05, 0.03773584905660377, 0, 0, 0.0, -1e-05, 0.0, 0, 0], [0, 0, 0, 0, 0, 0.0, -1e-05, 0.022641509433962266, 0, 0], [0, 0, 0, 0, 0, -2e-05, -2e-05, -2e-05, 0, 0]], "6_easy_pruned": [[0.0, -1e-05, -2e-05, -2e-05, 0.028625954198473285, 0.028625954198473285], [0.0, -2e-05, -1e-05, -1e-05, 0.11450381679389314, 0.19083969465648853], [-1e-05, -2e-05, -2e-05, -2e-05, -1e-05, 0.1889312977099237], [-2e-05, 0.10734732824427481, -1e-05, -1e-05, -2e-05, -1e-05], [-1e-05, 0.11450381679389314, -2e-05, -2e-05, 0.08587786259541987, 0.08587786259541987], [0.0, 0.019083969465648856, 0.021469465648854966, 0.0, 0.0, 0.014312977099236643]], "10_hard_pruned": [[0, 0, 0.007553503986571548, -2e-05, 0.0, 0.0, 0.0, 0, 0, 0], [0, 0, 0.0, -1e-05, 0.0, -2e-05, 0.0, 0.0, 0, 0], [0, -2e-05, -2e-05, 0.07931179185900127, -1e-05, -1e-05, -1e-05, 0.015107007973143096, -2e-05, 0], [0.01258917331095258, 0.020142677297524128, -2e-05, -1e-05, -2e-05, 0.0719381332054433, 0.0, 0.005035669324381032, 0, 0], [0.040285354595048256, -1e-05, -1e-05, 0.17277141658173967, 0.10550926203465016, 0.010071338648762064, 0.02517834662190516, 0, 0, 0], [0.020142677297524128, -1e-05, -1e-05, 0.07433607097895809, -2e-05, 0, 0, 0, 0, 0], [-2e-05, 0.08992266650680414, -1e-05, 0.022660511959714642, -2e-05, 0, 0, 0, 0, 0], [0.0, 0.030214015946286192, -1e-05, 0.05874947545111203, 0.026856903063365502, 0, 0, 0, 0, 0], [0, 0.01258917331095258, -2e-05, 0.0419639110365086, 0.05707091900965169, -2e-05, -2e-05, 0, 0, 0], [0, 0, 0, 0.0, -1e-05, 0, 0, 0, 0, 0]], "6_easy_full": [[0.0, -1e-05, 0.2012578616352201, -2e-05, 0.025157232704402514, 0.012578616352201257], [0.0, -2e-05, -1e-05, -1e-05, 0.1320754716981132, 0.07547169811320754], [-1e-05, -2e-05, -2e-05, -2e-05, -1e-05, 0.03773584905660377], [-2e-05, 0.14150943396226415, -1e-05, -1e-05, -2e-05, 0.07547169811320754], [-1e-05, 0.1509433962264151, -2e-05, -2e-05, 0.07547169811320754, 0.018867924528301886], [0.0, 0.025157232704402514, 0.02830188679245283, 0.0, 0.0, 0]], "10_medium_full": [[0, 0, 0, 0, 0, 0, 0, 0, 0, 0], [0, 0.0, 0.0, 0.009795347210075215, 0.0, 0.004897673605037608, 0, 0, 0, 0], [0, 0.0, -1e-05, 0.02203953122266923, 0.02448836802518804, -2e-05, 0.009795347210075215, 0, 0, 0], [0, 0.02203953122266923, 0.060346335490641945, -1e-05, -1e-05, 0.10932307154101802, 0.058772083260451295, 0.011019765611334616, 0.0, 0], [0, 0.04040580724156026, 0.030610460031485043, 0.09428021689697394, -2e-05, -2e-05, -2e-05, -1e-05, -2e-05, 0], [0, 0.0, 0.055098828056673085, 0.051425572852894876, 0.0, -1e-05, -2e-05, -2e-05, 0.0, 0], [0, 0, 0.0, -1e-05, 0.0, -2e-05, 0.06856743047052649, 0.009795347210075215, 0, 0], [0, 0, 0.02203953122266923, 0.1322371873360154, -1e-05, -1e-05, 0.11649466503410881, 0.02203953122266923, 0, 0], [0, 0, 0.0, 0.0, 0.0, -1e-05, 0.02448836802518804, 0.0, 0, 0], [0, 0, 0, 0.0, 0.0, 0.0, -2e-05, 0.0, 0, 0]], "6_hard_full": [[0.008965393580778195, -2e-05, 0.040164963241886315, 0.07172314864622556, -1e-05, 0.0053792361484669175], [0.010758472296933835, -2e-05, -1e-05, -2e-05, 0.019365250134480903, 0.0035861574323112783], [0.038730500268961805, -1e-05, 0.1778734086426394, 0.1753630984400215, 0.029047875201721352, 0], [0.037654653039268425, -1e-05, 0.16693562847408996, -2e-05, 0, 0], [0.013448090371167294, -1e-05, 0.10310202617894926, 0.04410973641742873, 0, 0], [0.013448090371167292, -2e-05, 0.01882732651963421, 0.021516944593867667, -2e-05, 0]]}