{"10_easy_pruned": [[0, 0, 0, 0.0, -1e-05, -2e-05, -2e-05, 0.01568627450980392, 0.01568627450980392, 0], [0, 0, 0.0, 0.0, -2e-05, -1e-05, -1e-05, -1e-05, 0.1411764705882353, 0], [0, 0, 0.0, -1e-05, -2e-05, -2e-05, -2e-05, -1e-05, 0.03137254901960784, 0.10588235294117647], [0, 0, 0.050980392156862744, -2e-05, -2e-05, -1e-05, -1e-05, -2e-05, -1e-05, -1e-05], [-2e-05, 0.0, 0.0, -1e-05, 0.06666666666666667, -2e-05, -2e-05, 0.01568627450980392, 0.01568627450980392, -1e-05], [-1e-05, 0.0, 0.0, 0.0, 0.1215686274509804, 0, 0, 0, 0.03529411764705882, 0.10588235294117647], [-1e-05, -1e-05, 0.03529411764705882, 0, 0, 0.07058823529411765, 0.0, 0.050980392156862744, 0, 0], [-2e-05, -2e-05, 0.050980392156862744, 0, 0, 0.0, -1e-05, 0.0, 0, 0], [0, 0, 0, 0, 0, 0.03529411764705882, -1e-05, 0.03529411764705882, 0, 0], [0, 0, 0, 0, 0, -2e-05, -2e-05, -2e-05, 0, 0]], "10_medium_pruned": [[0, 0, 0, 0, 0, 0, 0, 0, 0, 0], [0, 0.0, 0.03938730853391685, 0.028446389496717725, 0, 0, 0, 0, 0, 0], [0, 0.0, -1e-05, 0.019693654266958426, 0.04814004376367615, -2e-05, 0, 0, 0, 0], [0, 0.0787746170678337, -1e-05, -1e-05, -1e-05, -2e-05, 0.0262582056892779, 0.0, 0.0, 0], [0, 0.10722100656455143, 0.087527352297593, 0.06783369803063458, -2e-05, -2e-05, -2e-05, -1e-05, -2e-05, 0], [0, 0, 0.13785557986870897, 0.06564551422319474, 0.0, -1e-05, -2e-05, -2e-05, 0.0, 0], [0, 0, 0.037199124726477024, -1e-05, 0.0, -2e-05, 0.0350109409190372, 0, 0, 0], [0, 0, 0.03938730853391685, 0.0787746170678337, -1e-05, -1e-05, 0.08533916849015316, 0, 0, 0], [0, 0, 0, 0.0, 0.0, -1e-05, 0.0175054704595186, 0, 0, 0], [0, 0, 0, 0, 0.0, 0.0, -2e-05, 0, 0, 0]], "6_hard_pruned": [[0, -2e-05, 0.11694510739856806, -1e-05, -1e-05, 0.08591885441527448], [0.040572792362768506, -2e-05, -1e-05, -2e-05, 0.04295942720763724, 0.009546539379474943], [0.07159904534606207, -1e-05, 0.13842482100238668, 0.13842482100238668, 0, 0], [-2e-05, -1e-05, 0.11694510739856806, -2e-05, 0, 0], [0.040572792362768506, -1e-05, 0.11694510739856806, 0, 0, 0], [0.040572792362768506, -2e-05, 0.040572792362768506, 0, -2e-05, 0]], "10_hard_full": [[0, 0, 0.0, -2e-05, 0.0, 0, 0, 0, 0, 0], [0, 0, 0.0, -1e-05, 0.00823045267489712, -2e-05, 0.0, 0.0, 0, 0], [0, -2e-05, -2e-05, 0.045267489711934165, 0.12757201646090538, -1e-05, -1e-05, 0.01851851851851852, -2e-05, 0], [0.01851851851851852, 0.01851851851851852, -2e-05, -1e-05, -2e-05, 0.01851851851851852, 0.0, 0.00823045267489712, 0, 0], [0.03703703703703704, -1e-05, -1e-05, 0.10082304526748972, 0.10905349794238685, 0, 0, 0, 0, 0], [0.01851851851851852, -1e-05, -1e-05, 0.045267489711934165, -2e-05, 0, 0, 0, 0, 0], [0.07407407407407408, 0.05555555555555556, -1e-05, 0.01851851851851852, -2e-05, 0, 0, 0, 0, 0], [0, 0.03703703703703704, -1e-05, 0.05349794238683128, 0, 0, 0, 0, 0, 0], [0, 0.02674897119341564, -2e-05, 0.05349794238683128, 0.08847736625514405, -2e-05, -2e-05, 0, 0, 0], [0, 0, 0, 0.0, -1e-05, 0.01851851851851852, 0, 0, 0, 0]], "10_easy_full": [[0, 0, 0, 0.0, -1e-05, 0.144, -2e-05, 0.0, 0.0, 0], [0, 0, 0.0, 0.0, -2e-05, -1e-05, -1e-05, -1e-05, 0.144, 0], [0, 0, 0.0, -1e-05, -2e-05, -2e-05, -2e-05, -1e-05, 0.032, 0.0], [0, 0, 0.052, -2e-05, -2e-05, -1e-05, -1e-05, -2e-05, -1e-05, -1e-05], [-2e-05, 0.0, 0.0, -1e-05, 0.06799999999999999, -2e-05, -2e-05, 0.032, 0.032, 0.16], [-1e-05, 0.0, 0.0, 0.0, 0.124, 0, 0, 0, 0, 0], [-1e-05, -1e-05, 0.036, 0, 0, 0.072, 0.0, 0.016, 0, 0], [-2e-05, -2e-05, 0.052, 0, 0, 0.0, -1e-05, 0.0, 0, 0], [0, 0, 0, 0, 0, 0.0, -1e-05, 0.036, 0, 0], [0, 0, 0, 0, 0, -2e-05, -2e-05, -2e-05, 0, 0]], "6_easy_pruned": [[0.0, -1e-05, -2e-05, -2e-05, 0.04109589041095891, 0], [0.0, -2e-05, -1e-05, -1e-05, 0.16438356164383564, 0.24657534246575347], [-1e-05, -2e-05, -2e-05, -2e-05, -1e-05, 0.16438356164383564], [-2e-05, 0.059360730593607317, -1e-05, -1e-05, -2e-05, -1e-05], [-1e-05, 0.10045662100456623, -2e-05, -2e-05, 0.08219178082191782, 0.12328767123287673], [0.0, 0.018264840182648404, 0, 0, 0, 0]], "10_hard_pruned": [[0, 0, 0.02008928571428572, -2e-05, 0.0, 0, 0, 0, 0, 0], [0, 0, 0.0, -1e-05, 0.0, -2e-05, 0.0, 0.0, 0, 0], [0, -2e-05, -2e-05, 0.1004464285714286, -1e-05, -1e-05, -1e-05, 0.08035714285714288, -2e-05, 0], [0.02008928571428572, 0.02008928571428572, -2e-05, -1e-05, -2e-05, 0.06026785714285716, 0.0, 0.00892857142857143, 0, 0], [0.04017857142857144, -1e-05, -1e-05, 0.10937500000000003, 0.08928571428571432, 0, 0, 0, 0, 0], [0.02008928571428572, -1e-05, -1e-05, 0.04910714285714288, -2e-05, 0, 0, 0, 0, 0], [-2e-05, 0.06026785714285716, -1e-05, 0.02008928571428572, -2e-05, 0, 0, 0, 0, 0], [0, 0.04017857142857144, -1e-05, 0.0580357142857143, 0, 0, 0, 0, 0, 0], [0, 0.02901785714285715, -2e-05, 0.0580357142857143, 0.09598214285714288, -2e-05, -2e-05, 0, 0, 0], [0, 0, 0, 0.0, -1e-05, 0.02008928571428572, 0, 0, 0, 0]], "6_easy_full": [[0.0, -1e-05, 0.1834862385321101, -2e-05, 0.01834862385321101, 0], [0.0, -2e-05, -1e-05, -1e-05, 0.1651376146788991, 0.1651376146788991], [-1e-05, -2e-05, -2e-05, -2e-05, -1e-05, 0.04128440366972477], [-2e-05, 0.05963302752293578, -1e-05, -1e-05, -2e-05, 0.1651376146788991], [-1e-05, 0.10091743119266056, -2e-05, -2e-05, 0.08256880733944955, 0], [0.0, 0.01834862385321101, 0, 0, 0, 0]], "10_medium_full": [[0, 0, 0, 0, 0, 0, 0, 0, 0, 0], [0, 0.0, 0.0, 0.010752688172043012, 0, 0, 0, 0, 0, 0], [0, 0.0, -1e-05, 0.024193548387096777, 0.021505376344086023, -2e-05, 0, 0, 0, 0], [0, 0.048387096774193554, 0.07258064516129033, -1e-05, -1e-05, 0.11559139784946237, 0.08064516129032258, 0.024193548387096777, 0.0, 0], [0, 0, 0.03494623655913979, 0.08333333333333334, -2e-05, -2e-05, -2e-05, -1e-05, -2e-05, 0], [0, 0, 0.12096774193548389, 0.048387096774193554, 0.0, -1e-05, -2e-05, -2e-05, 0.0, 0], [0, 0, 0.0, -1e-05, 0.0, -2e-05, 0.043010752688172046, 0, 0, 0], [0, 0, 0.048387096774193554, 0.09677419354838711, -1e-05, -1e-05, 0.10483870967741936, 0, 0, 0], [0, 0, 0, 0.0, 0.0, -1e-05, 0.021505376344086023, 0, 0, 0], [0, 0, 0, 0, 0.0, 0.0, -2e-05, 0, 0, 0]], "6_hard_full": [[0, -2e-05, 0.059090909090909104, 0.13181818181818186, -1e-05, 0.020454545454545458], [0.020454545454545458, -2e-05, -1e-05, -2e-05, 0.040909090909090916, 0.009090909090909092], [0.040909090909090916, -1e-05, 0.13181818181818186, 0.1522727272727273, 0, 0], [0.08181818181818183, -1e-05, 0.11136363636363639, -2e-05, 0, 0], [0.020454545454545458, -1e-05, 0.11136363636363639, 0, 0, 0], [0.029545454545454552, -2e-05, 0.03863636363636364, 0, -2e-05, 0]]}