{"10_easy_pruned": [[0, 0, 0, 0.0, -1e-05, -2e-05, -2e-05, 0.013021669564061965, 0.008681113042707977, 0], [0, 0, 0.0, 0.0, -2e-05, -1e-05, -1e-05, -1e-05, 0.1562600347687436, 0.13564239129231215], [0, 0, 0.0, -1e-05, -2e-05, -2e-05, -2e-05, -1e-05, 0.04774612173489387, 0.10533600558071554], [0, 0.006510834782030983, 0.03526702173600115, -2e-05, -2e-05, -1e-05, -1e-05, -2e-05, -1e-05, -1e-05], [-2e-05, 0.0, 0.0, -1e-05, 0.05534209564726335, -2e-05, -2e-05, 0.017362226085415954, 0.017362226085415954, -1e-05], [-1e-05, 0.0, 0.0, 0.0, 0.08409828260123352, 0.02604333912812393, 0.008681113042707977, 0.0, 0.02929875651913942, 0.06019200318898031], [-1e-05, -1e-05, 0.024415630432616183, 0, 0.03418188260566265, 0.0390650086921859, 0.0, 0.028213617388800925, 0.0, 0], [-2e-05, -2e-05, 0.028213617388800925, 0, 0, 0.0, -1e-05, 0.0, 0, 0], [0, 0, 0, 0, 0, 0.01953250434609295, -1e-05, 0.01953250434609295, 0, 0], [0, 0, 0, 0, 0, -2e-05, -2e-05, -2e-05, 0, 0]], "10_medium_pruned": [[0, 0, 0, 0, 0, 0, 0, 0, 0, 0], [0.0, 0.0, 0.02960099072703658, 0.021378493302859753, 0.0, 0.005920198145407316, 0, 0, 0, 0], [0.0, 0.0, -1e-05, 0.023680792581629265, 0.043414786399653654, -2e-05, 0.013155995878682923, 0, 0, 0], [0.031081040263388406, 0.05920198145407316, -1e-05, -1e-05, -1e-05, -2e-05, 0.015787195054419507, 0.0, 0.0, 0], [0.0, 0.08058047475693292, 0.09378345633518256, 0.0917630712538134, -2e-05, -2e-05, -2e-05, -1e-05, -2e-05, 0], [0, 0.0, 0.13610414715921107, 0.07893597527209754, 0.0, -1e-05, -2e-05, -2e-05, 0.0, 0], [0, 0, 0.01677389474532073, -1e-05, 0.0, -2e-05, 0.03683678846031218, 0.00526239835147317, 0, 0], [0, 0, 0.01776059443622195, 0.08964871477331078, -1e-05, -1e-05, 0.07841242033406833, 0.01776059443622195, 0, 0], [0, 0, 0.0, 0.0, 0.0, -1e-05, 0.013155995878682923, 0.0, 0, 0], [0, 0, 0, 0.0, 0.0, 0.0, -2e-05, 0.0, 0, 0]], "6_hard_pruned": [[0.008441777708511912, -2e-05, 0.10324943505026107, -1e-05, -1e-05, 0.0350658458661264], [0.022078495545338844, -2e-05, -1e-05, -2e-05, 0.031559261279513764, 0.003896205096236266], [0.06124834411283411, -1e-05, 0.1863165277020183, 0.15800410400270143, 0.03939063352294865, 0.0], [-2e-05, -1e-05, 0.13754902724746101, -2e-05, 0, 0], [0.027598119431673555, -1e-05, 0.09123613600353259, 0.041767318631652776, 0, 0], [0.016558871659004132, -2e-05, 0.016558871659004132, 0.019481025481181333, -2e-05, 0]], "10_hard_full": [[0, 0, 0, -2e-05, 0.0, 0.0, 0, 0, 0, 0], [0, 0, 0.0, -1e-05, 0.006690257028752174, -2e-05, 0.0, 0.0, 0, 0], [0, -2e-05, -2e-05, 0.04436277577398764, 0.14328300469910907, -1e-05, -1e-05, 0.0075265391573461965, -2e-05, 0], [0.012544231928910328, 0.020070771086256524, -2e-05, -1e-05, -2e-05, 0.015053078314692393, 0.0, 0.003345128514376087, 0, 0], [0.036557475907110094, -1e-05, -1e-05, 0.140688823402246, 0.10628747624844974, 0.0075265391573461965, 0, 0, 0, 0], [0.020070771086256524, -1e-05, -1e-05, 0.06337539396283949, -2e-05, 0, 0, 0, 0, 0], [0.07024769880189784, 0.07936146730535105, -1e-05, 0.02257961747203859, -2e-05, 0, 0, 0, 0, 0], [0.0, 0.030106156629384786, -1e-05, 0.050734449134704, 0.024530942438757978, 0, 0, 0, 0, 0], [0, 0.010871667671722285, -2e-05, 0.036238892239074276, 0.047946842039390584, -2e-05, -2e-05, 0, 0, 0], [0, 0, 0, 0.0, -1e-05, 0, 0, 0, 0, 0]], "10_easy_full": [[0, 0, 0, 0.0, -1e-05, 0.17666303162486366, -2e-05, 0.0, 0.0, 0], [0, 0, 0.0, 0.0, -2e-05, -1e-05, -1e-05, -1e-05, 0.1570338058887677, 0.08724100327153761], [0, 0, 0.0, -1e-05, -2e-05, -2e-05, -2e-05, -1e-05, 0.043620501635768805, 0.0], [0, 0.00654307524536532, 0.03544165757906216, -2e-05, -2e-05, -1e-05, -1e-05, -2e-05, -1e-05, -1e-05], [-2e-05, 0.0, 0.0, -1e-05, 0.055616139585605226, -2e-05, -2e-05, 0.03053435114503816, 0.02617230098146128, 0.10905125408942203], [-1e-05, 0.0, 0.0, 0.0, 0.08451472191930207, 0.02617230098146128, 0.008724100327153761, 0.0, 0.0, 0], [-1e-05, -1e-05, 0.024536532170119956, 0, 0.034351145038167934, 0.039258451472191924, 0.0, 0.00654307524536532, 0, 0], [-2e-05, -2e-05, 0.028353326063249723, 0, 0, 0.0, -1e-05, 0.0, 0, 0], [0, 0, 0, 0, 0, 0.0, -1e-05, 0.019629225736095962, 0, 0], [0, 0, 0, 0, 0, -2e-05, -2e-05, -2e-05, 0, 0]], "6_easy_pruned": [[0.0, -1e-05, -2e-05, -2e-05, 0.025340691519315235, 0.025340691519315235], [0.0, -2e-05, -1e-05, -1e-05, 0.20272553215452188, 0.2182115103052145], [-1e-05, -2e-05, -2e-05, -2e-05, -1e-05, 0.15812591508052706], [-2e-05, 0.08235724743777452, -1e-05, -1e-05, -2e-05, -1e-05], [-1e-05, 0.09291586890415587, -2e-05, -2e-05, 0.07602207455794571, 0.07602207455794571], [0.0, 0.011262529564140103, 0.019005518639486428, 0.0, 0.0, 0.012670345759657618]], "10_hard_pruned": [[0, 0, 0.007864595795146005, -2e-05, 0.0, 0.0, 0.0, 0, 0, 0], [0, 0, 0.0, -1e-05, 0.0, -2e-05, 0.0, 0.0, 0, 0], [0, -2e-05, -2e-05, 0.12386738377354957, -1e-05, -1e-05, -1e-05, 0.03145838318058402, -2e-05, 0], [0.013107659658576675, 0.02097225545372268, -2e-05, -1e-05, -2e-05, 0.06634080806789827, 0.0, 0.00349537590895378, 0, 0], [0.03819946529070917, -1e-05, -1e-05, 0.16170869192392803, 0.0966340659454977, 0.01048612772686134, 0.022719943408199567, 0, 0, 0], [0.02097225545372268, -1e-05, -1e-05, 0.06622191773085903, -2e-05, 0, 0, 0, 0, 0], [-2e-05, 0.08292601008487284, -1e-05, 0.023593787385438013, -2e-05, 0, 0, 0, 0, 0], [0.0, 0.03145838318058402, -1e-05, 0.05301320128579899, 0.025632756665661054, 0, 0, 0, 0, 0], [0, 0.011359971704099784, -2e-05, 0.037866572346999285, 0.05010038802833751, -2e-05, -2e-05, 0, 0, 0], [0, 0, 0, 0.0, -1e-05, 0, 0, 0, 0, 0]], "6_easy_full": [[0.0, -1e-05, 0.2457757296466974, -2e-05, 0.012288786482334868, 0.006144393241167434], [0.0, -2e-05, -1e-05, -1e-05, 0.1935483870967742, 0.11059907834101382], [-1e-05, -2e-05, -2e-05, -2e-05, -1e-05, 0.027649769585253454], [-2e-05, 0.08986175115207372, -1e-05, -1e-05, -2e-05, 0.11059907834101382], [-1e-05, 0.10138248847926268, -2e-05, -2e-05, 0.05529953917050691, 0.013824884792626727], [0.0, 0.012288786482334868, 0.020737327188940093, 0.0, 0.0, 0]], "10_medium_full": [[0, 0, 0, 0, 0, 0, 0, 0, 0, 0], [0, 0.0, 0.0, 0.007081756347837084, 0.0, 0.003540878173918542, 0, 0, 0, 0], [0, 0.0, -1e-05, 0.02390092767395016, 0.01770439086959271, -2e-05, 0.007081756347837084, 0, 0, 0], [0, 0.02390092767395016, 0.06137823263208289, -1e-05, -1e-05, 0.09678701437126831, 0.05311317260877813, 0.01195046383697508, 0.0, 0], [0, 0.0650636364457532, 0.028769635163088156, 0.09604632046754044, -2e-05, -2e-05, -2e-05, -1e-05, -2e-05, 0], [0, 0.0, 0.099587198641459, 0.05576883123921703, 0.0, -1e-05, -2e-05, -2e-05, 0.0, 0], [0, 0, 0.0, -1e-05, 0.0, -2e-05, 0.04957229443485958, 0.007081756347837084, 0, 0], [0, 0, 0.02390092767395016, 0.12064277778279604, -1e-05, -1e-05, 0.10552178272376633, 0.02390092767395016, 0, 0], [0, 0, 0.0, 0.0, 0.0, -1e-05, 0.01770439086959271, 0.0, 0, 0], [0, 0, 0, 0.0, 0.0, 0.0, -2e-05, 0.0, 0, 0]], "6_hard_full": [[0.00859481402144737, -2e-05, 0.03628333796131012, 0.1024766287172571, -1e-05, 0.005950255861002025], [0.01190051172200405, -2e-05, -1e-05, -2e-05, 0.01927882898964656, 0.002644558160445344], [0.03855765797929312, -1e-05, 0.16861702830999517, 0.1557380300686263, 0.026736483002102428, 0], [0.08330358205402834, -1e-05, 0.1400425773863832, -2e-05, 0, 0], [0.014875639652505062, -1e-05, 0.09289010538564273, 0.042524495219961135, 0, 0], [0.012892221032171053, -2e-05, 0.01685905827283907, 0.019834186203340078, -2e-05, 0]]}