{"10_easy_pruned": [[0, 0, 0, 0.0, -1e-05, -2e-05, -2e-05, 0.0, 0.0, 0], [0, 0, 0.0, 0.0, -2e-05, -1e-05, -1e-05, -1e-05, 0.22040603224964356, 0.2823952288198558], [0, 0, 0.0, -1e-05, -2e-05, -2e-05, -2e-05, -1e-05, 0.0, 0.08329484527801763], [0, 0.0, 0.027550754031205445, -2e-05, -2e-05, -1e-05, -1e-05, -2e-05, -1e-05, -1e-05], [-2e-05, 0.0, 0.0, -1e-05, 0.0, -2e-05, -2e-05, 0.0, 0.0, -1e-05], [-1e-05, 0.0, 0.0, 0.0, 0.05510150806241089, 0.0, 0.0, 0.0, 0.027550754031205445, 0.08329484527801763], [-1e-05, -1e-05, 0.027550754031205445, 0, 0.027550754031205445, 0.05510150806241089, 0.0, 0.027550754031205445, 0.0, 0], [-2e-05, -2e-05, 0.027550754031205445, 0, 0, 0.0, -1e-05, 0.0, 0, 0], [0, 0, 0, 0, 0, 0.027550754031205445, -1e-05, 0.027550754031205445, 0, 0], [0, 0, 0, 0, 0, -2e-05, -2e-05, -2e-05, 0, 0]], "10_medium_pruned": [[0, 0, 0, 0, 0, 0, 0, 0, 0, 0], [0.0, 0.0, 0.03357868781242925, 0.0, 0.0, 0.0, 0, 0, 0, 0], [0.0, 0.0, -1e-05, 0.016789343906214626, 0.0, -2e-05, 0.0, 0, 0, 0], [0.15320276314420844, 0.134314751249717, -1e-05, -1e-05, -1e-05, -2e-05, 0.0, 0.0, 0.0, 0], [0.0, 0.15110409515593162, 0.05075961991470719, 0.03357868781242925, -2e-05, -2e-05, -2e-05, -1e-05, -2e-05, 0], [0, 0.0, 0.18966329533704118, 0.03357868781242925, 0.0, -1e-05, -2e-05, -2e-05, 0.0, 0], [0, 0, 0.016789343906214626, -1e-05, 0.0, -2e-05, 0.0, 0.0, 0, 0], [0, 0, 0.03357868781242925, 0.06872372840911176, -1e-05, -1e-05, 0.05075961991470719, 0.03357868781242925, 0, 0], [0, 0, 0.0, 0.0, 0.0, -1e-05, 0.0, 0.0, 0, 0], [0, 0, 0, 0.0, 0.0, 0.0, -2e-05, 0.0, 0, 0]], "6_hard_pruned": [[0.0, -2e-05, 0.1851250885060184, -1e-05, -1e-05, 0.15931083313665328], [0.01991385414208166, -2e-05, -1e-05, -2e-05, 0.04110219494925655, 0.0], [0.04110219494925655, -1e-05, 0.08475336322869956, 0.10976516403115412, 0.04110219494925655, 0.0], [-2e-05, -1e-05, 0.10976516403115412, -2e-05, 0, 0], [0.01991385414208166, -1e-05, 0.08602784989379278, 0.06229053575643143, 0, 0], [0.01991385414208166, -2e-05, 0.0, 0.01991385414208166, -2e-05, 0]], "10_hard_full": [[0, 0, 0, -2e-05, 0.0, 0.0, 0, 0, 0, 0], [0, 0, 0.0, -1e-05, 0.0, -2e-05, 0.0, 0.0, 0, 0], [0, -2e-05, -2e-05, 0.041860500184723023, 0.18878693518106623, -1e-05, -1e-05, 0.02068897919792507, -2e-05, 0], [0.02068897919792507, 0.02068897919792507, -2e-05, -1e-05, -2e-05, 0.02068897919792507, 0.0, 0.0, 0, 0], [0.041860500184723023, -1e-05, -1e-05, 0.06303202117152097, 0.06303202117152097, 0.02068897919792507, 0, 0, 0, 0], [0.02068897919792507, -1e-05, -1e-05, 0.041860500184723023, -2e-05, 0, 0, 0, 0, 0], [0.16551183358340055, 0.06303202117152097, -1e-05, 0.02068897919792507, -2e-05, 0, 0, 0, 0, 0], [0.0, 0.04137795839585014, -1e-05, 0.04137795839585014, 0.02068897919792507, 0, 0, 0, 0, 0], [0, 0.02068897919792507, -2e-05, 0.02068897919792507, 0.04137795839585014, -2e-05, -2e-05, 0, 0, 0], [0, 0, 0, 0.0, -1e-05, 0, 0, 0, 0, 0]], "10_easy_full": [[0, 0, 0, 0.0, -1e-05, 0.1951219512195122, -2e-05, 0.0, 0.0, 0], [0, 0, 0.0, 0.0, -2e-05, -1e-05, -1e-05, -1e-05, 0.1951219512195122, 0.1951219512195122], [0, 0, 0.0, -1e-05, -2e-05, -2e-05, -2e-05, -1e-05, 0.0, 0.0], [0, 0.0, 0.024390243902439025, -2e-05, -2e-05, -1e-05, -1e-05, -2e-05, -1e-05, -1e-05], [-2e-05, 0.0, 0.0, -1e-05, 0.0, -2e-05, -2e-05, 0.0, 0.0, 0.1951219512195122], [-1e-05, 0.0, 0.0, 0.0, 0.04878048780487805, 0.0, 0.0, 0.0, 0.0, 0], [-1e-05, -1e-05, 0.024390243902439025, 0, 0.024390243902439025, 0.04878048780487805, 0.0, 0.0, 0, 0], [-2e-05, -2e-05, 0.024390243902439025, 0, 0, 0.0, -1e-05, 0.0, 0, 0], [0, 0, 0, 0, 0, 0.0, -1e-05, 0.024390243902439025, 0, 0], [0, 0, 0, 0, 0, -2e-05, -2e-05, -2e-05, 0, 0]], "6_easy_pruned": [[0.0, -1e-05, -2e-05, -2e-05, 0.0, 0.03897633703271703], [0.0, -2e-05, -1e-05, -1e-05, 0.31181069626173624, 0.4128604589391507], [-1e-05, -2e-05, -2e-05, -2e-05, -1e-05, 0.11942349666824498], [-2e-05, 0.0, -1e-05, -1e-05, -2e-05, -1e-05], [-1e-05, 0.0, -2e-05, -2e-05, 0.0, 0.07795267406543406], [0.0, 0.0, 0.0, 0.0, 0.0, 0.03897633703271703]], "10_hard_pruned": [[0, 0, 0.019857724901037026, -2e-05, 0.0, 0.0, 0.0, 0, 0, 0], [0, 0, 0.0, -1e-05, 0.0, -2e-05, 0.0, 0.0, 0, 0], [0, -2e-05, -2e-05, 0.18120173972196288, -1e-05, -1e-05, -1e-05, 0.1588617992082962, -2e-05, 0], [0.019857724901037026, 0.019857724901037026, -2e-05, -1e-05, -2e-05, 0.06049948257021485, 0.0, 0.0, 0, 0], [0.040178603735625935, -1e-05, -1e-05, 0.06049948257021485, 0.06049948257021485, 0.019857724901037026, 0.03971544980207405, 0, 0, 0], [0.019857724901037026, -1e-05, -1e-05, 0.040178603735625935, -2e-05, 0, 0, 0, 0, 0], [-2e-05, 0.06049948257021485, -1e-05, 0.019857724901037026, -2e-05, 0, 0, 0, 0, 0], [0.0, 0.03971544980207405, -1e-05, 0.03971544980207405, 0.019857724901037026, 0, 0, 0, 0, 0], [0, 0.019857724901037026, -2e-05, 0.019857724901037026, 0.03971544980207405, -2e-05, -2e-05, 0, 0, 0], [0, 0, 0, 0.0, -1e-05, 0, 0, 0, 0, 0]], "6_easy_full": [[0.0, -1e-05, 0.25, -2e-05, 0.0, 0.0], [0.0, -2e-05, -1e-05, -1e-05, 0.25, 0.25], [-1e-05, -2e-05, -2e-05, -2e-05, -1e-05, 0.0], [-2e-05, 0.0, -1e-05, -1e-05, -2e-05, 0.25], [-1e-05, 0.0, -2e-05, -2e-05, 0.0, 0.0], [0.0, 0.0, 0.0, 0.0, 0.0, 0]], "10_medium_full": [[0, 0, 0, 0, 0, 0, 0, 0, 0, 0], [0, 0.0, 0.0, 0.0, 0.0, 0.0, 0, 0, 0, 0], [0, 0.0, -1e-05, 0.022141888838680523, 0.0, -2e-05, 0.0, 0, 0, 0], [0, 0.044283777677361046, 0.0669420954102382, -1e-05, -1e-05, 0.0669420954102382, 0.044283777677361046, 0.022141888838680523, 0.0, 0], [0, 0.1992769995481247, 0.0, 0.044283777677361046, -2e-05, -2e-05, -2e-05, -1e-05, -2e-05, 0], [0, 0.0, 0.1992769995481247, 0.044283777677361046, 0.0, -1e-05, -2e-05, -2e-05, 0.0, 0], [0, 0, 0.0, -1e-05, 0.0, -2e-05, 0.0, 0.0, 0, 0], [0, 0, 0.044283777677361046, 0.0906332709315086, -1e-05, -1e-05, 0.0669420954102382, 0.044283777677361046, 0, 0], [0, 0, 0.0, 0.0, 0.0, -1e-05, 0.0, 0.0, 0, 0], [0, 0, 0, 0.0, 0.0, 0.0, -2e-05, 0.0, 0, 0]], "6_hard_full": [[0.0, -2e-05, 0.0387385233092909, 0.17447906529270774, -1e-05, 0.01876866439403629], [0.01876866439403629, -2e-05, -1e-05, -2e-05, 0.0387385233092909, 0.0], [0.0387385233092909, -1e-05, 0.07987943566101846, 0.10345287813992804, 0.0387385233092909, 0], [0.15014931515229032, -1e-05, 0.10345287813992804, -2e-05, 0, 0], [0.01876866439403629, -1e-05, 0.08108063018223678, 0.05870838222454552, 0, 0], [0.01876866439403629, -2e-05, 0.0, 0.01876866439403629, -2e-05, 0]]}