{"10_easy_pruned": [[0, 0, 0, 0, -1e-05, -2e-05, -2e-05, 0, 0, 0], [0, 0, 0, 0, -2e-05, -1e-05, -1e-05, -1e-05, 0.12903225806451613, 0.6129032258064516], [0, 0, 0, -1e-05, -2e-05, -2e-05, -2e-05, -1e-05, 0, 0.03225806451612903], [0, 0, 0, -2e-05, -2e-05, -1e-05, -1e-05, -2e-05, -1e-05, -1e-05], [-2e-05, 0, 0, -1e-05, 0, -2e-05, -2e-05, 0, 0, -1e-05], [-1e-05, 0, 0, 0, 0.03225806451612903, 0, 0, 0, 0, 0.03225806451612903], [-1e-05, -1e-05, 0, 0, 0.03225806451612903, 0, 0, 0, 0, 0], [-2e-05, -2e-05, 0, 0, 0, 0, -1e-05, 0, 0, 0], [0, 0.03225806451612903, 0, 0, 0, 0, -1e-05, 0.03225806451612903, 0, 0], [0, 0, 0, 0, 0.06451612903225806, -2e-05, -2e-05, -2e-05, 0, 0]], "10_medium_pruned": [[0, 0, 0, 0, 0, 0, 0, 0, 0, 0], [0, 0, 0, 0, 0, 0, 0, 0, 0, 0], [0, 0, -1e-05, 0, 0, -2e-05, 0, 0, 0, 0], [0, 0.0625, -1e-05, -1e-05, -1e-05, -2e-05, 0, 0, 0, 0], [0, 0.03125, 0.0625, 0.0625, -2e-05, -2e-05, -2e-05, -1e-05, -2e-05, 0], [0, 0, 0.71875, 0, 0, -1e-05, -2e-05, -2e-05, 0, 0], [0, 0, 0, -1e-05, 0, -2e-05, 0, 0, 0, 0], [0, 0, 0, 0.03125, -1e-05, -1e-05, 0, 0, 0, 0], [0, 0, 0, 0, 0, -1e-05, 0, 0, 0, 0], [0, 0, 0.03125, 0, 0, 0, -2e-05, 0, 0, 0]], "6_hard_pruned": [[0, -2e-05, 0.25, -1e-05, -1e-05, 0.03125], [0, -2e-05, -1e-05, -2e-05, 0, 0], [0.03125, -1e-05, 0.21875, 0.0625, 0, 0], [-2e-05, -1e-05, 0.15625, -2e-05, 0, 0], [0, -1e-05, 0, 0, 0.03125, 0], [0.03125, -2e-05, 0.125, 0.0625, -2e-05, 0]], "10_hard_full": [[0, 0, 0, -2e-05, 0, 0, 0, 0, 0, 0], [0, 0, 0, -1e-05, 0, -2e-05, 0, 0, 0, 0], [0, -2e-05, -2e-05, 0.1, 0.4, -1e-05, -1e-05, 0, -2e-05, 0], [0, 0, -2e-05, -1e-05, -2e-05, 0, 0, 0, 0, 0], [0, -1e-05, -1e-05, 0.13333333333333333, 0.23333333333333334, 0, 0, 0, 0, 0], [0, -1e-05, -1e-05, 0, -2e-05, 0, 0, 0, 0, 0], [0, 0, -1e-05, 0, -2e-05, 0, 0, 0, 0, 0], [0, 0, -1e-05, 0.03333333333333333, 0, 0.03333333333333333, 0.03333333333333333, 0, 0, 0], [0, 0, -2e-05, 0.03333333333333333, 0, -2e-05, -2e-05, 0, 0, 0], [0, 0, 0, 0, -1e-05, 0, 0, 0, 0, 0]], "10_easy_full": [[0, 0.024390243902439025, 0, 0, -1e-05, 0, -2e-05, 0, 0, 0], [0, 0, 0, 0, -2e-05, -1e-05, -1e-05, -1e-05, 0.17073170731707318, 0.1951219512195122], [0, 0, 0, -1e-05, -2e-05, -2e-05, -2e-05, -1e-05, 0, 0.024390243902439025], [0, 0, 0, -2e-05, -2e-05, -1e-05, -1e-05, -2e-05, -1e-05, -1e-05], [-2e-05, 0, 0, -1e-05, 0, -2e-05, -2e-05, 0.04878048780487805, 0, 0.21951219512195122], [-1e-05, 0.04878048780487805, 0, 0.04878048780487805, 0.04878048780487805, 0, 0, 0, 0, 0], [-1e-05, -1e-05, 0.024390243902439025, 0, 0, 0.024390243902439025, 0, 0.024390243902439025, 0, 0], [-2e-05, -2e-05, 0, 0, 0, 0, -1e-05, 0, 0, 0], [0.024390243902439025, 0, 0, 0, 0, 0, -1e-05, 0, 0, 0], [0, 0, 0, 0, 0.04878048780487805, -2e-05, -2e-05, -2e-05, 0.024390243902439025, 0]], "6_easy_pruned": [[0, -1e-05, -2e-05, -2e-05, 0, 0], [0, -2e-05, -1e-05, -1e-05, 0.06976744186046512, 0.7441860465116279], [-1e-05, -2e-05, -2e-05, -2e-05, -1e-05, 0.13953488372093023], [-2e-05, 0, -1e-05, -1e-05, -2e-05, -1e-05], [-1e-05, 0.023255813953488372, -2e-05, -2e-05, 0, 0], [0, 0, 0, 0, 0, 0.023255813953488372]], "10_hard_pruned": [[0, 0, 0, -2e-05, 0, 0, 0, 0, 0, 0], [0, 0, 0, -1e-05, 0, -2e-05, 0, 0, 0, 0], [0, -2e-05, -2e-05, 0.37142857142857144, -1e-05, -1e-05, -1e-05, 0.08571428571428572, -2e-05, 0], [0, 0, -2e-05, -1e-05, -2e-05, 0.05714285714285714, 0, 0, 0, 0], [0, -1e-05, -1e-05, 0.22857142857142856, 0.08571428571428572, 0, 0.02857142857142857, 0, 0, 0], [0, -1e-05, -1e-05, 0, -2e-05, 0.02857142857142857, 0, 0, 0, 0], [-2e-05, 0.02857142857142857, -1e-05, 0.02857142857142857, -2e-05, 0, 0, 0, 0, 0], [0, 0.02857142857142857, -1e-05, 0, 0, 0, 0, 0, 0, 0], [0, 0, -2e-05, 0, 0, -2e-05, -2e-05, 0, 0, 0], [0, 0, 0, 0.02857142857142857, -1e-05, 0, 0, 0, 0, 0]], "6_easy_full": [[0, -1e-05, 0.1, -2e-05, 0, 0], [0, -2e-05, -1e-05, -1e-05, 0.1, 0.06666666666666667], [-1e-05, -2e-05, -2e-05, -2e-05, -1e-05, 0], [-2e-05, 0.03333333333333333, -1e-05, -1e-05, -2e-05, 0.5], [-1e-05, 0.03333333333333333, -2e-05, -2e-05, 0, 0.13333333333333333], [0, 0, 0, 0, 0, 0.03333333333333333]], "10_medium_full": [[0, 0, 0, 0, 0, 0, 0, 0, 0, 0], [0, 0, 0, 0, 0, 0, 0, 0, 0, 0], [0, 0, -1e-05, 0, 0, -2e-05, 0, 0, 0, 0], [0, 0.024390243902439025, 0.17073170731707318, -1e-05, -1e-05, 0.024390243902439025, 0.024390243902439025, 0, 0, 0], [0, 0, 0.04878048780487805, 0.14634146341463414, -2e-05, -2e-05, -2e-05, -1e-05, -2e-05, 0], [0, 0, 0.34146341463414637, 0, 0.024390243902439025, -1e-05, -2e-05, -2e-05, 0, 0], [0, 0, 0, -1e-05, 0.04878048780487805, -2e-05, 0, 0, 0, 0], [0, 0, 0, 0.04878048780487805, -1e-05, -1e-05, 0.04878048780487805, 0, 0, 0], [0, 0, 0, 0, 0.024390243902439025, -1e-05, 0, 0, 0, 0], [0, 0, 0.024390243902439025, 0, 0, 0, -2e-05, 0, 0, 0]], "6_hard_full": [[0, -2e-05, 0, 0.34210526315789475, -1e-05, 0.02631578947368421], [0, -2e-05, -1e-05, -2e-05, 0, 0], [0, -1e-05, 0.07894736842105263, 0.21052631578947367, 0.02631578947368421, 0], [0.02631578947368421, -1e-05, 0.07894736842105263, -2e-05, 0, 0], [0, -1e-05, 0, 0.02631578947368421, 0, 0], [0, -2e-05, 0.05263157894736842, 0.13157894736842105, -2e-05, 0]]}