{"6_easy_pruned.json": [[0.0, -1e-05, -2e-05, -2e-05, 0.0, 0.07142857142857142], [0.0, -2e-05, -1e-05, -1e-05, 0.03571428571428571, 0.03571428571428571], [-1e-05, -2e-05, -2e-05, -2e-05, -1e-05, 0.10714285714285714], [-2e-05, 0.32142857142857145, -1e-05, -1e-05, -2e-05, -1e-05], [-1e-05, 0.0, -2e-05, -2e-05, 0.0, 0.14285714285714285], [0.03571428571428571, 0.03571428571428571, 0.03571428571428571, 0.03571428571428571, 0.03571428571428571, 0.10714285714285714]], "6_easy_full.json": [[0.017857142857142856, -1e-05, 0.03571428571428571, -2e-05, 0.017857142857142856, 0.08928571428571429], [0.017857142857142856, -2e-05, -1e-05, -1e-05, 0.03571428571428571, 0.03571428571428571], [-1e-05, -2e-05, -2e-05, -2e-05, -1e-05, 0.10714285714285714], [-2e-05, 0.16071428571428573, -1e-05, -1e-05, -2e-05, 0.03571428571428571], [-1e-05, 0.017857142857142856, -2e-05, -2e-05, 0.017857142857142856, 0.14285714285714285], [0.05357142857142857, 0.05357142857142857, 0.05357142857142857, 0.05357142857142857, 0.05357142857142857, 0.0]]}