{"6_easy_pruned.json": [[0.05, -1e-05, -2e-05, -2e-05, 0.05, 0.05], [0.05, -2e-05, -1e-05, -1e-05, 0.025, 0.025], [-1e-05, -2e-05, -2e-05, -2e-05, -1e-05, 0.125], [-2e-05, 0.1, -1e-05, -1e-05, -2e-05, -1e-05], [-1e-05, 0.05, -2e-05, -2e-05, 0.05, 0.1], [0.05, 0.05, 0.05, 0.05, 0.05, 0.075]], "6_easy_full.json": [[0.05084745762711865, -1e-05, 0.01694915254237288, -2e-05, 0.05084745762711865, 0.05084745762711865], [0.05084745762711865, -2e-05, -1e-05, -1e-05, 0.03389830508474576, 0.03389830508474576], [-1e-05, -2e-05, -2e-05, -2e-05, -1e-05, 0.1016949152542373], [-2e-05, 0.0847457627118644, -1e-05, -1e-05, -2e-05, 0.01694915254237288], [-1e-05, 0.05084745762711865, -2e-05, -2e-05, 0.05084745762711865, 0.0847457627118644], [0.05084745762711865, 0.05084745762711865, 0.05084745762711865, 0.05084745762711865, 0.05084745762711865, 0.06779661016949153]]}