{"10_easy_full.json": [[0.008166969147005444, 0.011796733212341199, 0.011796733212341199, 0.011796733212341199, -1e-05, 0.011796733212341199, -2e-05, 0.008166969147005444, 0.011796733212341199, 0.008166969147005444], [0.009981851179673321, 0.008166969147005444, 0.008166969147005444, 0.008166969147005444, -2e-05, -1e-05, -1e-05, -1e-05, 0.015426497277676952, 0.015426497277676952], [0.008166969147005444, 0.009981851179673321, 0.008166969147005444, -1e-05, -2e-05, -2e-05, -2e-05, -1e-05, 0.013611615245009074, 0.009981851179673321], [0.008166969147005444, 0.008166969147005444, 0.022686025408348458, -2e-05, -2e-05, -1e-05, -1e-05, -2e-05, -1e-05, -1e-05], [-2e-05, 0.008166969147005444, 0.008166969147005444, -1e-05, 0.006352087114337568, -2e-05, -2e-05, 0.008166969147005444, 0.011796733212341199, 0.011796733212341199], [-1e-05, 0.008166969147005444, 0.008166969147005444, 0.008166969147005444, 0.019056261343012703, 0.006352087114337568, 0.008166969147005444, 0.008166969147005444, 0.011796733212341199, 0.011796733212341199], [-1e-05, -1e-05, 0.013611615245009074, 0.013611615245009074, 0.013611615245009074, 0.022686025408348458, 0.008166969147005444, 0.009981851179673321, 0.008166969147005444, 0.011796733212341199], [-2e-05, -2e-05, 0.019056261343012703, 0.008166969147005444, 0.008166969147005444, 0.008166969147005444, -1e-05, 0.008166969147005444, 0.008166969147005444, 0.011796733212341199], [0.008166969147005444, 0.008166969147005444, 0.008166969147005444, 0.019056261343012703, 0.008166969147005444, 0.009981851179673321, -1e-05, 0.024500907441016333, 0.008166969147005444, 0.008166969147005444], [0.008166969147005444, 0.008166969147005444, 0.008166969147005444, 0.2849364791288566, 0.017241379310344827, -2e-05, -2e-05, -2e-05, 0.007259528130671506, 0.008166969147005444]], "10_easy_pruned.json": [[0.008733624454148471, 0.008733624454148471, 0.008733624454148471, 0.008733624454148471, -1e-05, -2e-05, -2e-05, 0.008733624454148471, 0.013100436681222707, 0.008733624454148471], [0.008733624454148471, 0.008733624454148471, 0.008733624454148471, 0.008733624454148471, -2e-05, -1e-05, -1e-05, -1e-05, 0.013100436681222707, 0.013100436681222707], [0.008733624454148471, 0.008733624454148471, 0.008733624454148471, -1e-05, -2e-05, -2e-05, -2e-05, -1e-05, 0.013100436681222707, 0.013100436681222707], [0.008733624454148471, 0.008733624454148471, 0.021834061135371178, -2e-05, -2e-05, -1e-05, -1e-05, -2e-05, -1e-05, -1e-05], [-2e-05, 0.008733624454148471, 0.008733624454148471, -1e-05, 0.008733624454148471, -2e-05, -2e-05, 0.008733624454148471, 0.013100436681222707, -1e-05], [-1e-05, 0.008733624454148471, 0.008733624454148471, 0.008733624454148471, 0.021834061135371178, 0.008733624454148471, 0.008733624454148471, 0.008733624454148471, 0.013100436681222707, 0.017467248908296942], [-1e-05, -1e-05, 0.013100436681222707, 0.013100436681222707, 0.013100436681222707, 0.021834061135371178, 0.008733624454148471, 0.013100436681222707, 0.008733624454148471, 0.017467248908296942], [-2e-05, -2e-05, 0.017467248908296942, 0.008733624454148471, 0.008733624454148471, 0.008733624454148471, -1e-05, 0.008733624454148471, 0.008733624454148471, 0.017467248908296942], [0.008733624454148471, 0.008733624454148471, 0.008733624454148471, 0.017467248908296942, 0.008733624454148471, 0.013100436681222707, -1e-05, 0.021834061135371178, 0.008733624454148471, 0.008733624454148471], [0.008733624454148471, 0.008733624454148471, 0.008733624454148471, 0.27510917030567683, 0.017467248908296942, -2e-05, -2e-05, -2e-05, 0.008733624454148471, 0.008733624454148471]]}