{"10_medium_full.json": [[0.0, 0.0, 0.009708737864077669, 0.009708737864077669, 0.009708737864077669, 0.0, 0.009708737864077669, 0.009708737864077669, 0.0, 0.0], [0.0, 0.0, 0.019417475728155338, 0.009708737864077669, 0.0, 0.009708737864077669, 0.0, 0.009708737864077669, 0.0, 0.0], [0.009708737864077669, 0.009708737864077669, -1e-05, 0.019417475728155338, 0.009708737864077669, -2e-05, 0.0, 0.009708737864077669, 0.0, 0.0], [0.038834951456310676, 0.02912621359223301, 0.06796116504854369, -1e-05, -1e-05, 0.05825242718446602, 0.019417475728155338, 0.019417475728155338, 0.009708737864077669, 0.0], [0.009708737864077669, 0.06796116504854369, 0.02912621359223301, 0.02912621359223301, -2e-05, -2e-05, -2e-05, -1e-05, -2e-05, 0.009708737864077669], [0.0, 0.009708737864077669, 0.06796116504854369, 0.02912621359223301, 0.009708737864077669, -1e-05, -2e-05, -2e-05, 0.009708737864077669, 0.0], [0.009708737864077669, 0.009708737864077669, 0.009708737864077669, -1e-05, 0.009708737864077669, -2e-05, 0.009708737864077669, 0.009708737864077669, 0.0, 0.0], [0.009708737864077669, 0.019417475728155338, 0.019417475728155338, 0.019417475728155338, -1e-05, -1e-05, 0.019417475728155338, 0.019417475728155338, 0.019417475728155338, 0.009708737864077669], [0.0, 0.009708737864077669, 0.009708737864077669, 0.009708737864077669, 0.009708737864077669, -1e-05, 0.009708737864077669, 0.009708737864077669, 0.009708737864077669, 0.009708737864077669], [0.009708737864077669, 0.009708737864077669, 0.0, 0.009708737864077669, 0.009708737864077669, 0.0, -2e-05, 0.009708737864077669, 0.0, 0.009708737864077669]], "10_hard_pruned.json": [[0.0, 0.0, 0.013157894736842105, -2e-05, 0.0, 0.0, 0.013157894736842105, 0.0, 0.013157894736842105, 0.0], [0.05263157894736842, 0.013157894736842105, 0.013157894736842105, -1e-05, 0.013157894736842105, -2e-05, 0.013157894736842105, 0.013157894736842105, 0.0, 0.0], [0.0, -2e-05, -2e-05, 0.05263157894736842, -1e-05, -1e-05, -1e-05, 0.05263157894736842, -2e-05, 0.0], [0.02631578947368421, 0.02631578947368421, -2e-05, -1e-05, -2e-05, 0.06578947368421052, 0.013157894736842105, 0.0, 0.0, 0.0], [0.013157894736842105, -1e-05, -1e-05, 0.02631578947368421, 0.013157894736842105, 0.013157894736842105, 0.06578947368421052, 0.013157894736842105, 0.0, 0.0], [0.013157894736842105, -1e-05, -1e-05, 0.02631578947368421, -2e-05, 0.013157894736842105, 0.013157894736842105, 0.013157894736842105, 0.013157894736842105, 0.0], [-2e-05, 0.02631578947368421, -1e-05, 0.02631578947368421, -2e-05, 0.013157894736842105, 0.013157894736842105, 0.0, 0.013157894736842105, 0.013157894736842105], [0.013157894736842105, 0.013157894736842105, -1e-05, 0.013157894736842105, 0.02631578947368421, 0.013157894736842105, 0.013157894736842105, 0.013157894736842105, 0.0, 0.0], [0.013157894736842105, 0.013157894736842105, -2e-05, 0.013157894736842105, 0.013157894736842105, -2e-05, -2e-05, 0.0, 0.0, 0.0], [0.013157894736842105, 0.013157894736842105, 0.013157894736842105, 0.013157894736842105, -1e-05, 0.013157894736842105, 0.013157894736842105, 0.013157894736842105, 0.013157894736842105, 0.0]], "10_hard_full.json": [[0.010101010101010102, 0.010101010101010102, 0.010101010101010102, -2e-05, 0.010101010101010102, 0.010101010101010102, 0.010101010101010102, 0.010101010101010102, 0.010101010101010102, 0.010101010101010102], [0.0707070707070707, 0.010101010101010102, 0.010101010101010102, -1e-05, 0.010101010101010102, -2e-05, 0.010101010101010102, 0.010101010101010102, 0.010101010101010102, 0.010101010101010102], [0.010101010101010102, -2e-05, -2e-05, 0.04040404040404041, 0.04040404040404041, -1e-05, -1e-05, 0.04040404040404041, -2e-05, 0.010101010101010102], [0.030303030303030304, 0.010101010101010102, -2e-05, -1e-05, -2e-05, 0.010101010101010102, 0.010101010101010102, 0.010101010101010102, 0.010101010101010102, 0.010101010101010102], [0.010101010101010102, -1e-05, -1e-05, 0.010101010101010102, 0.010101010101010102, 0.010101010101010102, 0.010101010101010102, 0.010101010101010102, 0.010101010101010102, 0.010101010101010102], [0.010101010101010102, -1e-05, -1e-05, 0.010101010101010102, -2e-05, 0.010101010101010102, 0.010101010101010102, 0.010101010101010102, 0.010101010101010102, 0.010101010101010102], [0.010101010101010102, 0.010101010101010102, -1e-05, 0.030303030303030304, -2e-05, 0.010101010101010102, 0.010101010101010102, 0.010101010101010102, 0.010101010101010102, 0.010101010101010102], [0.010101010101010102, 0.010101010101010102, -1e-05, 0.010101010101010102, 0.04040404040404041, 0.010101010101010102, 0.010101010101010102, 0.010101010101010102, 0.010101010101010102, 0.010101010101010102], [0.010101010101010102, 0.010101010101010102, -2e-05, 0.010101010101010102, 0.010101010101010102, -2e-05, -2e-05, 0.010101010101010102, 0.010101010101010102, 0.010101010101010102], [0.010101010101010102, 0.010101010101010102, 0.010101010101010102, 0.010101010101010102, -1e-05, 0.010101010101010102, 0.010101010101010102, 0.010101010101010102, 0.010101010101010102, 0.010101010101010102]], "10_medium_pruned.json": [[0.0, 0.0, 0.023809523809523808, 0.0, 0.0, 0.0, 0.0, 0.0, 0.0, 0.0], [0.0, 0.0, 0.047619047619047616, 0.07142857142857142, 0.0, 0.023809523809523808, 0.0, 0.0, 0.0, 0.0], [0.0, 0.0, -1e-05, 0.023809523809523808, 0.07142857142857142, -2e-05, 0.0, 0.0, 0.0, 0.0], [0.07142857142857142, 0.07142857142857142, -1e-05, -1e-05, -1e-05, -2e-05, 0.0, 0.0, 0.0, 0.0], [0.0, 0.07142857142857142, 0.14285714285714285, 0.023809523809523808, -2e-05, -2e-05, -2e-05, -1e-05, -2e-05, 0.0], [0.0, 0.0, 0.16666666666666666, 0.023809523809523808, 0.0, -1e-05, -2e-05, -2e-05, 0.0, 0.0], [0.0, 0.0, 0.023809523809523808, -1e-05, 0.0, -2e-05, 0.0, 0.0, 0.0, 0.0], [0.0, 0.023809523809523808, 0.023809523809523808, 0.023809523809523808, -1e-05, -1e-05, 0.023809523809523808, 0.023809523809523808, 0.023809523809523808, 0.0], [0.0, 0.0, 0.0, 0.0, 0.0, -1e-05, 0.0, 0.0, 0.0, 0.0], [0.0, 0.0, 0.0, 0.0, 0.0, 0.0, -2e-05, 0.0, 0.0, 0.0]], "6_hard_pruned.json": [[0.01694915254237288, -2e-05, 0.01694915254237288, -1e-05, -1e-05, 0.01694915254237288], [0.03389830508474576, -2e-05, -1e-05, -2e-05, 0.03389830508474576, 0.01694915254237288], [0.03389830508474576, -1e-05, 0.05084745762711865, 0.13559322033898305, 0.06779661016949153, 0.01694915254237288], [-2e-05, -1e-05, 0.13559322033898305, -2e-05, 0.05084745762711865, 0.06779661016949153], [0.03389830508474576, -1e-05, 0.03389830508474576, 0.05084745762711865, 0.05084745762711865, 0.03389830508474576], [0.03389830508474576, -2e-05, 0.01694915254237288, 0.03389830508474576, -2e-05, 0.01694915254237288]], "6_hard_full.json": [[0.018518518518518517, -2e-05, 0.05555555555555555, 0.037037037037037035, -1e-05, 0.05555555555555555], [0.07407407407407407, -2e-05, -1e-05, -2e-05, 0.018518518518518517, 0.018518518518518517], [0.037037037037037035, -1e-05, 0.018518518518518517, 0.018518518518518517, 0.018518518518518517, 0.018518518518518517], [0.018518518518518517, -1e-05, 0.05555555555555555, -2e-05, 0.018518518518518517, 0.018518518518518517], [0.09259259259259259, -1e-05, 0.12962962962962962, 0.037037037037037035, 0.14814814814814814, 0.018518518518518517], [0.018518518518518517, -2e-05, 0.018518518518518517, 0.018518518518518517, -2e-05, 0.018518518518518517]], "6_easy_full.json": [[0.025, -1e-05, 0.1, -2e-05, 0.025, 0.025], [0.025, -2e-05, -1e-05, -1e-05, 0.15, 0.15], [-1e-05, -2e-05, -2e-05, -2e-05, -1e-05, 0.025], [-2e-05, 0.1, -1e-05, -1e-05, -2e-05, 0.1], [-1e-05, 0.075, -2e-05, -2e-05, 0.025, 0.025], [0.025, 0.025, 0.025, 0.025, 0.025, 0.025]], "6_easy_pruned.json": [[0.0, -1e-05, -2e-05, -2e-05, 0.043478260869565216, 0.08695652173913043], [0.0, -2e-05, -1e-05, -1e-05, 0.17391304347826086, 0.21739130434782608], [-1e-05, -2e-05, -2e-05, -2e-05, -1e-05, 0.13043478260869565], [-2e-05, 0.17391304347826086, -1e-05, -1e-05, -2e-05, -1e-05], [-1e-05, 0.043478260869565216, -2e-05, -2e-05, 0.0, 0.08695652173913043], [0.0, 0.0, 0.0, 0.0, 0.0, 0.043478260869565216]],