{"10_medium_full.json": [[0.0, 0.0, 0.0, 0.0, 0.0, 0.0, 0.0, 0.0, 0.0, 0.0], [0.0, 0.009174311926605505, 0.045871559633027525, 0.01834862385321101, 0.009174311926605505, 0.01834862385321101, 0.0, 0.0, 0.0, 0.0], [0.0, 0.01834862385321101, -1e-05, 0.01834862385321101, 0.01834862385321101, -2e-05, 0.0, 0.0, 0.0, 0.0], [0.0, 0.05504587155963303, 0.10091743119266056, -1e-05, -1e-05, 0.01834862385321101, 0.01834862385321101, 0.01834862385321101, 0.01834862385321101, 0.0], [0.0, 0.009174311926605505, 0.027522935779816515, 0.01834862385321101, -2e-05, -2e-05, -2e-05, -1e-05, -2e-05, 0.0], [0.0, 0.05504587155963303, 0.009174311926605505, 0.01834862385321101, 0.05504587155963303, -1e-05, -2e-05, -2e-05, 0.01834862385321101, 0.0], [0.0, 0.0, 0.045871559633027525, -1e-05, 0.05504587155963303, -2e-05, 0.01834862385321101, 0.01834862385321101, 0.0, 0.0], [0.0, 0.0, 0.01834862385321101, 0.01834862385321101, -1e-05, -1e-05, 0.01834862385321101, 0.01834862385321101, 0.0, 0.0], [0.0, 0.0, 0.01834862385321101, 0.01834862385321101, 0.01834862385321101, -1e-05, 0.05504587155963303, 0.01834862385321101, 0.0, 0.0], [0.0, 0.0, 0.0, 0.01834862385321101, 0.01834862385321101, 0.009174311926605505, -2e-05, 0.01834862385321101, 0.0, 0.0]], "10_hard_pruned.json": [[0.0, 0.0, 0.03125, -2e-05, 0.010416666666666666, 0.010416666666666666, 0.020833333333333332, 0.0, 0.0, 0.0], [0.041666666666666664, 0.0, 0.020833333333333332, -1e-05, 0.020833333333333332, -2e-05, 0.020833333333333332, 0.020833333333333332, 0.0, 0.0], [0.0, -2e-05, -2e-05, 0.020833333333333332, -1e-05, -1e-05, -1e-05, 0.010416666666666666, -2e-05, 0.0], [0.03125, 0.03125, -2e-05, -1e-05, -2e-05, 0.03125, 0.020833333333333332, 0.010416666666666666, 0.0, 0.0], [0.03125, -1e-05, -1e-05, 0.07291666666666667, 0.052083333333333336, 0.07291666666666667, 0.03125, 0.0, 0.0, 0.0], [0.03125, -1e-05, -1e-05, 0.020833333333333332, -2e-05, 0.0, 0.0, 0.0, 0.0, 0.0], [-2e-05, 0.03125, -1e-05, 0.03125, -2e-05, 0.0, 0.0, 0.0, 0.0, 0.0], [0.020833333333333332, 0.03125, -1e-05, 0.03125, 0.03125, 0.0, 0.0, 0.0, 0.0, 0.0], [0.0, 0.03125, -2e-05, 0.0625, 0.03125, -2e-05, -2e-05, 0.0, 0.010416666666666666, 0.0], [0.0, 0.0, 0.0, 0.020833333333333332, -1e-05, 0.0, 0.0, 0.0, 0.0, 0.0]], "10_hard_full.json": [[0.0, 0.0, 0.014084507042253521, -2e-05, 0.014084507042253521, 0.014084507042253521, 0.014084507042253521, 0.014084507042253521, 0.0, 0.0], [0.04225352112676056, 0.014084507042253521, 0.014084507042253521, -1e-05, 0.014084507042253521, -2e-05, 0.014084507042253521, 0.014084507042253521, 0.0, 0.0], [0.014084507042253521, -2e-05, -2e-05, 0.014084507042253521, 0.014084507042253521, -1e-05, -1e-05, 0.014084507042253521, -2e-05, 0.0], [0.014084507042253521, 0.014084507042253521, -2e-05, -1e-05, -2e-05, 0.014084507042253521, 0.014084507042253521, 0.014084507042253521, 0.0, 0.0], [0.014084507042253521, -1e-05, -1e-05, 0.19718309859154928, 0.014084507042253521, 0.16901408450704225, 0.014084507042253521, 0.014084507042253521, 0.0, 0.0], [0.014084507042253521, -1e-05, -1e-05, 0.028169014084507043, -2e-05, 0.0, 0.0, 0.0, 0.0, 0.0], [0.014084507042253521, 0.014084507042253521, -1e-05, 0.014084507042253521, -2e-05, 0.0, 0.0, 0.0, 0.0, 0.0], [0.014084507042253521, 0.014084507042253521, -1e-05, 0.014084507042253521, 0.014084507042253521, 0.0, 0.0, 0.0, 0.0, 0.0], [0.014084507042253521, 0.014084507042253521, -2e-05, 0.028169014084507043, 0.014084507042253521, -2e-05, -2e-05, 0.0, 0.014084507042253521, 0.0], [0.0, 0.0, 0.014084507042253521, 0.014084507042253521, -1e-05, 0.014084507042253521, 0.0, 0.0, 0.0, 0.0]], "10_medium_pruned.json": [[0.0, 0.0, 0.0, 0.0, 0.0, 0.0, 0.0, 0.0, 0.0, 0.0], [0.014285714285714285, 0.0, 0.07142857142857142, 0.014285714285714285, 0.02857142857142857, 0.014285714285714285, 0.0, 0.0, 0.0, 0.0], [0.014285714285714285, 0.014285714285714285, -1e-05, 0.04285714285714286, 0.014285714285714285, -2e-05, 0.0, 0.0, 0.0, 0.0], [0.04285714285714286, 0.04285714285714286, -1e-05, -1e-05, -1e-05, -2e-05, 0.0, 0.014285714285714285, 0.0, 0.0], [0.014285714285714285, 0.014285714285714285, 0.07142857142857142, 0.04285714285714286, -2e-05, -2e-05, -2e-05, -1e-05, -2e-05, 0.0], [0.0, 0.02857142857142857, 0.014285714285714285, 0.04285714285714286, 0.02857142857142857, -1e-05, -2e-05, -2e-05, 0.014285714285714285, 0.0], [0.0, 0.0, 0.07142857142857142, -1e-05, 0.014285714285714285, -2e-05, 0.014285714285714285, 0.014285714285714285, 0.0, 0.0], [0.0, 0.0, 0.04285714285714286, 0.04285714285714286, -1e-05, -1e-05, 0.04285714285714286, 0.04285714285714286, 0.0, 0.0], [0.0, 0.0, 0.014285714285714285, 0.014285714285714285, 0.014285714285714285, -1e-05, 0.014285714285714285, 0.014285714285714285, 0.0, 0.0], [0.0, 0.0, 0.0, 0.014285714285714285, 0.014285714285714285, 0.0, -2e-05, 0.014285714285714285, 0.0, 0.0]], "6_hard_pruned.json": [[0.1951219512195122, -2e-05, 0.04878048780487805, -1e-05, -1e-05, 0.024390243902439025], [0.024390243902439025, -2e-05, -1e-05, -2e-05, 0.024390243902439025, 0.024390243902439025], [0.07317073170731707, -1e-05, 0.07317073170731707, 0.024390243902439025, 0.024390243902439025, 0.024390243902439025], [-2e-05, -1e-05, 0.04878048780487805, -2e-05, 0.0, 0.0], [0.024390243902439025, -1e-05, 0.12195121951219512, 0.04878048780487805, 0.024390243902439025, 0.0], [0.024390243902439025, -2e-05, 0.0975609756097561, 0.04878048780487805, -2e-05, 0.0]], "6_hard_full.json": [[0.18604651162790697, -2e-05, 0.046511627906976744, 0.09302325581395349, -1e-05, 0.023255813953488372], [0.023255813953488372, -2e-05, -1e-05, -2e-05, 0.023255813953488372, 0.023255813953488372], [0.023255813953488372, -1e-05, 0.09302325581395349, 0.046511627906976744, 0.023255813953488372, 0.0], [0.023255813953488372, -1e-05, 0.023255813953488372, -2e-05, 0.0, 0.0], [0.023255813953488372, -1e-05, 0.11627906976744186, 0.023255813953488372, 0.023255813953488372, 0.0], [0.046511627906976744, -2e-05, 0.06976744186046512, 0.046511627906976744, -2e-05, 0.0]], "6_easy_full.json": [[0.017857142857142856, -1e-05, 0.03571428571428571, -2e-05, 0.017857142857142856, 0.08928571428571429], [0.017857142857142856, -2e-05, -1e-05, -1e-05, 0.03571428571428571, 0.03571428571428571], [-1e-05, -2e-05, -2e-05, -2e-05, -1e-05, 0.10714285714285714], [-2e-05, 0.16071428571428573, -1e-05, -1e-05, -2e-05, 0.03571428571428571], [-1e-05, 0.017857142857142856, -2e-05, -2e-05, 0.017857142857142856, 0.14285714285714285], [0.05357142857142857, 0.05357142857142857, 0.05357142857142857, 0.05357142857142857, 0.05357142857142857, 0.0]], "6_easy_pruned.json": [[0.0, -1e-05, -2e-05, -2e-05, 0.0, 0.07142857142857142], [0.0, -2e-05, -1e-05, -1e-05, 0.03571428571428571, 0.03571428571428571], [-1e-05, -2e-05, -2e-05, -2e-05, -1e-05, 0.10714285714285714], [-2e-05, 0.32142857142857145, -1e-05, -1e-05, -2e-05, -1e-05], [-1e-05, 0.0, -2e-05, -2e-05, 0.0, 0.14285714285714285], [0.03571428571428571, 0.03571428571428571, 0.03571428571428571, 0.03571428571428571, 0.03571428571428571, 0.10714285714285714]],