{"6_easy_pruned.json": [[0.05128205128205128, -1e-05, -2e-05, -2e-05, 0.05128205128205128, 0.05128205128205128], [0.05128205128205128, -2e-05, -1e-05, -1e-05, 0.02564102564102564, 0.02564102564102564], [-1e-05, -2e-05, -2e-05, -2e-05, -1e-05, 0.07692307692307693], [-2e-05, 0.10256410256410256, -1e-05, -1e-05, -2e-05, -1e-05], [-1e-05, 0.05128205128205128, -2e-05, -2e-05, 0.05128205128205128, 0.10256410256410256], [0.05128205128205128, 0.05128205128205128, 0.07692307692307693, 0.05128205128205128, 0.05128205128205128, 0.07692307692307693]], "6_easy_full.json": [[0.05263157894736842, -1e-05, 0.017543859649122806, -2e-05, 0.05263157894736842, 0.05263157894736842], [0.05263157894736842, -2e-05, -1e-05, -1e-05, 0.03508771929824561, 0.03508771929824561], [-1e-05, -2e-05, -2e-05, -2e-05, -1e-05, 0.07017543859649122], [-2e-05, 0.08771929824561403, -1e-05, -1e-05, -2e-05, 0.017543859649122806], [-1e-05, 0.05263157894736842, -2e-05, -2e-05, 0.05263157894736842, 0.08771929824561403], [0.05263157894736842, 0.05263157894736842, 0.05263157894736842, 0.05263157894736842, 0.05263157894736842, 0.07017543859649122]]}