{"6_easy_pruned.json": [[0.0, -1e-05, -2e-05, -2e-05, 0.0, 0.07142857142857142], [0.0, -2e-05, -1e-05, -1e-05, 0.03571428571428571, 0.03571428571428571], [-1e-05, -2e-05, -2e-05, -2e-05, -1e-05, 0.10714285714285714], [-2e-05, 0.32142857142857145, -1e-05, -1e-05, -2e-05, -1e-05], [-1e-05, 0.0, -2e-05, -2e-05, 0.0, 0.14285714285714285], [0.03571428571428571, 0.03571428571428571, 0.03571428571428571, 0.03571428571428571, 0.03571428571428571, 0.10714285714285714]], "6_easy_full.json": [[0.017241379310344827, -1e-05, 0.034482758620689655, -2e-05, 0.017241379310344827, 0.06896551724137931], [0.017241379310344827, -2e-05, -1e-05, -1e-05, 0.034482758620689655, 0.034482758620689655], [-1e-05, -2e-05, -2e-05, -2e-05, -1e-05, 0.08620689655172414], [-2e-05, 0.1724137931034483, -1e-05, -1e-05, -2e-05, 0.034482758620689655], [-1e-05, 0.017241379310344827, -2e-05, -2e-05, 0.017241379310344827, 0.10344827586206896], [0.05172413793103448, 0.05172413793103448, 0.05172413793103448, 0.05172413793103448, 0.05172413793103448, 0.08620689655172414]]}