{"10_medium_full.json": [[0.012195121951219513, 0.012195121951219513, 0.012195121951219513, 0.012195121951219513, 0.012195121951219513, 0.012195121951219513, 0.012195121951219513, 0.012195121951219513, 0.012195121951219513, 0.012195121951219513], [0.012195121951219513, 0.012195121951219513, 0.012195121951219513, 0.012195121951219513, 0.012195121951219513, 0.012195121951219513, 0.012195121951219513, 0.012195121951219513, 0.012195121951219513, 0.012195121951219513], [0.012195121951219513, 0.012195121951219513, -1e-05, 0.012195121951219513, 0.012195121951219513, -2e-05, 0.008130081300813009, 0.012195121951219513, 0.012195121951219513, 0.012195121951219513], [0.012195121951219513, 0.012195121951219513, 0.012195121951219513, -1e-05, -1e-05, 0.012195121951219513, 0.012195121951219513, 0.012195121951219513, 0.012195121951219513, 0.012195121951219513], [0.012195121951219513, 0.0040650406504065045, 0.02032520325203252, 0.016260162601626018, -2e-05, -2e-05, -2e-05, -1e-05, -2e-05, 0.012195121951219513], [0.012195121951219513, 0.012195121951219513, 0.0040650406504065045, 0.012195121951219513, 0.012195121951219513, -1e-05, -2e-05, -2e-05, 0.012195121951219513, 0.012195121951219513], [0.012195121951219513, 0.012195121951219513, 0.02032520325203252, -1e-05, 0.012195121951219513, -2e-05, 0.012195121951219513, 0.012195121951219513, 0.012195121951219513, 0.012195121951219513], [0.012195121951219513, 0.012195121951219513, 0.012195121951219513, 0.012195121951219513, -1e-05, -1e-05, 0.012195121951219513, 0.012195121951219513, 0.012195121951219513, 0.012195121951219513], [0.012195121951219513, 0.012195121951219513, 0.012195121951219513, 0.012195121951219513, 0.012195121951219513, -1e-05, 0.012195121951219513, 0.012195121951219513, 0.012195121951219513, 0.012195121951219513], [0.012195121951219513, 0.012195121951219513, 0.012195121951219513, 0.012195121951219513, 0.012195121951219513, 0.012195121951219513, -2e-05, 0.012195121951219513, 0.012195121951219513, 0.012195121951219513]], "10_hard_pruned.json": [[0.012987012987012988, 0.012987012987012988, 0.012987012987012988, -2e-05, 0.012987012987012988, 0.012987012987012988, 0.012987012987012988, 0.012987012987012988, 0.012987012987012988, 0.012987012987012988], [0.021645021645021644, 0.012987012987012988, 0.012987012987012988, -1e-05, 0.012987012987012988, -2e-05, 0.012987012987012988, 0.012987012987012988, 0.012987012987012988, 0.012987012987012988], [0.012987012987012988, -2e-05, -2e-05, 0.004329004329004329, -1e-05, -1e-05, -1e-05, 0.004329004329004329, -2e-05, 0.012987012987012988], [0.012987012987012988, 0.012987012987012988, -2e-05, -1e-05, -2e-05, 0.012987012987012988, 0.012987012987012988, 0.012987012987012988, 0.012987012987012988, 0.012987012987012988], [0.012987012987012988, -1e-05, -1e-05, 0.021645021645021644, 0.012987012987012988, 0.030303030303030304, 0.012987012987012988, 0.012987012987012988, 0.012987012987012988, 0.012987012987012988], [0.012987012987012988, -1e-05, -1e-05, 0.008658008658008658, -2e-05, 0.012987012987012988, 0.012987012987012988, 0.012987012987012988, 0.012987012987012988, 0.012987012987012988], [-2e-05, 0.012987012987012988, -1e-05, 0.012987012987012988, -2e-05, 0.012987012987012988, 0.012987012987012988, 0.012987012987012988, 0.012987012987012988, 0.012987012987012988], [0.012987012987012988, 0.012987012987012988, -1e-05, 0.012987012987012988, 0.012987012987012988, 0.012987012987012988, 0.012987012987012988, 0.012987012987012988, 0.012987012987012988, 0.012987012987012988], [0.012987012987012988, 0.012987012987012988, -2e-05, 0.021645021645021644, 0.012987012987012988, -2e-05, -2e-05, 0.012987012987012988, 0.017316017316017316, 0.012987012987012988], [0.012987012987012988, 0.012987012987012988, 0.012987012987012988, 0.012987012987012988, -1e-05, 0.012987012987012988, 0.012987012987012988, 0.012987012987012988, 0.012987012987012988, 0.012987012987012988]], "10_hard_full.json": [[0.012987012987012988, 0.012987012987012988, 0.012987012987012988, -2e-05, 0.012987012987012988, 0.012987012987012988, 0.012987012987012988, 0.012987012987012988, 0.012987012987012988, 0.012987012987012988], [0.01948051948051948, 0.012987012987012988, 0.012987012987012988, -1e-05, 0.012987012987012988, -2e-05, 0.012987012987012988, 0.012987012987012988, 0.012987012987012988, 0.012987012987012988], [0.012987012987012988, -2e-05, -2e-05, 0.006493506493506494, 0.003246753246753247, -1e-05, -1e-05, 0.006493506493506494, -2e-05, 0.012987012987012988], [0.012987012987012988, 0.012987012987012988, -2e-05, -1e-05, -2e-05, 0.012987012987012988, 0.012987012987012988, 0.012987012987012988, 0.012987012987012988, 0.012987012987012988], [0.012987012987012988, -1e-05, -1e-05, 0.01948051948051948, 0.012987012987012988, 0.025974025974025976, 0.012987012987012988, 0.012987012987012988, 0.012987012987012988, 0.012987012987012988], [0.012987012987012988, -1e-05, -1e-05, 0.00974025974025974, -2e-05, 0.012987012987012988, 0.012987012987012988, 0.012987012987012988, 0.012987012987012988, 0.012987012987012988], [0.003246753246753247, 0.012987012987012988, -1e-05, 0.012987012987012988, -2e-05, 0.012987012987012988, 0.012987012987012988, 0.012987012987012988, 0.012987012987012988, 0.012987012987012988], [0.012987012987012988, 0.012987012987012988, -1e-05, 0.012987012987012988, 0.012987012987012988, 0.012987012987012988, 0.012987012987012988, 0.012987012987012988, 0.012987012987012988, 0.012987012987012988], [0.012987012987012988, 0.012987012987012988, -2e-05, 0.01948051948051948, 0.012987012987012988, -2e-05, -2e-05, 0.012987012987012988, 0.016233766233766232, 0.012987012987012988], [0.012987012987012988, 0.012987012987012988, 0.012987012987012988, 0.012987012987012988, -1e-05, 0.012987012987012988, 0.012987012987012988, 0.012987012987012988, 0.012987012987012988, 0.012987012987012988]], "10_medium_pruned.json": [[0.012578616352201259, 0.012578616352201259, 0.012578616352201259, 0.012578616352201259, 0.012578616352201259, 0.012578616352201259, 0.012578616352201259, 0.012578616352201259, 0.012578616352201259, 0.012578616352201259], [0.012578616352201259, 0.012578616352201259, 0.012578616352201259, 0.012578616352201259, 0.012578616352201259, 0.012578616352201259, 0.012578616352201259, 0.012578616352201259, 0.012578616352201259, 0.012578616352201259], [0.012578616352201259, 0.012578616352201259, -1e-05, 0.012578616352201259, 0.012578616352201259, -2e-05, 0.012578616352201259, 0.012578616352201259, 0.012578616352201259, 0.012578616352201259], [0.012578616352201259, 0.012578616352201259, -1e-05, -1e-05, -1e-05, -2e-05, 0.012578616352201259, 0.012578616352201259, 0.012578616352201259, 0.012578616352201259], [0.012578616352201259, 0.006289308176100629, 0.012578616352201259, 0.012578616352201259, -2e-05, -2e-05, -2e-05, -1e-05, -2e-05, 0.012578616352201259], [0.012578616352201259, 0.012578616352201259, 0.006289308176100629, 0.012578616352201259, 0.012578616352201259, -1e-05, -2e-05, -2e-05, 0.012578616352201259, 0.012578616352201259], [0.012578616352201259, 0.012578616352201259, 0.018867924528301886, -1e-05, 0.012578616352201259, -2e-05, 0.012578616352201259, 0.012578616352201259, 0.012578616352201259, 0.012578616352201259], [0.012578616352201259, 0.012578616352201259, 0.012578616352201259, 0.012578616352201259, -1e-05, -1e-05, 0.012578616352201259, 0.012578616352201259, 0.012578616352201259, 0.012578616352201259], [0.012578616352201259, 0.012578616352201259, 0.012578616352201259, 0.012578616352201259, 0.012578616352201259, -1e-05, 0.012578616352201259, 0.012578616352201259, 0.012578616352201259, 0.012578616352201259], [0.012578616352201259, 0.012578616352201259, 0.012578616352201259, 0.012578616352201259, 0.012578616352201259, 0.012578616352201259, -2e-05, 0.012578616352201259, 0.012578616352201259, 0.012578616352201259]],