{"10_medium_full.json": [[0.0, 0.0, 0.009900990099009901, 0.019801980198019802, 0.009900990099009901, 0.0, 0.009900990099009901, 0.009900990099009901, 0.0, 0.0], [0.0, 0.0, 0.009900990099009901, 0.019801980198019802, 0.0, 0.009900990099009901, 0.0, 0.009900990099009901, 0.0, 0.0], [0.009900990099009901, 0.009900990099009901, -1e-05, 0.019801980198019802, 0.009900990099009901, -2e-05, 0.0, 0.009900990099009901, 0.0, 0.0], [0.019801980198019802, 0.0297029702970297, 0.0297029702970297, -1e-05, -1e-05, 0.019801980198019802, 0.0297029702970297, 0.0297029702970297, 0.009900990099009901, 0.0], [0.009900990099009901, 0.0594059405940594, 0.019801980198019802, 0.009900990099009901, -2e-05, -2e-05, -2e-05, -1e-05, -2e-05, 0.009900990099009901], [0.0, 0.009900990099009901, 0.0594059405940594, 0.009900990099009901, 0.009900990099009901, -1e-05, -2e-05, -2e-05, 0.009900990099009901, 0.0], [0.009900990099009901, 0.019801980198019802, 0.009900990099009901, -1e-05, 0.009900990099009901, -2e-05, 0.009900990099009901, 0.009900990099009901, 0.0, 0.0], [0.019801980198019802, 0.019801980198019802, 0.0297029702970297, 0.0297029702970297, -1e-05, -1e-05, 0.019801980198019802, 0.0594059405940594, 0.0594059405940594, 0.009900990099009901], [0.0, 0.009900990099009901, 0.009900990099009901, 0.009900990099009901, 0.009900990099009901, -1e-05, 0.009900990099009901, 0.009900990099009901, 0.009900990099009901, 0.009900990099009901], [0.009900990099009901, 0.009900990099009901, 0.0, 0.009900990099009901, 0.009900990099009901, 0.0, -2e-05, 0.009900990099009901, 0.0, 0.009900990099009901]], "10_hard_pruned.json": [[0.0, 0.0, 0.012987012987012988, -2e-05, 0.0, 0.0, 0.012987012987012988, 0.0, 0.012987012987012988, 0.0], [0.05194805194805195, 0.012987012987012988, 0.012987012987012988, -1e-05, 0.012987012987012988, -2e-05, 0.012987012987012988, 0.012987012987012988, 0.0, 0.0], [0.0, -2e-05, -2e-05, 0.025974025974025976, -1e-05, -1e-05, -1e-05, 0.025974025974025976, -2e-05, 0.0], [0.012987012987012988, 0.012987012987012988, -2e-05, -1e-05, -2e-05, 0.025974025974025976, 0.012987012987012988, 0.0, 0.0, 0.0], [0.025974025974025976, -1e-05, -1e-05, 0.09090909090909091, 0.012987012987012988, 0.07792207792207792, 0.012987012987012988, 0.012987012987012988, 0.0, 0.0], [0.025974025974025976, -1e-05, -1e-05, 0.025974025974025976, -2e-05, 0.012987012987012988, 0.012987012987012988, 0.012987012987012988, 0.012987012987012988, 0.0], [-2e-05, 0.025974025974025976, -1e-05, 0.012987012987012988, -2e-05, 0.012987012987012988, 0.012987012987012988, 0.0, 0.012987012987012988, 0.012987012987012988], [0.012987012987012988, 0.012987012987012988, -1e-05, 0.012987012987012988, 0.03896103896103896, 0.012987012987012988, 0.012987012987012988, 0.012987012987012988, 0.0, 0.0], [0.012987012987012988, 0.012987012987012988, -2e-05, 0.03896103896103896, 0.012987012987012988, -2e-05, -2e-05, 0.0, 0.0, 0.0], [0.012987012987012988, 0.012987012987012988, 0.012987012987012988, 0.012987012987012988, -1e-05, 0.012987012987012988, 0.012987012987012988, 0.012987012987012988, 0.012987012987012988, 0.0]], "10_hard_full.json": [[0.009433962264150943, 0.009433962264150943, 0.009433962264150943, -2e-05, 0.009433962264150943, 0.009433962264150943, 0.009433962264150943, 0.009433962264150943, 0.009433962264150943, 0.009433962264150943], [0.03773584905660377, 0.009433962264150943, 0.009433962264150943, -1e-05, 0.009433962264150943, -2e-05, 0.009433962264150943, 0.009433962264150943, 0.009433962264150943, 0.009433962264150943], [0.009433962264150943, -2e-05, -2e-05, 0.009433962264150943, 0.009433962264150943, -1e-05, -1e-05, 0.009433962264150943, -2e-05, 0.009433962264150943], [0.009433962264150943, 0.009433962264150943, -2e-05, -1e-05, -2e-05, 0.02830188679245283, 0.009433962264150943, 0.009433962264150943, 0.009433962264150943, 0.009433962264150943], [0.009433962264150943, -1e-05, -1e-05, 0.11320754716981132, 0.009433962264150943, 0.09433962264150944, 0.009433962264150943, 0.009433962264150943, 0.009433962264150943, 0.009433962264150943], [0.009433962264150943, -1e-05, -1e-05, 0.02830188679245283, -2e-05, 0.009433962264150943, 0.009433962264150943, 0.009433962264150943, 0.009433962264150943, 0.009433962264150943], [0.009433962264150943, 0.009433962264150943, -1e-05, 0.009433962264150943, -2e-05, 0.009433962264150943, 0.009433962264150943, 0.009433962264150943, 0.009433962264150943, 0.009433962264150943], [0.009433962264150943, 0.009433962264150943, -1e-05, 0.009433962264150943, 0.009433962264150943, 0.009433962264150943, 0.009433962264150943, 0.009433962264150943, 0.009433962264150943, 0.009433962264150943], [0.009433962264150943, 0.009433962264150943, -2e-05, 0.018867924528301886, 0.009433962264150943, -2e-05, -2e-05, 0.009433962264150943, 0.018867924528301886, 0.009433962264150943], [0.009433962264150943, 0.009433962264150943, 0.009433962264150943, 0.009433962264150943, -1e-05, 0.009433962264150943, 0.009433962264150943, 0.009433962264150943, 0.009433962264150943, 0.009433962264150943]], "10_medium_pruned.json": [[0.0, 0.0, 0.05405405405405406, 0.0, 0.0, 0.0, 0.0, 0.0, 0.0, 0.0], [0.0, 0.0, 0.08108108108108109, 0.10810810810810811, 0.0, 0.0, 0.0, 0.0, 0.0, 0.0], [0.0, 0.0, -1e-05, 0.02702702702702703, 0.02702702702702703, -2e-05, 0.0, 0.0, 0.0, 0.0], [0.10810810810810811, 0.10810810810810811, -1e-05, -1e-05, -1e-05, -2e-05, 0.0, 0.0, 0.0, 0.0], [0.0, 0.02702702702702703, 0.08108108108108109, 0.02702702702702703, -2e-05, -2e-05, -2e-05, -1e-05, -2e-05, 0.0], [0.0, 0.0, 0.05405405405405406, 0.02702702702702703, 0.0, -1e-05, -2e-05, -2e-05, 0.0, 0.0], [0.0, 0.0, 0.10810810810810811, -1e-05, 0.0, -2e-05, 0.0, 0.0, 0.0, 0.0], [0.0, 0.02702702702702703, 0.02702702702702703, 0.02702702702702703, -1e-05, -1e-05, 0.02702702702702703, 0.02702702702702703, 0.02702702702702703, 0.0], [0.0, 0.0, 0.0, 0.0, 0.0, -1e-05, 0.0, 0.0, 0.0, 0.0], [0.0, 0.0, 0.0, 0.0, 0.0, 0.0, -2e-05, 0.0, 0.0, 0.0]], "6_hard_pruned.json": [[0.18181818181818182, -2e-05, 0.022727272727272728, -1e-05, -1e-05, 0.022727272727272728], [0.022727272727272728, -2e-05, -1e-05, -2e-05, 0.022727272727272728, 0.022727272727272728], [0.06818181818181818, -1e-05, 0.09090909090909091, 0.045454545454545456, 0.06818181818181818, 0.022727272727272728], [-2e-05, -1e-05, 0.022727272727272728, -2e-05, 0.022727272727272728, 0.022727272727272728], [0.022727272727272728, -1e-05, 0.045454545454545456, 0.06818181818181818, 0.06818181818181818, 0.022727272727272728], [0.022727272727272728, -2e-05, 0.045454545454545456, 0.022727272727272728, -2e-05, 0.022727272727272728]], "6_hard_full.json": [[0.09859154929577464, -2e-05, 0.028169014084507043, 0.028169014084507043, -1e-05, 0.028169014084507043], [0.028169014084507043, -2e-05, -1e-05, -2e-05, 0.028169014084507043, 0.028169014084507043], [0.07042253521126761, -1e-05, 0.056338028169014086, 0.028169014084507043, 0.04225352112676056, 0.028169014084507043], [0.014084507042253521, -1e-05, 0.04225352112676056, -2e-05, 0.028169014084507043, 0.028169014084507043], [0.028169014084507043, -1e-05, 0.04225352112676056, 0.07042253521126761, 0.09859154929577464, 0.028169014084507043], [0.028169014084507043, -2e-05, 0.04225352112676056, 0.028169014084507043, -2e-05, 0.028169014084507043]], "6_easy_full.json": [[0.021739130434782608, -1e-05, 0.06521739130434782, -2e-05, 0.043478260869565216, 0.08695652173913043], [0.021739130434782608, -2e-05, -1e-05, -1e-05, 0.06521739130434782, 0.08695652173913043], [-1e-05, -2e-05, -2e-05, -2e-05, -1e-05, 0.08695652173913043], [-2e-05, 0.08695652173913043, -1e-05, -1e-05, -2e-05, 0.10869565217391304], [-1e-05, 0.021739130434782608, -2e-05, -2e-05, 0.043478260869565216, 0.08695652173913043], [0.021739130434782608, 0.021739130434782608, 0.043478260869565216, 0.021739130434782608, 0.021739130434782608, 0.043478260869565216]],