{"6_easy_pruned.json": [[0.0425531914893617, -1e-05, -2e-05, -2e-05, 0.0425531914893617, 0.0425531914893617], [0.0425531914893617, -2e-05, -1e-05, -1e-05, 0.14893617021276595, 0.10638297872340426], [-1e-05, -2e-05, -2e-05, -2e-05, -1e-05, 0.02127659574468085], [-2e-05, 0.06382978723404255, -1e-05, -1e-05, -2e-05, -1e-05], [-1e-05, 0.0425531914893617, -2e-05, -2e-05, 0.06382978723404255, 0.0425531914893617], [0.0425531914893617, 0.0425531914893617, 0.1276595744680851, 0.0425531914893617, 0.0425531914893617, 0.0425531914893617]], "6_easy_full.json": [[0.047619047619047616, -1e-05, 0.015873015873015872, -2e-05, 0.047619047619047616, 0.047619047619047616], [0.047619047619047616, -2e-05, -1e-05, -1e-05, 0.12698412698412698, 0.09523809523809523], [-1e-05, -2e-05, -2e-05, -2e-05, -1e-05, 0.031746031746031744], [-2e-05, 0.06349206349206349, -1e-05, -1e-05, -2e-05, 0.015873015873015872], [-1e-05, 0.047619047619047616, -2e-05, -2e-05, 0.06349206349206349, 0.047619047619047616], [0.047619047619047616, 0.047619047619047616, 0.1111111111111111, 0.047619047619047616, 0.047619047619047616, 0.0]]}