{"10_medium_full.json": [[0.012145748987854251, 0.012145748987854251, 0.012145748987854251, 0.012145748987854251, 0.012145748987854251, 0.012145748987854251, 0.012145748987854251, 0.012145748987854251, 0.012145748987854251, 0.012145748987854251], [0.012145748987854251, 0.012145748987854251, 0.012145748987854251, 0.012145748987854251, 0.012145748987854251, 0.012145748987854251, 0.012145748987854251, 0.012145748987854251, 0.012145748987854251, 0.012145748987854251], [0.012145748987854251, 0.012145748987854251, -1e-05, 0.012145748987854251, 0.016194331983805668, -2e-05, 0.012145748987854251, 0.012145748987854251, 0.012145748987854251, 0.012145748987854251], [0.012145748987854251, 0.012145748987854251, 0.012145748987854251, -1e-05, -1e-05, 0.008097165991902834, 0.012145748987854251, 0.012145748987854251, 0.012145748987854251, 0.012145748987854251], [0.012145748987854251, 0.004048582995951417, 0.020242914979757085, 0.016194331983805668, -2e-05, -2e-05, -2e-05, -1e-05, -2e-05, 0.012145748987854251], [0.012145748987854251, 0.012145748987854251, 0.004048582995951417, 0.012145748987854251, 0.012145748987854251, -1e-05, -2e-05, -2e-05, 0.012145748987854251, 0.012145748987854251], [0.012145748987854251, 0.012145748987854251, 0.020242914979757085, -1e-05, 0.012145748987854251, -2e-05, 0.012145748987854251, 0.012145748987854251, 0.012145748987854251, 0.012145748987854251], [0.012145748987854251, 0.012145748987854251, 0.012145748987854251, 0.012145748987854251, -1e-05, -1e-05, 0.012145748987854251, 0.012145748987854251, 0.012145748987854251, 0.012145748987854251], [0.012145748987854251, 0.012145748987854251, 0.012145748987854251, 0.012145748987854251, 0.012145748987854251, -1e-05, 0.012145748987854251, 0.012145748987854251, 0.012145748987854251, 0.012145748987854251], [0.012145748987854251, 0.012145748987854251, 0.012145748987854251, 0.012145748987854251, 0.012145748987854251, 0.012145748987854251, -2e-05, 0.012145748987854251, 0.012145748987854251, 0.012145748987854251]], "10_hard_pruned.json": [[0.012552301255230125, 0.012552301255230125, 0.012552301255230125, -2e-05, 0.012552301255230125, 0.012552301255230125, 0.012552301255230125, 0.012552301255230125, 0.012552301255230125, 0.012552301255230125], [0.03765690376569038, 0.012552301255230125, 0.012552301255230125, -1e-05, 0.012552301255230125, -2e-05, 0.012552301255230125, 0.012552301255230125, 0.012552301255230125, 0.012552301255230125], [0.012552301255230125, -2e-05, -2e-05, 0.0041841004184100415, -1e-05, -1e-05, -1e-05, 0.0041841004184100415, -2e-05, 0.012552301255230125], [0.012552301255230125, 0.012552301255230125, -2e-05, -1e-05, -2e-05, 0.012552301255230125, 0.012552301255230125, 0.012552301255230125, 0.012552301255230125, 0.012552301255230125], [0.012552301255230125, -1e-05, -1e-05, 0.03347280334728033, 0.012552301255230125, 0.029288702928870293, 0.012552301255230125, 0.012552301255230125, 0.012552301255230125, 0.012552301255230125], [0.012552301255230125, -1e-05, -1e-05, 0.008368200836820083, -2e-05, 0.012552301255230125, 0.012552301255230125, 0.012552301255230125, 0.012552301255230125, 0.012552301255230125], [-2e-05, 0.012552301255230125, -1e-05, 0.012552301255230125, -2e-05, 0.012552301255230125, 0.012552301255230125, 0.012552301255230125, 0.012552301255230125, 0.012552301255230125], [0.012552301255230125, 0.012552301255230125, -1e-05, 0.012552301255230125, 0.012552301255230125, 0.012552301255230125, 0.012552301255230125, 0.012552301255230125, 0.012552301255230125, 0.012552301255230125], [0.012552301255230125, 0.012552301255230125, -2e-05, 0.02510460251046025, 0.012552301255230125, -2e-05, -2e-05, 0.012552301255230125, 0.016736401673640166, 0.012552301255230125], [0.012552301255230125, 0.012552301255230125, 0.012552301255230125, 0.012552301255230125, -1e-05, 0.012552301255230125, 0.012552301255230125, 0.012552301255230125, 0.012552301255230125, 0.012552301255230125]], "10_hard_full.json": [[0.009433962264150943, 0.009433962264150943, 0.009433962264150943, -2e-05, 0.009433962264150943, 0.009433962264150943, 0.009433962264150943, 0.009433962264150943, 0.009433962264150943, 0.009433962264150943], [0.03773584905660377, 0.009433962264150943, 0.009433962264150943, -1e-05, 0.009433962264150943, -2e-05, 0.009433962264150943, 0.009433962264150943, 0.009433962264150943, 0.009433962264150943], [0.009433962264150943, -2e-05, -2e-05, 0.009433962264150943, 0.009433962264150943, -1e-05, -1e-05, 0.009433962264150943, -2e-05, 0.009433962264150943], [0.009433962264150943, 0.009433962264150943, -2e-05, -1e-05, -2e-05, 0.018867924528301886, 0.009433962264150943, 0.009433962264150943, 0.009433962264150943, 0.009433962264150943], [0.009433962264150943, -1e-05, -1e-05, 0.11320754716981132, 0.009433962264150943, 0.09433962264150944, 0.009433962264150943, 0.009433962264150943, 0.009433962264150943, 0.009433962264150943], [0.009433962264150943, -1e-05, -1e-05, 0.02830188679245283, -2e-05, 0.009433962264150943, 0.009433962264150943, 0.009433962264150943, 0.009433962264150943, 0.009433962264150943], [0.009433962264150943, 0.009433962264150943, -1e-05, 0.009433962264150943, -2e-05, 0.009433962264150943, 0.009433962264150943, 0.009433962264150943, 0.009433962264150943, 0.009433962264150943], [0.009433962264150943, 0.018867924528301886, -1e-05, 0.009433962264150943, 0.009433962264150943, 0.009433962264150943, 0.009433962264150943, 0.009433962264150943, 0.009433962264150943, 0.009433962264150943], [0.009433962264150943, 0.009433962264150943, -2e-05, 0.018867924528301886, 0.009433962264150943, -2e-05, -2e-05, 0.009433962264150943, 0.018867924528301886, 0.009433962264150943], [0.009433962264150943, 0.009433962264150943, 0.009433962264150943, 0.009433962264150943, -1e-05, 0.009433962264150943, 0.009433962264150943, 0.009433962264150943, 0.009433962264150943, 0.009433962264150943]], "10_medium_pruned.json": [[0.0125, 0.0125, 0.0125, 0.0125, 0.0125, 0.0125, 0.0125, 0.0125, 0.0125, 0.0125], [0.0125, 0.0125, 0.0125, 0.0125, 0.0125, 0.0125, 0.0125, 0.0125, 0.0125, 0.0125], [0.0125, 0.0125, -1e-05, 0.0125, 0.0125, -2e-05, 0.0125, 0.0125, 0.0125, 0.0125], [0.0125, 0.0125, -1e-05, -1e-05, -1e-05, -2e-05, 0.0125, 0.0125, 0.0125, 0.0125], [0.0125, 0.00625, 0.01875, 0.0125, -2e-05, -2e-05, -2e-05, -1e-05, -2e-05, 0.0125], [0.0125, 0.0125, 0.00625, 0.0125, 0.0125, -1e-05, -2e-05, -2e-05, 0.0125, 0.0125], [0.0125, 0.0125, 0.01875, -1e-05, 0.0125, -2e-05, 0.0125, 0.0125, 0.0125, 0.0125], [0.0125, 0.0125, 0.0125, 0.0125, -1e-05, -1e-05, 0.0125, 0.0125, 0.0125, 0.0125], [0.0125, 0.0125, 0.0125, 0.0125, 0.0125, -1e-05, 0.0125, 0.0125, 0.0125, 0.0125], [0.0125, 0.0125, 0.0125, 0.0125, 0.0125, 0.0125, -2e-05, 0.0125, 0.0125, 0.0125]], "6_hard_pruned.json": [[0.13253012048192772, -2e-05, 0.012048192771084338, -1e-05, -1e-05, 0.012048192771084338], [0.03614457831325301, -2e-05, -1e-05, -2e-05, 0.03614457831325301, 0.03614457831325301], [0.04819277108433735, -1e-05, 0.03614457831325301, 0.04819277108433735, 0.04819277108433735, 0.03614457831325301], [-2e-05, -1e-05, 0.024096385542168676, -2e-05, 0.03614457831325301, 0.03614457831325301], [0.03614457831325301, -1e-05, 0.07228915662650602, 0.04819277108433735, 0.060240963855421686, 0.03614457831325301], [0.03614457831325301, -2e-05, 0.060240963855421686, 0.03614457831325301, -2e-05, 0.03614457831325301]], "6_hard_full.json": [[0.14583333333333334, -2e-05, 0.020833333333333332, 0.08333333333333333, -1e-05, 0.020833333333333332], [0.020833333333333332, -2e-05, -1e-05, -2e-05, 0.020833333333333332, 0.020833333333333332], [0.0625, -1e-05, 0.0625, 0.020833333333333332, 0.020833333333333332, 0.020833333333333332], [0.020833333333333332, -1e-05, 0.041666666666666664, -2e-05, 0.020833333333333332, 0.020833333333333332], [0.020833333333333332, -1e-05, 0.0625, 0.08333333333333333, 0.041666666666666664, 0.020833333333333332], [0.020833333333333332, -2e-05, 0.0625, 0.041666666666666664, -2e-05, 0.020833333333333332]],