{"10_medium_full.json": [[0.004166666666666667, 0.004166666666666667, 0.008333333333333333, 0.008333333333333333, 0.0125, 0.0125, 0.0125, 0.0125, 0.0125, 0.0125], [0.0125, 0.0125, 0.0125, 0.0125, 0.0125, 0.0125, 0.0125, 0.0125, 0.0125, 0.0125], [0.0125, 0.0125, -1e-05, 0.0125, 0.0125, -2e-05, 0.0125, 0.0125, 0.0125, 0.0125], [0.0125, 0.0125, 0.0125, -1e-05, -1e-05, 0.0125, 0.0125, 0.0125, 0.0125, 0.0125], [0.0125, 0.0125, 0.0125, 0.0125, -2e-05, -2e-05, -2e-05, -1e-05, -2e-05, 0.0125], [0.0125, 0.0125, 0.0125, 0.0125, 0.0125, -1e-05, -2e-05, -2e-05, 0.0125, 0.0125], [0.0125, 0.0125, 0.0125, -1e-05, 0.0125, -2e-05, 0.0125, 0.0125, 0.0125, 0.0125], [0.0125, 0.0125, 0.0125, 0.0125, -1e-05, -1e-05, 0.0125, 0.0125, 0.0125, 0.0125], [0.0125, 0.0125, 0.0125, 0.0125, 0.0125, -1e-05, 0.0125, 0.0125, 0.0125, 0.0125], [0.0125, 0.0125, 0.0125, 0.0125, 0.0125, 0.0125, -2e-05, 0.0125, 0.0125, 0.0125]], "10_hard_pruned.json": [[0.010101010101010102, 0.010101010101010102, 0.020202020202020204, -2e-05, 0.010101010101010102, 0.020202020202020204, 0.020202020202020204, 0.020202020202020204, 0.020202020202020204, 0.020202020202020204], [0.04040404040404041, 0.020202020202020204, 0.020202020202020204, -1e-05, 0.020202020202020204, -2e-05, 0.020202020202020204, 0.020202020202020204, 0.020202020202020204, 0.020202020202020204], [0.020202020202020204, -2e-05, -2e-05, 0.020202020202020204, -1e-05, -1e-05, -1e-05, 0.020202020202020204, -2e-05, 0.020202020202020204], [0.020202020202020204, 0.020202020202020204, -2e-05, -1e-05, -2e-05, 0.020202020202020204, 0.020202020202020204, 0.010101010101010102, 0.010101010101010102, 0.010101010101010102], [0.010101010101010102, -1e-05, -1e-05, 0.010101010101010102, 0.010101010101010102, 0.010101010101010102, 0.010101010101010102, 0.010101010101010102, 0.010101010101010102, 0.010101010101010102], [0.010101010101010102, -1e-05, -1e-05, 0.010101010101010102, -2e-05, 0.010101010101010102, 0.010101010101010102, 0.010101010101010102, 0.010101010101010102, 0.010101010101010102], [-2e-05, 0.010101010101010102, -1e-05, 0.010101010101010102, -2e-05, 0.010101010101010102, 0.010101010101010102, 0.010101010101010102, 0.010101010101010102, 0.010101010101010102], [0.010101010101010102, 0.010101010101010102, -1e-05, 0.010101010101010102, 0.010101010101010102, 0.010101010101010102, 0.010101010101010102, 0.010101010101010102, 0.010101010101010102, 0.010101010101010102], [0.010101010101010102, 0.010101010101010102, -2e-05, 0.010101010101010102, 0.010101010101010102, -2e-05, -2e-05, 0.010101010101010102, 0.010101010101010102, 0.010101010101010102], [0.010101010101010102, 0.010101010101010102, 0.010101010101010102, 0.010101010101010102, -1e-05, 0.010101010101010102, 0.010101010101010102, 0.010101010101010102, 0.010101010101010102, 0.010101010101010102]], "10_hard_full.json": [[0.009900990099009901, 0.009900990099009901, 0.019801980198019802, -2e-05, 0.019801980198019802, 0.019801980198019802, 0.019801980198019802, 0.019801980198019802, 0.019801980198019802, 0.019801980198019802], [0.039603960396039604, 0.019801980198019802, 0.019801980198019802, -1e-05, 0.019801980198019802, -2e-05, 0.019801980198019802, 0.019801980198019802, 0.019801980198019802, 0.019801980198019802], [0.019801980198019802, -2e-05, -2e-05, 0.019801980198019802, 0.019801980198019802, -1e-05, -1e-05, 0.019801980198019802, -2e-05, 0.019801980198019802], [0.019801980198019802, 0.009900990099009901, -2e-05, -1e-05, -2e-05, 0.009900990099009901, 0.009900990099009901, 0.009900990099009901, 0.009900990099009901, 0.009900990099009901], [0.009900990099009901, -1e-05, -1e-05, 0.009900990099009901, 0.009900990099009901, 0.009900990099009901, 0.009900990099009901, 0.009900990099009901, 0.009900990099009901, 0.009900990099009901], [0.009900990099009901, -1e-05, -1e-05, 0.009900990099009901, -2e-05, 0.009900990099009901, 0.009900990099009901, 0.009900990099009901, 0.009900990099009901, 0.009900990099009901], [0.009900990099009901, 0.009900990099009901, -1e-05, 0.009900990099009901, -2e-05, 0.009900990099009901, 0.009900990099009901, 0.009900990099009901, 0.009900990099009901, 0.009900990099009901], [0.009900990099009901, 0.009900990099009901, -1e-05, 0.009900990099009901, 0.019801980198019802, 0.009900990099009901, 0.009900990099009901, 0.009900990099009901, 0.009900990099009901, 0.009900990099009901], [0.009900990099009901, 0.009900990099009901, -2e-05, 0.009900990099009901, 0.009900990099009901, -2e-05, -2e-05, 0.009900990099009901, 0.009900990099009901, 0.009900990099009901], [0.009900990099009901, 0.009900990099009901, 0.009900990099009901, 0.009900990099009901, -1e-05, 0.009900990099009901, 0.009900990099009901, 0.009900990099009901, 0.009900990099009901, 0.009900990099009901]], "10_medium_pruned.json": [[0.009615384615384616, 0.009615384615384616, 0.019230769230769232, 0.019230769230769232, 0.019230769230769232, 0.019230769230769232, 0.019230769230769232, 0.019230769230769232, 0.019230769230769232, 0.019230769230769232], [0.019230769230769232, 0.019230769230769232, 0.019230769230769232, 0.028846153846153848, 0.019230769230769232, 0.019230769230769232, 0.019230769230769232, 0.019230769230769232, 0.019230769230769232, 0.019230769230769232], [0.019230769230769232, 0.019230769230769232, -1e-05, 0.019230769230769232, 0.028846153846153848, -2e-05, 0.009615384615384616, 0.009615384615384616, 0.009615384615384616, 0.009615384615384616], [0.009615384615384616, 0.009615384615384616, -1e-05, -1e-05, -1e-05, -2e-05, 0.009615384615384616, 0.009615384615384616, 0.009615384615384616, 0.009615384615384616], [0.009615384615384616, 0.009615384615384616, 0.009615384615384616, 0.009615384615384616, -2e-05, -2e-05, -2e-05, -1e-05, -2e-05, 0.009615384615384616], [0.009615384615384616, 0.009615384615384616, 0.009615384615384616, 0.009615384615384616, 0.009615384615384616, -1e-05, -2e-05, -2e-05, 0.009615384615384616, 0.009615384615384616], [0.009615384615384616, 0.009615384615384616, 0.009615384615384616, -1e-05, 0.009615384615384616, -2e-05, 0.009615384615384616, 0.009615384615384616, 0.009615384615384616, 0.009615384615384616], [0.009615384615384616, 0.009615384615384616, 0.009615384615384616, 0.009615384615384616, -1e-05, -1e-05, 0.009615384615384616, 0.009615384615384616, 0.009615384615384616, 0.009615384615384616], [0.009615384615384616, 0.009615384615384616, 0.009615384615384616, 0.009615384615384616, 0.009615384615384616, -1e-05, 0.009615384615384616, 0.009615384615384616, 0.009615384615384616, 0.009615384615384616], [0.009615384615384616, 0.009615384615384616, 0.009615384615384616, 0.009615384615384616, 0.009615384615384616, 0.009615384615384616, -2e-05, 0.009615384615384616, 0.009615384615384616, 0.009615384615384616]], "6_hard_pruned.json": [[0.015151515151515152, -2e-05, 0.015151515151515152, -1e-05, -1e-05, 0.06060606060606061], [0.030303030303030304, -2e-05, -1e-05, -2e-05, 0.06060606060606061, 0.06060606060606061], [0.06060606060606061, -1e-05, 0.06060606060606061, 0.09090909090909091, 0.06060606060606061, 0.06060606060606061], [-2e-05, -1e-05, 0.06060606060606061, -2e-05, 0.030303030303030304, 0.06060606060606061], [0.030303030303030304, -1e-05, 0.030303030303030304, 0.030303030303030304, 0.030303030303030304, 0.030303030303030304], [0.030303030303030304, -2e-05, 0.030303030303030304, 0.030303030303030304, -2e-05, 0.030303030303030304]], "6_hard_full.json": [[0.014705882352941176, -2e-05, 0.029411764705882353, 0.029411764705882353, -1e-05, 0.04411764705882353], [0.029411764705882353, -2e-05, -1e-05, -2e-05, 0.04411764705882353, 0.04411764705882353], [0.04411764705882353, -1e-05, 0.04411764705882353, 0.014705882352941176, 0.04411764705882353, 0.04411764705882353], [0.014705882352941176, -1e-05, 0.04411764705882353, -2e-05, 0.04411764705882353, 0.04411764705882353], [0.04411764705882353, -1e-05, 0.058823529411764705, 0.029411764705882353, 0.07352941176470588, 0.04411764705882353], [0.04411764705882353, -2e-05, 0.04411764705882353, 0.04411764705882353, -2e-05, 0.04411764705882353]],