{"10_medium_full.json": [[0.0, 0.0, 0.0, 0.0, 0.0, 0.0, 0.0, 0.0, 0.0, 0.0], [0.0, 0.024793388429752067, 0.024793388429752067, 0.024793388429752067, 0.024793388429752067, 0.024793388429752067, 0.0, 0.0, 0.0, 0.0], [0.0, 0.024793388429752067, -1e-05, 0.024793388429752067, 0.03305785123966942, -2e-05, 0.024793388429752067, 0.0, 0.0, 0.0], [0.0, 0.024793388429752067, 0.024793388429752067, -1e-05, -1e-05, 0.01652892561983471, 0.024793388429752067, 0.024793388429752067, 0.024793388429752067, 0.0], [0.0, 0.008264462809917356, 0.04132231404958678, 0.03305785123966942, -2e-05, -2e-05, -2e-05, -1e-05, -2e-05, 0.0], [0.0, 0.024793388429752067, 0.008264462809917356, 0.024793388429752067, 0.024793388429752067, -1e-05, -2e-05, -2e-05, 0.024793388429752067, 0.0], [0.0, 0.0, 0.04132231404958678, -1e-05, 0.024793388429752067, -2e-05, 0.024793388429752067, 0.024793388429752067, 0.0, 0.0], [0.0, 0.0, 0.024793388429752067, 0.024793388429752067, -1e-05, -1e-05, 0.024793388429752067, 0.024793388429752067, 0.0, 0.0], [0.0, 0.0, 0.024793388429752067, 0.024793388429752067, 0.024793388429752067, -1e-05, 0.024793388429752067, 0.024793388429752067, 0.0, 0.0], [0.0, 0.0, 0.0, 0.024793388429752067, 0.024793388429752067, 0.024793388429752067, -2e-05, 0.024793388429752067, 0.0, 0.0]], "10_hard_pruned.json": [[0.0, 0.0, 0.02727272727272727, -2e-05, 0.02727272727272727, 0.02727272727272727, 0.02727272727272727, 0.0, 0.0, 0.0], [0.05454545454545454, 0.0, 0.02727272727272727, -1e-05, 0.02727272727272727, -2e-05, 0.02727272727272727, 0.02727272727272727, 0.0, 0.0], [0.0, -2e-05, -2e-05, 0.00909090909090909, -1e-05, -1e-05, -1e-05, 0.00909090909090909, -2e-05, 0.0], [0.02727272727272727, 0.02727272727272727, -2e-05, -1e-05, -2e-05, 0.02727272727272727, 0.02727272727272727, 0.02727272727272727, 0.0, 0.0], [0.02727272727272727, -1e-05, -1e-05, 0.07272727272727272, 0.02727272727272727, 0.06363636363636363, 0.02727272727272727, 0.0, 0.0, 0.0], [0.02727272727272727, -1e-05, -1e-05, 0.01818181818181818, -2e-05, 0.0, 0.0, 0.0, 0.0, 0.0], [-2e-05, 0.02727272727272727, -1e-05, 0.02727272727272727, -2e-05, 0.0, 0.0, 0.0, 0.0, 0.0], [0.02727272727272727, 0.02727272727272727, -1e-05, 0.02727272727272727, 0.02727272727272727, 0.0, 0.0, 0.0, 0.0, 0.0], [0.0, 0.02727272727272727, -2e-05, 0.05454545454545454, 0.02727272727272727, -2e-05, -2e-05, 0.0, 0.00909090909090909, 0.0], [0.0, 0.0, 0.0, 0.02727272727272727, -1e-05, 0.0, 0.0, 0.0, 0.0, 0.0]], "10_hard_full.json": [[0.0, 0.0, 0.014285714285714285, -2e-05, 0.014285714285714285, 0.014285714285714285, 0.014285714285714285, 0.014285714285714285, 0.0, 0.0], [0.04285714285714286, 0.014285714285714285, 0.014285714285714285, -1e-05, 0.014285714285714285, -2e-05, 0.014285714285714285, 0.014285714285714285, 0.0, 0.0], [0.014285714285714285, -2e-05, -2e-05, 0.014285714285714285, 0.014285714285714285, -1e-05, -1e-05, 0.014285714285714285, -2e-05, 0.0], [0.014285714285714285, 0.014285714285714285, -2e-05, -1e-05, -2e-05, 0.02857142857142857, 0.014285714285714285, 0.014285714285714285, 0.0, 0.0], [0.014285714285714285, -1e-05, -1e-05, 0.17142857142857143, 0.014285714285714285, 0.14285714285714285, 0.014285714285714285, 0.014285714285714285, 0.0, 0.0], [0.014285714285714285, -1e-05, -1e-05, 0.04285714285714286, -2e-05, 0.0, 0.0, 0.0, 0.0, 0.0], [0.014285714285714285, 0.014285714285714285, -1e-05, 0.014285714285714285, -2e-05, 0.0, 0.0, 0.0, 0.0, 0.0], [0.014285714285714285, 0.02857142857142857, -1e-05, 0.014285714285714285, 0.014285714285714285, 0.0, 0.0, 0.0, 0.0, 0.0], [0.014285714285714285, 0.014285714285714285, -2e-05, 0.02857142857142857, 0.014285714285714285, -2e-05, -2e-05, 0.0, 0.014285714285714285, 0.0], [0.0, 0.0, 0.014285714285714285, 0.014285714285714285, -1e-05, 0.014285714285714285, 0.0, 0.0, 0.0, 0.0]], "10_medium_pruned.json": [[0.0, 0.0, 0.0, 0.0, 0.0, 0.0, 0.0, 0.0, 0.0, 0.0], [0.023809523809523808, 0.023809523809523808, 0.023809523809523808, 0.023809523809523808, 0.023809523809523808, 0.023809523809523808, 0.0, 0.0, 0.0, 0.0], [0.023809523809523808, 0.023809523809523808, -1e-05, 0.023809523809523808, 0.023809523809523808, -2e-05, 0.023809523809523808, 0.0, 0.0, 0.0], [0.023809523809523808, 0.023809523809523808, -1e-05, -1e-05, -1e-05, -2e-05, 0.023809523809523808, 0.023809523809523808, 0.023809523809523808, 0.0], [0.023809523809523808, 0.011904761904761904, 0.03571428571428571, 0.023809523809523808, -2e-05, -2e-05, -2e-05, -1e-05, -2e-05, 0.0], [0.0, 0.023809523809523808, 0.011904761904761904, 0.023809523809523808, 0.023809523809523808, -1e-05, -2e-05, -2e-05, 0.023809523809523808, 0.0], [0.0, 0.0, 0.03571428571428571, -1e-05, 0.023809523809523808, -2e-05, 0.023809523809523808, 0.023809523809523808, 0.0, 0.0], [0.0, 0.0, 0.023809523809523808, 0.023809523809523808, -1e-05, -1e-05, 0.023809523809523808, 0.023809523809523808, 0.0, 0.0], [0.0, 0.0, 0.023809523809523808, 0.023809523809523808, 0.023809523809523808, -1e-05, 0.023809523809523808, 0.023809523809523808, 0.0, 0.0], [0.0, 0.0, 0.0, 0.023809523809523808, 0.023809523809523808, 0.023809523809523808, -2e-05, 0.023809523809523808, 0.0, 0.0]], "6_hard_pruned.json": [[0.16176470588235295, -2e-05, 0.014705882352941176, -1e-05, -1e-05, 0.014705882352941176], [0.04411764705882353, -2e-05, -1e-05, -2e-05, 0.04411764705882353, 0.04411764705882353], [0.058823529411764705, -1e-05, 0.04411764705882353, 0.058823529411764705, 0.058823529411764705, 0.04411764705882353], [-2e-05, -1e-05, 0.029411764705882353, -2e-05, 0.0, 0.0], [0.04411764705882353, -1e-05, 0.08823529411764706, 0.058823529411764705, 0.029411764705882353, 0.0], [0.04411764705882353, -2e-05, 0.07352941176470588, 0.04411764705882353, -2e-05, 0.0]], "6_hard_full.json": [[0.16666666666666666, -2e-05, 0.023809523809523808, 0.09523809523809523, -1e-05, 0.023809523809523808], [0.023809523809523808, -2e-05, -1e-05, -2e-05, 0.023809523809523808, 0.023809523809523808], [0.07142857142857142, -1e-05, 0.07142857142857142, 0.023809523809523808, 0.023809523809523808, 0.0], [0.023809523809523808, -1e-05, 0.047619047619047616, -2e-05, 0.0, 0.0], [0.023809523809523808, -1e-05, 0.07142857142857142, 0.09523809523809523, 0.023809523809523808, 0.0], [0.023809523809523808, -2e-05, 0.07142857142857142, 0.047619047619047616, -2e-05, 0.0]], "6_easy_full.json": [[0.04, -1e-05, 0.02, -2e-05, 0.04, 0.04], [0.04, -2e-05, -1e-05, -1e-05, 0.04, 0.12], [-1e-05, -2e-05, -2e-05, -2e-05, -1e-05, 0.04], [-2e-05, 0.14, -1e-05, -1e-05, -2e-05, 0.02], [-1e-05, 0.1, -2e-05, -2e-05, 0.04, 0.04], [0.04, 0.04, 0.12, 0.04, 0.04, 0.0]], "6_easy_pruned.json": [[0.05263157894736842, -1e-05, -2e-05, -2e-05, 0.07894736842105263, 0.07894736842105263], [0.05263157894736842, -2e-05, -1e-05, -1e-05, 0.02631578947368421, 0.02631578947368421], [-1e-05, -2e-05, -2e-05, -2e-05, -1e-05, 0.05263157894736842], [-2e-05, 0.15789473684210525, -1e-05, -1e-05, -2e-05, -1e-05], [-1e-05, 0.05263157894736842, -2e-05, -2e-05, 0.05263157894736842, 0.05263157894736842], [0.05263157894736842, 0.05263157894736842, 0.05263157894736842, 0.05263157894736842, 0.05263157894736842, 0.05263157894736842]],