{"10_medium_full.json": [[0.005847953216374269, 0.005847953216374269, 0.011695906432748537, 0.011695906432748537, 0.011695906432748537, 0.005847953216374269, 0.011695906432748537, 0.011695906432748537, 0.005847953216374269, 0.005847953216374269], [0.005847953216374269, 0.005847953216374269, 0.023391812865497075, 0.011695906432748537, 0.005847953216374269, 0.011695906432748537, 0.005847953216374269, 0.011695906432748537, 0.005847953216374269, 0.005847953216374269], [0.011695906432748537, 0.011695906432748537, -1e-05, 0.011695906432748537, 0.011695906432748537, -2e-05, 0.0, 0.011695906432748537, 0.0, 0.005847953216374269], [0.011695906432748537, 0.029239766081871343, 0.08187134502923976, -1e-05, -1e-05, 0.011695906432748537, 0.011695906432748537, 0.011695906432748537, 0.011695906432748537, 0.005847953216374269], [0.011695906432748537, 0.005847953216374269, 0.017543859649122806, 0.011695906432748537, -2e-05, -2e-05, -2e-05, -1e-05, -2e-05, 0.011695906432748537], [0.011695906432748537, 0.029239766081871343, 0.005847953216374269, 0.011695906432748537, 0.029239766081871343, -1e-05, -2e-05, -2e-05, 0.011695906432748537, 0.005847953216374269], [0.011695906432748537, 0.011695906432748537, 0.023391812865497075, -1e-05, 0.029239766081871343, -2e-05, 0.011695906432748537, 0.011695906432748537, 0.005847953216374269, 0.005847953216374269], [0.011695906432748537, 0.011695906432748537, 0.011695906432748537, 0.011695906432748537, -1e-05, -1e-05, 0.011695906432748537, 0.011695906432748537, 0.011695906432748537, 0.011695906432748537], [0.005847953216374269, 0.011695906432748537, 0.011695906432748537, 0.011695906432748537, 0.011695906432748537, -1e-05, 0.029239766081871343, 0.011695906432748537, 0.011695906432748537, 0.011695906432748537], [0.011695906432748537, 0.011695906432748537, 0.011695906432748537, 0.011695906432748537, 0.011695906432748537, 0.005847953216374269, -2e-05, 0.011695906432748537, 0.005847953216374269, 0.011695906432748537]], "10_hard_pruned.json": [[0.006172839506172839, 0.0, 0.018518518518518517, -2e-05, 0.006172839506172839, 0.006172839506172839, 0.012345679012345678, 0.006172839506172839, 0.012345679012345678, 0.006172839506172839], [0.043209876543209874, 0.012345679012345678, 0.012345679012345678, -1e-05, 0.012345679012345678, -2e-05, 0.012345679012345678, 0.012345679012345678, 0.006172839506172839, 0.006172839506172839], [0.006172839506172839, -2e-05, -2e-05, 0.006172839506172839, -1e-05, -1e-05, -1e-05, 0.006172839506172839, -2e-05, 0.006172839506172839], [0.018518518518518517, 0.018518518518518517, -2e-05, -1e-05, -2e-05, 0.018518518518518517, 0.012345679012345678, 0.006172839506172839, 0.006172839506172839, 0.006172839506172839], [0.018518518518518517, -1e-05, -1e-05, 0.037037037037037035, 0.024691358024691357, 0.043209876543209874, 0.018518518518518517, 0.012345679012345678, 0.006172839506172839, 0.006172839506172839], [0.018518518518518517, -1e-05, -1e-05, 0.012345679012345678, -2e-05, 0.012345679012345678, 0.012345679012345678, 0.018518518518518517, 0.012345679012345678, 0.006172839506172839], [-2e-05, 0.018518518518518517, -1e-05, 0.018518518518518517, -2e-05, 0.012345679012345678, 0.012345679012345678, 0.006172839506172839, 0.012345679012345678, 0.012345679012345678], [0.012345679012345678, 0.018518518518518517, -1e-05, 0.018518518518518517, 0.024691358024691357, 0.012345679012345678, 0.012345679012345678, 0.012345679012345678, 0.006172839506172839, 0.006172839506172839], [0.012345679012345678, 0.018518518518518517, -2e-05, 0.037037037037037035, 0.018518518518518517, -2e-05, -2e-05, 0.006172839506172839, 0.012345679012345678, 0.006172839506172839], [0.012345679012345678, 0.012345679012345678, 0.012345679012345678, 0.012345679012345678, -1e-05, 0.018518518518518517, 0.012345679012345678, 0.012345679012345678, 0.012345679012345678, 0.006172839506172839]], "10_hard_full.json": [[0.009345794392523364, 0.009345794392523364, 0.009345794392523364, -2e-05, 0.009345794392523364, 0.009345794392523364, 0.009345794392523364, 0.009345794392523364, 0.009345794392523364, 0.009345794392523364], [0.037383177570093455, 0.009345794392523364, 0.009345794392523364, -1e-05, 0.009345794392523364, -2e-05, 0.009345794392523364, 0.009345794392523364, 0.009345794392523364, 0.009345794392523364], [0.009345794392523364, -2e-05, -2e-05, 0.009345794392523364, 0.009345794392523364, -1e-05, -1e-05, 0.009345794392523364, -2e-05, 0.009345794392523364], [0.009345794392523364, 0.009345794392523364, -2e-05, -1e-05, -2e-05, 0.009345794392523364, 0.009345794392523364, 0.009345794392523364, 0.009345794392523364, 0.009345794392523364], [0.009345794392523364, -1e-05, -1e-05, 0.1308411214953271, 0.009345794392523364, 0.11214953271028037, 0.009345794392523364, 0.009345794392523364, 0.009345794392523364, 0.009345794392523364], [0.009345794392523364, -1e-05, -1e-05, 0.018691588785046728, -2e-05, 0.009345794392523364, 0.009345794392523364, 0.009345794392523364, 0.009345794392523364, 0.009345794392523364], [0.009345794392523364, 0.009345794392523364, -1e-05, 0.009345794392523364, -2e-05, 0.009345794392523364, 0.009345794392523364, 0.009345794392523364, 0.009345794392523364, 0.009345794392523364], [0.009345794392523364, 0.009345794392523364, -1e-05, 0.009345794392523364, 0.009345794392523364, 0.009345794392523364, 0.009345794392523364, 0.009345794392523364, 0.009345794392523364, 0.009345794392523364], [0.009345794392523364, 0.009345794392523364, -2e-05, 0.018691588785046728, 0.009345794392523364, -2e-05, -2e-05, 0.009345794392523364, 0.018691588785046728, 0.009345794392523364], [0.009345794392523364, 0.009345794392523364, 0.009345794392523364, 0.009345794392523364, -1e-05, 0.009345794392523364, 0.009345794392523364, 0.009345794392523364, 0.009345794392523364, 0.009345794392523364]], "10_medium_pruned.json": [[0.0, 0.0, 0.029411764705882353, 0.00980392156862745, 0.00980392156862745, 0.0196078431372549, 0.00980392156862745, 0.00980392156862745, 0.0, 0.0], [0.00980392156862745, 0.0, 0.049019607843137254, 0.00980392156862745, 0.0196078431372549, 0.00980392156862745, 0.0, 0.00980392156862745, 0.0, 0.0], [0.00980392156862745, 0.00980392156862745, -1e-05, 0.029411764705882353, 0.00980392156862745, -2e-05, 0.0, 0.00980392156862745, 0.0, 0.0], [0.029411764705882353, 0.029411764705882353, -1e-05, -1e-05, -1e-05, -2e-05, 0.0, 0.00980392156862745, 0.0, 0.0], [0.00980392156862745, 0.00980392156862745, 0.049019607843137254, 0.029411764705882353, -2e-05, -2e-05, -2e-05, -1e-05, -2e-05, 0.00980392156862745], [0.0196078431372549, 0.0196078431372549, 0.00980392156862745, 0.029411764705882353, 0.0196078431372549, -1e-05, -2e-05, -2e-05, 0.00980392156862745, 0.0], [0.00980392156862745, 0.0196078431372549, 0.049019607843137254, -1e-05, 0.00980392156862745, -2e-05, 0.00980392156862745, 0.00980392156862745, 0.0, 0.0], [0.0196078431372549, 0.029411764705882353, 0.029411764705882353, 0.029411764705882353, -1e-05, -1e-05, 0.029411764705882353, 0.029411764705882353, 0.029411764705882353, 0.00980392156862745], [0.0, 0.00980392156862745, 0.00980392156862745, 0.00980392156862745, 0.00980392156862745, -1e-05, 0.00980392156862745, 0.00980392156862745, 0.00980392156862745, 0.00980392156862745], [0.00980392156862745, 0.00980392156862745, 0.0, 0.00980392156862745, 0.00980392156862745, 0.0, -2e-05, 0.00980392156862745, 0.0, 0.00980392156862745]], "6_hard_pruned.json": [[0.09230769230769231, -2e-05, 0.03076923076923077, -1e-05, -1e-05, 0.015384615384615385], [0.03076923076923077, -2e-05, -1e-05, -2e-05, 0.03076923076923077, 0.03076923076923077], [0.03076923076923077, -1e-05, 0.06153846153846154, 0.046153846153846156, 0.03076923076923077, 0.03076923076923077], [-2e-05, -1e-05, 0.07692307692307693, -2e-05, 0.03076923076923077, 0.03076923076923077], [0.03076923076923077, -1e-05, 0.09230769230769231, 0.046153846153846156, 0.046153846153846156, 0.03076923076923077], [0.046153846153846156, -2e-05, 0.06153846153846154, 0.046153846153846156, -2e-05, 0.03076923076923077]],