{"10_medium_full.json": [[0.0, 0.0, 0.0, 0.0, 0.0, 0.0, 0.0, 0.0, 0.0, 0.0], [0.0, 0.0, 0.014084507042253521, 0.04225352112676056, 0.0, 0.014084507042253521, 0.0, 0.0, 0.0, 0.0], [0.0, 0.014084507042253521, -1e-05, 0.028169014084507043, 0.014084507042253521, -2e-05, 0.0, 0.0, 0.0, 0.0], [0.0, 0.028169014084507043, 0.028169014084507043, -1e-05, -1e-05, 0.014084507042253521, 0.028169014084507043, 0.028169014084507043, 0.014084507042253521, 0.0], [0.0, 0.056338028169014086, 0.028169014084507043, 0.028169014084507043, -2e-05, -2e-05, -2e-05, -1e-05, -2e-05, 0.0], [0.0, 0.014084507042253521, 0.056338028169014086, 0.028169014084507043, 0.014084507042253521, -1e-05, -2e-05, -2e-05, 0.028169014084507043, 0.0], [0.0, 0.0, 0.014084507042253521, -1e-05, 0.014084507042253521, -2e-05, 0.014084507042253521, 0.028169014084507043, 0.0, 0.0], [0.0, 0.0, 0.056338028169014086, 0.056338028169014086, -1e-05, -1e-05, 0.014084507042253521, 0.11267605633802817, 0.04225352112676056, 0.0], [0.0, 0.0, 0.014084507042253521, 0.014084507042253521, 0.014084507042253521, -1e-05, 0.014084507042253521, 0.014084507042253521, 0.0, 0.0], [0.0, 0.0, 0.0, 0.014084507042253521, 0.028169014084507043, 0.0, -2e-05, 0.014084507042253521, 0.0, 0.0]], "10_hard_pruned.json": [[0.0, 0.0, 0.017857142857142856, -2e-05, 0.0, 0.0, 0.017857142857142856, 0.0, 0.0, 0.0], [0.03571428571428571, 0.0, 0.017857142857142856, -1e-05, 0.017857142857142856, -2e-05, 0.017857142857142856, 0.017857142857142856, 0.0, 0.0], [0.0, -2e-05, -2e-05, 0.05357142857142857, -1e-05, -1e-05, -1e-05, 0.05357142857142857, -2e-05, 0.0], [0.03571428571428571, 0.017857142857142856, -2e-05, -1e-05, -2e-05, 0.03571428571428571, 0.017857142857142856, 0.0, 0.0, 0.0], [0.017857142857142856, -1e-05, -1e-05, 0.14285714285714285, 0.017857142857142856, 0.125, 0.017857142857142856, 0.0, 0.0, 0.0], [0.017857142857142856, -1e-05, -1e-05, 0.05357142857142857, -2e-05, 0.0, 0.0, 0.0, 0.0, 0.0], [-2e-05, 0.017857142857142856, -1e-05, 0.03571428571428571, -2e-05, 0.0, 0.0, 0.0, 0.0, 0.0], [0.017857142857142856, 0.017857142857142856, -1e-05, 0.017857142857142856, 0.03571428571428571, 0.0, 0.0, 0.0, 0.0, 0.0], [0.0, 0.017857142857142856, -2e-05, 0.05357142857142857, 0.017857142857142856, -2e-05, -2e-05, 0.0, 0.0, 0.0], [0.0, 0.0, 0.0, 0.017857142857142856, -1e-05, 0.0, 0.0, 0.0, 0.0, 0.0]], "10_hard_full.json": [[0.0, 0.0, 0.014285714285714285, -2e-05, 0.014285714285714285, 0.014285714285714285, 0.014285714285714285, 0.014285714285714285, 0.0, 0.0], [0.04285714285714286, 0.014285714285714285, 0.014285714285714285, -1e-05, 0.014285714285714285, -2e-05, 0.014285714285714285, 0.014285714285714285, 0.0, 0.0], [0.014285714285714285, -2e-05, -2e-05, 0.014285714285714285, 0.014285714285714285, -1e-05, -1e-05, 0.014285714285714285, -2e-05, 0.0], [0.014285714285714285, 0.014285714285714285, -2e-05, -1e-05, -2e-05, 0.02857142857142857, 0.014285714285714285, 0.014285714285714285, 0.0, 0.0], [0.02857142857142857, -1e-05, -1e-05, 0.17142857142857143, 0.014285714285714285, 0.14285714285714285, 0.014285714285714285, 0.014285714285714285, 0.0, 0.0], [0.014285714285714285, -1e-05, -1e-05, 0.04285714285714286, -2e-05, 0.0, 0.0, 0.0, 0.0, 0.0], [0.014285714285714285, 0.014285714285714285, -1e-05, 0.014285714285714285, -2e-05, 0.0, 0.0, 0.0, 0.0, 0.0], [0.014285714285714285, 0.014285714285714285, -1e-05, 0.014285714285714285, 0.014285714285714285, 0.0, 0.0, 0.0, 0.0, 0.0], [0.014285714285714285, 0.014285714285714285, -2e-05, 0.02857142857142857, 0.014285714285714285, -2e-05, -2e-05, 0.0, 0.014285714285714285, 0.0], [0.0, 0.0, 0.014285714285714285, 0.014285714285714285, -1e-05, 0.014285714285714285, 0.0, 0.0, 0.0, 0.0]], "10_medium_pruned.json": [[0.0, 0.0, 0.0, 0.0, 0.0, 0.0, 0.0, 0.0, 0.0, 0.0], [0.0, 0.0, 0.11428571428571428, 0.14285714285714285, 0.0, 0.0, 0.0, 0.0, 0.0, 0.0], [0.0, 0.0, -1e-05, 0.02857142857142857, 0.02857142857142857, -2e-05, 0.0, 0.0, 0.0, 0.0], [0.11428571428571428, 0.11428571428571428, -1e-05, -1e-05, -1e-05, -2e-05, 0.0, 0.0, 0.0, 0.0], [0.0, 0.05714285714285714, 0.05714285714285714, 0.02857142857142857, -2e-05, -2e-05, -2e-05, -1e-05, -2e-05, 0.0], [0.0, 0.0, 0.08571428571428572, 0.02857142857142857, 0.0, -1e-05, -2e-05, -2e-05, 0.0, 0.0], [0.0, 0.0, 0.08571428571428572, -1e-05, 0.0, -2e-05, 0.0, 0.0, 0.0, 0.0], [0.0, 0.0, 0.02857142857142857, 0.02857142857142857, -1e-05, -1e-05, 0.02857142857142857, 0.02857142857142857, 0.0, 0.0], [0.0, 0.0, 0.0, 0.0, 0.0, -1e-05, 0.0, 0.0, 0.0, 0.0], [0.0, 0.0, 0.0, 0.0, 0.0, 0.0, -2e-05, 0.0, 0.0, 0.0]], "6_hard_pruned.json": [[0.2564102564102564, -2e-05, 0.02564102564102564, -1e-05, -1e-05, 0.02564102564102564], [0.02564102564102564, -2e-05, -1e-05, -2e-05, 0.02564102564102564, 0.02564102564102564], [0.10256410256410256, -1e-05, 0.07692307692307693, 0.05128205128205128, 0.05128205128205128, 0.02564102564102564], [-2e-05, -1e-05, 0.02564102564102564, -2e-05, 0.0, 0.0], [0.02564102564102564, -1e-05, 0.05128205128205128, 0.07692307692307693, 0.02564102564102564, 0.0], [0.02564102564102564, -2e-05, 0.02564102564102564, 0.05128205128205128, -2e-05, 0.0]], "6_hard_full.json": [[0.1206896551724138, -2e-05, 0.034482758620689655, 0.034482758620689655, -1e-05, 0.034482758620689655], [0.034482758620689655, -2e-05, -1e-05, -2e-05, 0.034482758620689655, 0.034482758620689655], [0.10344827586206896, -1e-05, 0.06896551724137931, 0.034482758620689655, 0.06896551724137931, 0.0], [0.017241379310344827, -1e-05, 0.034482758620689655, -2e-05, 0.0, 0.0], [0.034482758620689655, -1e-05, 0.05172413793103448, 0.08620689655172414, 0.05172413793103448, 0.0], [0.034482758620689655, -2e-05, 0.05172413793103448, 0.034482758620689655, -2e-05, 0.0]], "6_easy_full.json": [[0.025, -1e-05, 0.075, -2e-05, 0.05, 0.075], [0.025, -2e-05, -1e-05, -1e-05, 0.05, 0.075], [-1e-05, -2e-05, -2e-05, -2e-05, -1e-05, 0.075], [-2e-05, 0.075, -1e-05, -1e-05, -2e-05, 0.125], [-1e-05, 0.05, -2e-05, -2e-05, 0.05, 0.075], [0.025, 0.025, 0.075, 0.025, 0.025, 0.0]], "6_easy_pruned.json": [[0.0, -1e-05, -2e-05, -2e-05, 0.07142857142857142, 0.14285714285714285], [0.0, -2e-05, -1e-05, -1e-05, 0.07142857142857142, 0.07142857142857142], [-1e-05, -2e-05, -2e-05, -2e-05, -1e-05, 0.14285714285714285], [-2e-05, 0.2857142857142857, -1e-05, -1e-05, -2e-05, -1e-05], [-1e-05, 0.0, -2e-05, -2e-05, 0.0, 0.14285714285714285], [0.0, 0.0, 0.0, 0.0, 0.0, 0.07142857142857142]], "10_easy_full.json": [[0.0, 0.0, 0.014705882352941176, 0.014705882352941176, -1e-05, 0.058823529411764705, -2e-05, 0.0, 0.014705882352941176, 0.014705882352941176], [0.0, 0.0, 0.0, 0.0, -2e-05, -1e-05, -1e-05, -1e-05, 0.07352941176470588, 0.07352941176470588], [0.0, 0.014705882352941176, 0.0, -1e-05, -2e-05, -2e-05, -2e-05, -1e-05, 0.014705882352941176, 0.014705882352941176], [0.0, 0.014705882352941176, 0.014705882352941176, -2e-05, -2e-05, -1e-05, -1e-05, -2e-05, -1e-05, -1e-05], [-2e-05, 0.014705882352941176, 0.014705882352941176, -1e-05, 0.0, -2e-05, -2e-05, 0.014705882352941176, 0.014705882352941176, 0.07352941176470588], [-1e-05, 0.014705882352941176, 0.014705882352941176, 0.014705882352941176, 0.014705882352941176, 0.0, 0.014705882352941176, 0.014705882352941176, 0.014705882352941176, 0.014705882352941176], [-1e-05, -1e-05, 0.029411764705882353, 0.029411764705882353, 0.029411764705882353, 0.014705882352941176, 0.014705882352941176, 0.014705882352941176, 0.014705882352941176, 0.0], [-2e-05, -2e-05, 0.029411764705882353, 0.0, 0.014705882352941176, 0.014705882352941176, -1e-05, 0.014705882352941176, 0.014705882352941176, 0.0], [0.0, 0.0, 0.014705882352941176, 0.0, 0.014705882352941176, 0.014705882352941176, -1e-05, 0.014705882352941176, 0.014705882352941176, 0.0], [0.0, 0.0, 0.0, 0.029411764705882353, 0.058823529411764705, -2e-05, -2e-05, -2e-05, 0.014705882352941176, 0.0]],