{"10_easy_full.json": [[0.00788091068301226, 0.01138353765323993, 0.01138353765323993, 0.01138353765323993, -1e-05, 0.013134851138353765, -2e-05, 0.00788091068301226, 0.01138353765323993, 0.00788091068301226], [0.009632224168126095, 0.00788091068301226, 0.00788091068301226, 0.00788091068301226, -2e-05, -1e-05, -1e-05, -1e-05, 0.016637478108581436, 0.021891418563922942], [0.00788091068301226, 0.009632224168126095, 0.00788091068301226, -1e-05, -2e-05, -2e-05, -2e-05, -1e-05, 0.013134851138353765, 0.009632224168126095], [0.00788091068301226, 0.00788091068301226, 0.025394045534150613, -2e-05, -2e-05, -1e-05, -1e-05, -2e-05, -1e-05, -1e-05], [-2e-05, 0.00788091068301226, 0.00788091068301226, -1e-05, 0.0070052539404553416, -2e-05, -2e-05, 0.00788091068301226, 0.01138353765323993, 0.013134851138353765], [-1e-05, 0.00788091068301226, 0.00788091068301226, 0.00788091068301226, 0.01926444833625219, 0.006129597197898424, 0.00788091068301226, 0.00788091068301226, 0.01138353765323993, 0.01138353765323993], [-1e-05, -1e-05, 0.013134851138353765, 0.013134851138353765, 0.013134851138353765, 0.028021015761821366, 0.00788091068301226, 0.009632224168126095, 0.00788091068301226, 0.01138353765323993], [-2e-05, -2e-05, 0.020140105078809107, 0.00788091068301226, 0.00788091068301226, 0.00788091068301226, -1e-05, 0.00788091068301226, 0.00788091068301226, 0.01138353765323993], [0.00788091068301226, 0.00788091068301226, 0.00788091068301226, 0.020140105078809107, 0.00788091068301226, 0.009632224168126095, -1e-05, 0.028896672504378284, 0.00788091068301226, 0.00788091068301226], [0.00788091068301226, 0.00788091068301226, 0.00788091068301226, 0.27495621716287216, 0.01926444833625219, -2e-05, -2e-05, -2e-05, 0.0070052539404553416, 0.00788091068301226]], "10_easy_pruned.json": [[0.008368200836820083, 0.008368200836820083, 0.008368200836820083, 0.008368200836820083, -1e-05, -2e-05, -2e-05, 0.008368200836820083, 0.012552301255230125, 0.008368200836820083], [0.008368200836820083, 0.008368200836820083, 0.008368200836820083, 0.008368200836820083, -2e-05, -1e-05, -1e-05, -1e-05, 0.012552301255230125, 0.012552301255230125], [0.008368200836820083, 0.008368200836820083, 0.008368200836820083, -1e-05, -2e-05, -2e-05, -2e-05, -1e-05, 0.012552301255230125, 0.012552301255230125], [0.008368200836820083, 0.008368200836820083, 0.02092050209205021, -2e-05, -2e-05, -1e-05, -1e-05, -2e-05, -1e-05, -1e-05], [-2e-05, 0.008368200836820083, 0.008368200836820083, -1e-05, 0.012552301255230125, -2e-05, -2e-05, 0.008368200836820083, 0.012552301255230125, -1e-05], [-1e-05, 0.008368200836820083, 0.008368200836820083, 0.008368200836820083, 0.02510460251046025, 0.008368200836820083, 0.008368200836820083, 0.008368200836820083, 0.012552301255230125, 0.016736401673640166], [-1e-05, -1e-05, 0.012552301255230125, 0.012552301255230125, 0.012552301255230125, 0.03347280334728033, 0.008368200836820083, 0.012552301255230125, 0.008368200836820083, 0.016736401673640166], [-2e-05, -2e-05, 0.016736401673640166, 0.008368200836820083, 0.008368200836820083, 0.008368200836820083, -1e-05, 0.008368200836820083, 0.008368200836820083, 0.016736401673640166], [0.008368200836820083, 0.008368200836820083, 0.008368200836820083, 0.016736401673640166, 0.008368200836820083, 0.012552301255230125, -1e-05, 0.029288702928870293, 0.008368200836820083, 0.008368200836820083], [0.008368200836820083, 0.008368200836820083, 0.008368200836820083, 0.26359832635983266, 0.029288702928870293, -2e-05, -2e-05, -2e-05, 0.008368200836820083, 0.008368200836820083]]}