{"10_medium_full.json": [[0.0, 0.0, 0.0, 0.0, 0.0, 0.0, 0.0, 0.0, 0.0, 0.0], [0.0, 0.024793388429752067, 0.024793388429752067, 0.024793388429752067, 0.024793388429752067, 0.024793388429752067, 0.0, 0.0, 0.0, 0.0], [0.0, 0.024793388429752067, -1e-05, 0.024793388429752067, 0.03305785123966942, -2e-05, 0.024793388429752067, 0.0, 0.0, 0.0], [0.0, 0.024793388429752067, 0.024793388429752067, -1e-05, -1e-05, 0.01652892561983471, 0.024793388429752067, 0.024793388429752067, 0.024793388429752067, 0.0], [0.0, 0.008264462809917356, 0.04132231404958678, 0.03305785123966942, -2e-05, -2e-05, -2e-05, -1e-05, -2e-05, 0.0], [0.0, 0.024793388429752067, 0.008264462809917356, 0.024793388429752067, 0.024793388429752067, -1e-05, -2e-05, -2e-05, 0.024793388429752067, 0.0], [0.0, 0.0, 0.04132231404958678, -1e-05, 0.024793388429752067, -2e-05, 0.024793388429752067, 0.024793388429752067, 0.0, 0.0], [0.0, 0.0, 0.024793388429752067, 0.024793388429752067, -1e-05, -1e-05, 0.024793388429752067, 0.024793388429752067, 0.0, 0.0], [0.0, 0.0, 0.024793388429752067, 0.024793388429752067, 0.024793388429752067, -1e-05, 0.024793388429752067, 0.024793388429752067, 0.0, 0.0], [0.0, 0.0, 0.0, 0.024793388429752067, 0.024793388429752067, 0.024793388429752067, -2e-05, 0.024793388429752067, 0.0, 0.0]], "10_hard_pruned.json": [[0.0, 0.0, 0.03225806451612903, -2e-05, 0.03225806451612903, 0.03225806451612903, 0.03225806451612903, 0.0, 0.0, 0.0], [0.0, 0.0, 0.03225806451612903, -1e-05, 0.03225806451612903, -2e-05, 0.03225806451612903, 0.03225806451612903, 0.0, 0.0], [0.0, -2e-05, -2e-05, 0.010752688172043012, -1e-05, -1e-05, -1e-05, 0.010752688172043012, -2e-05, 0.0], [0.03225806451612903, 0.03225806451612903, -2e-05, -1e-05, -2e-05, 0.03225806451612903, 0.03225806451612903, 0.03225806451612903, 0.0, 0.0], [0.03225806451612903, -1e-05, -1e-05, 0.021505376344086023, 0.03225806451612903, 0.043010752688172046, 0.03225806451612903, 0.0, 0.0, 0.0], [0.03225806451612903, -1e-05, -1e-05, 0.021505376344086023, -2e-05, 0.0, 0.0, 0.0, 0.0, 0.0], [-2e-05, 0.03225806451612903, -1e-05, 0.03225806451612903, -2e-05, 0.0, 0.0, 0.0, 0.0, 0.0], [0.03225806451612903, 0.03225806451612903, -1e-05, 0.03225806451612903, 0.03225806451612903, 0.0, 0.0, 0.0, 0.0, 0.0], [0.0, 0.03225806451612903, -2e-05, 0.053763440860215055, 0.03225806451612903, -2e-05, -2e-05, 0.0, 0.0, 0.0], [0.0, 0.0, 0.0, 0.03225806451612903, -1e-05, 0.0, 0.0, 0.0, 0.0, 0.0]], "10_hard_full.json": [[0.0, 0.0, 0.025806451612903226, -2e-05, 0.025806451612903226, 0.025806451612903226, 0.025806451612903226, 0.025806451612903226, 0.0, 0.0], [0.0, 0.025806451612903226, 0.025806451612903226, -1e-05, 0.025806451612903226, -2e-05, 0.025806451612903226, 0.025806451612903226, 0.0, 0.0], [0.025806451612903226, -2e-05, -2e-05, 0.012903225806451613, 0.0064516129032258064, -1e-05, -1e-05, 0.012903225806451613, -2e-05, 0.0], [0.025806451612903226, 0.025806451612903226, -2e-05, -1e-05, -2e-05, 0.025806451612903226, 0.025806451612903226, 0.025806451612903226, 0.0, 0.0], [0.025806451612903226, -1e-05, -1e-05, 0.01935483870967742, 0.025806451612903226, 0.03225806451612903, 0.025806451612903226, 0.025806451612903226, 0.0, 0.0], [0.025806451612903226, -1e-05, -1e-05, 0.01935483870967742, -2e-05, 0.0, 0.0, 0.0, 0.0, 0.0], [0.0064516129032258064, 0.025806451612903226, -1e-05, 0.025806451612903226, -2e-05, 0.0, 0.0, 0.0, 0.0, 0.0], [0.025806451612903226, 0.025806451612903226, -1e-05, 0.025806451612903226, 0.025806451612903226, 0.0, 0.0, 0.0, 0.0, 0.0], [0.025806451612903226, 0.025806451612903226, -2e-05, 0.03870967741935484, 0.025806451612903226, -2e-05, -2e-05, 0.0, 0.0, 0.0], [0.0, 0.0, 0.025806451612903226, 0.025806451612903226, -1e-05, 0.025806451612903226, 0.0, 0.0, 0.0, 0.0]], "10_medium_pruned.json": [[0.0, 0.0, 0.0, 0.0, 0.0, 0.0, 0.0, 0.0, 0.0, 0.0], [0.023809523809523808, 0.023809523809523808, 0.023809523809523808, 0.023809523809523808, 0.023809523809523808, 0.023809523809523808, 0.0, 0.0, 0.0, 0.0], [0.023809523809523808, 0.023809523809523808, -1e-05, 0.023809523809523808, 0.023809523809523808, -2e-05, 0.023809523809523808, 0.0, 0.0, 0.0], [0.023809523809523808, 0.023809523809523808, -1e-05, -1e-05, -1e-05, -2e-05, 0.023809523809523808, 0.023809523809523808, 0.023809523809523808, 0.0], [0.023809523809523808, 0.011904761904761904, 0.03571428571428571, 0.023809523809523808, -2e-05, -2e-05, -2e-05, -1e-05, -2e-05, 0.0], [0.0, 0.023809523809523808, 0.011904761904761904, 0.023809523809523808, 0.023809523809523808, -1e-05, -2e-05, -2e-05, 0.023809523809523808, 0.0], [0.0, 0.0, 0.03571428571428571, -1e-05, 0.023809523809523808, -2e-05, 0.023809523809523808, 0.023809523809523808, 0.0, 0.0], [0.0, 0.0, 0.023809523809523808, 0.023809523809523808, -1e-05, -1e-05, 0.023809523809523808, 0.023809523809523808, 0.0, 0.0], [0.0, 0.0, 0.023809523809523808, 0.023809523809523808, 0.023809523809523808, -1e-05, 0.023809523809523808, 0.023809523809523808, 0.0, 0.0], [0.0, 0.0, 0.0, 0.023809523809523808, 0.023809523809523808, 0.023809523809523808, -2e-05, 0.023809523809523808, 0.0, 0.0]], "6_hard_pruned.json": [[0.14285714285714285, -2e-05, 0.017857142857142856, -1e-05, -1e-05, 0.017857142857142856], [0.05357142857142857, -2e-05, -1e-05, -2e-05, 0.07142857142857142, 0.05357142857142857], [0.05357142857142857, -1e-05, 0.03571428571428571, 0.05357142857142857, 0.07142857142857142, 0.05357142857142857], [-2e-05, -1e-05, 0.03571428571428571, -2e-05, 0.0, 0.0], [0.05357142857142857, -1e-05, 0.07142857142857142, 0.05357142857142857, 0.0, 0.0], [0.05357142857142857, -2e-05, 0.05357142857142857, 0.05357142857142857, -2e-05, 0.0]], "6_hard_full.json": [[0.125, -2e-05, 0.027777777777777776, 0.013888888888888888, -1e-05, 0.027777777777777776], [0.05555555555555555, -2e-05, -1e-05, -2e-05, 0.06944444444444445, 0.05555555555555555], [0.05555555555555555, -1e-05, 0.041666666666666664, 0.05555555555555555, 0.06944444444444445, 0.0], [0.013888888888888888, -1e-05, 0.041666666666666664, -2e-05, 0.0, 0.0], [0.05555555555555555, -1e-05, 0.06944444444444445, 0.05555555555555555, 0.0, 0.0], [0.05555555555555555, -2e-05, 0.05555555555555555, 0.05555555555555555, -2e-05, 0.0]], "6_easy_full.json": [[0.0392156862745098, -1e-05, 0.0196078431372549, -2e-05, 0.0392156862745098, 0.0392156862745098], [0.0392156862745098, -2e-05, -1e-05, -1e-05, 0.0392156862745098, 0.11764705882352941], [-1e-05, -2e-05, -2e-05, -2e-05, -1e-05, 0.0392156862745098], [-2e-05, 0.13725490196078433, -1e-05, -1e-05, -2e-05, 0.0196078431372549], [-1e-05, 0.11764705882352941, -2e-05, -2e-05, 0.0392156862745098, 0.0392156862745098], [0.0392156862745098, 0.0392156862745098, 0.11764705882352941, 0.0392156862745098, 0.0392156862745098, 0.0]], "6_easy_pruned.json": [[0.05263157894736842, -1e-05, -2e-05, -2e-05, 0.07894736842105263, 0.07894736842105263], [0.05263157894736842, -2e-05, -1e-05, -1e-05, 0.02631578947368421, 0.02631578947368421], [-1e-05, -2e-05, -2e-05, -2e-05, -1e-05, 0.05263157894736842], [-2e-05, 0.15789473684210525, -1e-05, -1e-05, -2e-05, -1e-05], [-1e-05, 0.05263157894736842, -2e-05, -2e-05, 0.05263157894736842, 0.05263157894736842], [0.05263157894736842, 0.05263157894736842, 0.05263157894736842, 0.05263157894736842, 0.05263157894736842, 0.05263157894736842]],