{"10_medium_full.json": [[0.0, 0.0, 0.0, 0.0, 0.0, 0.0, 0.0, 0.0, 0.0, 0.0], [0.0, 0.0, 0.01282051282051282, 0.01282051282051282, 0.0, 0.01282051282051282, 0.0, 0.0, 0.0, 0.0], [0.0, 0.01282051282051282, -1e-05, 0.02564102564102564, 0.01282051282051282, -2e-05, 0.0, 0.0, 0.0, 0.0], [0.0, 0.02564102564102564, 0.15384615384615385, -1e-05, -1e-05, 0.16666666666666666, 0.02564102564102564, 0.02564102564102564, 0.01282051282051282, 0.0], [0.0, 0.05128205128205128, 0.02564102564102564, 0.038461538461538464, -2e-05, -2e-05, -2e-05, -1e-05, -2e-05, 0.0], [0.0, 0.01282051282051282, 0.05128205128205128, 0.038461538461538464, 0.01282051282051282, -1e-05, -2e-05, -2e-05, 0.01282051282051282, 0.0], [0.0, 0.0, 0.01282051282051282, -1e-05, 0.01282051282051282, -2e-05, 0.01282051282051282, 0.01282051282051282, 0.0, 0.0], [0.0, 0.0, 0.02564102564102564, 0.02564102564102564, -1e-05, -1e-05, 0.02564102564102564, 0.02564102564102564, 0.0, 0.0], [0.0, 0.0, 0.01282051282051282, 0.01282051282051282, 0.01282051282051282, -1e-05, 0.01282051282051282, 0.01282051282051282, 0.0, 0.0], [0.0, 0.0, 0.0, 0.01282051282051282, 0.01282051282051282, 0.0, -2e-05, 0.01282051282051282, 0.0, 0.0]], "10_hard_pruned.json": [[0.0, 0.0, 0.018867924528301886, -2e-05, 0.0, 0.0, 0.018867924528301886, 0.0, 0.0, 0.0], [0.05660377358490566, 0.0, 0.018867924528301886, -1e-05, 0.018867924528301886, -2e-05, 0.018867924528301886, 0.018867924528301886, 0.0, 0.0], [0.0, -2e-05, -2e-05, 0.07547169811320754, -1e-05, -1e-05, -1e-05, 0.07547169811320754, -2e-05, 0.0], [0.03773584905660377, 0.03773584905660377, -2e-05, -1e-05, -2e-05, 0.09433962264150944, 0.018867924528301886, 0.0, 0.0, 0.0], [0.018867924528301886, -1e-05, -1e-05, 0.03773584905660377, 0.018867924528301886, 0.018867924528301886, 0.09433962264150944, 0.0, 0.0, 0.0], [0.018867924528301886, -1e-05, -1e-05, 0.03773584905660377, -2e-05, 0.0, 0.0, 0.0, 0.0, 0.0], [-2e-05, 0.03773584905660377, -1e-05, 0.03773584905660377, -2e-05, 0.0, 0.0, 0.0, 0.0, 0.0], [0.018867924528301886, 0.018867924528301886, -1e-05, 0.018867924528301886, 0.03773584905660377, 0.0, 0.0, 0.0, 0.0, 0.0], [0.0, 0.018867924528301886, -2e-05, 0.018867924528301886, 0.018867924528301886, -2e-05, -2e-05, 0.0, 0.0, 0.0], [0.0, 0.0, 0.0, 0.018867924528301886, -1e-05, 0.0, 0.0, 0.0, 0.0, 0.0]], "10_hard_full.json": [[0.0, 0.0, 0.015873015873015872, -2e-05, 0.015873015873015872, 0.015873015873015872, 0.015873015873015872, 0.015873015873015872, 0.0, 0.0], [0.09523809523809523, 0.015873015873015872, 0.015873015873015872, -1e-05, 0.015873015873015872, -2e-05, 0.015873015873015872, 0.015873015873015872, 0.0, 0.0], [0.015873015873015872, -2e-05, -2e-05, 0.047619047619047616, 0.06349206349206349, -1e-05, -1e-05, 0.047619047619047616, -2e-05, 0.0], [0.047619047619047616, 0.015873015873015872, -2e-05, -1e-05, -2e-05, 0.031746031746031744, 0.015873015873015872, 0.015873015873015872, 0.0, 0.0], [0.015873015873015872, -1e-05, -1e-05, 0.015873015873015872, 0.015873015873015872, 0.015873015873015872, 0.031746031746031744, 0.015873015873015872, 0.0, 0.0], [0.015873015873015872, -1e-05, -1e-05, 0.015873015873015872, -2e-05, 0.0, 0.0, 0.0, 0.0, 0.0], [0.015873015873015872, 0.015873015873015872, -1e-05, 0.047619047619047616, -2e-05, 0.0, 0.0, 0.0, 0.0, 0.0], [0.015873015873015872, 0.015873015873015872, -1e-05, 0.015873015873015872, 0.06349206349206349, 0.0, 0.0, 0.0, 0.0, 0.0], [0.015873015873015872, 0.015873015873015872, -2e-05, 0.015873015873015872, 0.015873015873015872, -2e-05, -2e-05, 0.0, 0.0, 0.0], [0.0, 0.0, 0.015873015873015872, 0.015873015873015872, -1e-05, 0.015873015873015872, 0.0, 0.0, 0.0, 0.0]], "10_medium_pruned.json": [[0.0, 0.0, 0.0, 0.0, 0.0, 0.0, 0.0, 0.0, 0.0, 0.0], [0.0, 0.0, 0.02564102564102564, 0.05128205128205128, 0.0, 0.02564102564102564, 0.0, 0.0, 0.0, 0.0], [0.0, 0.0, -1e-05, 0.02564102564102564, 0.05128205128205128, -2e-05, 0.0, 0.0, 0.0, 0.0], [0.05128205128205128, 0.05128205128205128, -1e-05, -1e-05, -1e-05, -2e-05, 0.0, 0.0, 0.0, 0.0], [0.0, 0.1282051282051282, 0.1282051282051282, 0.05128205128205128, -2e-05, -2e-05, -2e-05, -1e-05, -2e-05, 0.0], [0.0, 0.0, 0.23076923076923078, 0.05128205128205128, 0.0, -1e-05, -2e-05, -2e-05, 0.0, 0.0], [0.0, 0.0, 0.02564102564102564, -1e-05, 0.0, -2e-05, 0.0, 0.0, 0.0, 0.0], [0.0, 0.0, 0.02564102564102564, 0.02564102564102564, -1e-05, -1e-05, 0.02564102564102564, 0.02564102564102564, 0.0, 0.0], [0.0, 0.0, 0.0, 0.0, 0.0, -1e-05, 0.0, 0.0, 0.0, 0.0], [0.0, 0.0, 0.0, 0.0, 0.0, 0.0, -2e-05, 0.0, 0.0, 0.0]], "6_hard_pruned.json": [[0.0196078431372549, -2e-05, 0.0196078431372549, -1e-05, -1e-05, 0.0196078431372549], [0.0392156862745098, -2e-05, -1e-05, -2e-05, 0.0392156862745098, 0.0196078431372549], [0.0392156862745098, -1e-05, 0.058823529411764705, 0.17647058823529413, 0.0784313725490196, 0.0196078431372549], [-2e-05, -1e-05, 0.1568627450980392, -2e-05, 0.0, 0.058823529411764705], [0.0392156862745098, -1e-05, 0.0392156862745098, 0.058823529411764705, 0.0196078431372549, 0.0], [0.0392156862745098, -2e-05, 0.0196078431372549, 0.0392156862745098, -2e-05, 0.0]], "6_hard_full.json": [[0.021739130434782608, -2e-05, 0.06521739130434782, 0.043478260869565216, -1e-05, 0.06521739130434782], [0.08695652173913043, -2e-05, -1e-05, -2e-05, 0.021739130434782608, 0.021739130434782608], [0.043478260869565216, -1e-05, 0.021739130434782608, 0.021739130434782608, 0.021739130434782608, 0.0], [0.021739130434782608, -1e-05, 0.06521739130434782, -2e-05, 0.0, 0.0], [0.10869565217391304, -1e-05, 0.15217391304347827, 0.043478260869565216, 0.10869565217391304, 0.0], [0.021739130434782608, -2e-05, 0.021739130434782608, 0.021739130434782608, -2e-05, 0.0]], "6_easy_full.json": [[0.02564102564102564, -1e-05, 0.10256410256410256, -2e-05, 0.02564102564102564, 0.02564102564102564], [0.02564102564102564, -2e-05, -1e-05, -1e-05, 0.15384615384615385, 0.15384615384615385], [-1e-05, -2e-05, -2e-05, -2e-05, -1e-05, 0.02564102564102564], [-2e-05, 0.10256410256410256, -1e-05, -1e-05, -2e-05, 0.10256410256410256], [-1e-05, 0.07692307692307693, -2e-05, -2e-05, 0.02564102564102564, 0.02564102564102564], [0.02564102564102564, 0.02564102564102564, 0.02564102564102564, 0.02564102564102564, 0.02564102564102564, 0.0]], "6_easy_pruned.json": [[0.0, -1e-05, -2e-05, -2e-05, 0.043478260869565216, 0.08695652173913043], [0.0, -2e-05, -1e-05, -1e-05, 0.17391304347826086, 0.21739130434782608], [-1e-05, -2e-05, -2e-05, -2e-05, -1e-05, 0.13043478260869565], [-2e-05, 0.17391304347826086, -1e-05, -1e-05, -2e-05, -1e-05], [-1e-05, 0.043478260869565216, -2e-05, -2e-05, 0.0, 0.08695652173913043], [0.0, 0.0, 0.0, 0.0, 0.0, 0.043478260869565216]],