{"6_easy_pruned.json": [[0.05128205128205128, -1e-05, -2e-05, -2e-05, 0.05128205128205128, 0.05128205128205128], [0.05128205128205128, -2e-05, -1e-05, -1e-05, 0.02564102564102564, 0.02564102564102564], [-1e-05, -2e-05, -2e-05, -2e-05, -1e-05, 0.07692307692307693], [-2e-05, 0.10256410256410256, -1e-05, -1e-05, -2e-05, -1e-05], [-1e-05, 0.05128205128205128, -2e-05, -2e-05, 0.05128205128205128, 0.10256410256410256], [0.05128205128205128, 0.05128205128205128, 0.07692307692307693, 0.05128205128205128, 0.05128205128205128, 0.07692307692307693]], "6_easy_full.json": [[0.05555555555555555, -1e-05, 0.018518518518518517, -2e-05, 0.05555555555555555, 0.05555555555555555], [0.05555555555555555, -2e-05, -1e-05, -1e-05, 0.037037037037037035, 0.037037037037037035], [-1e-05, -2e-05, -2e-05, -2e-05, -1e-05, 0.07407407407407407], [-2e-05, 0.09259259259259259, -1e-05, -1e-05, -2e-05, 0.018518518518518517], [-1e-05, 0.05555555555555555, -2e-05, -2e-05, 0.05555555555555555, 0.09259259259259259], [0.05555555555555555, 0.05555555555555555, 0.07407407407407407, 0.05555555555555555, 0.05555555555555555, 0.0]]}