{"6_easy_pruned.json": [[0.05128205128205128, -1e-05, -2e-05, -2e-05, 0.05128205128205128, 0.05128205128205128], [0.05128205128205128, -2e-05, -1e-05, -1e-05, 0.02564102564102564, 0.02564102564102564], [-1e-05, -2e-05, -2e-05, -2e-05, -1e-05, 0.05128205128205128], [-2e-05, 0.1282051282051282, -1e-05, -1e-05, -2e-05, -1e-05], [-1e-05, 0.07692307692307693, -2e-05, -2e-05, 0.07692307692307693, 0.07692307692307693], [0.05128205128205128, 0.05128205128205128, 0.07692307692307693, 0.05128205128205128, 0.05128205128205128, 0.05128205128205128]], "6_easy_full.json": [[0.05454545454545454, -1e-05, 0.01818181818181818, -2e-05, 0.05454545454545454, 0.05454545454545454], [0.05454545454545454, -2e-05, -1e-05, -1e-05, 0.03636363636363636, 0.03636363636363636], [-1e-05, -2e-05, -2e-05, -2e-05, -1e-05, 0.05454545454545454], [-2e-05, 0.10909090909090909, -1e-05, -1e-05, -2e-05, 0.01818181818181818], [-1e-05, 0.07272727272727272, -2e-05, -2e-05, 0.07272727272727272, 0.07272727272727272], [0.05454545454545454, 0.05454545454545454, 0.07272727272727272, 0.05454545454545454, 0.05454545454545454, 0.0]]}