{"10_medium_full.json": [[0.0, 0.0, 0.0, 0.0, 0.0, 0.0, 0.0, 0.0, 0.0, 0.0], [0.0, 0.0196078431372549, 0.0196078431372549, 0.0196078431372549, 0.0196078431372549, 0.0196078431372549, 0.0, 0.0, 0.0, 0.0], [0.0, 0.0196078431372549, -1e-05, 0.0196078431372549, 0.0196078431372549, -2e-05, 0.0196078431372549, 0.0, 0.0, 0.0], [0.0, 0.0196078431372549, 0.22549019607843138, -1e-05, -1e-05, 0.0196078431372549, 0.029411764705882353, 0.029411764705882353, 0.0196078431372549, 0.0], [0.0, 0.00980392156862745, 0.029411764705882353, 0.0196078431372549, -2e-05, -2e-05, -2e-05, -1e-05, -2e-05, 0.0], [0.0, 0.0196078431372549, 0.00980392156862745, 0.0196078431372549, 0.0196078431372549, -1e-05, -2e-05, -2e-05, 0.0196078431372549, 0.0], [0.0, 0.0, 0.0196078431372549, -1e-05, 0.0196078431372549, -2e-05, 0.0196078431372549, 0.0196078431372549, 0.0, 0.0], [0.0, 0.0, 0.0196078431372549, 0.0196078431372549, -1e-05, -1e-05, 0.0196078431372549, 0.0196078431372549, 0.0, 0.0], [0.0, 0.0, 0.0196078431372549, 0.0196078431372549, 0.0196078431372549, -1e-05, 0.0196078431372549, 0.0196078431372549, 0.0, 0.0], [0.0, 0.0, 0.0, 0.0196078431372549, 0.0196078431372549, 0.0196078431372549, -2e-05, 0.0196078431372549, 0.0, 0.0]], "10_hard_pruned.json": [[0.0, 0.0, 0.03260869565217391, -2e-05, 0.03260869565217391, 0.03260869565217391, 0.03260869565217391, 0.0, 0.0, 0.0], [0.0, 0.0, 0.03260869565217391, -1e-05, 0.03260869565217391, -2e-05, 0.03260869565217391, 0.03260869565217391, 0.0, 0.0], [0.0, -2e-05, -2e-05, 0.010869565217391304, -1e-05, -1e-05, -1e-05, 0.010869565217391304, -2e-05, 0.0], [0.03260869565217391, 0.03260869565217391, -2e-05, -1e-05, -2e-05, 0.03260869565217391, 0.03260869565217391, 0.03260869565217391, 0.0, 0.0], [0.03260869565217391, -1e-05, -1e-05, 0.021739130434782608, 0.03260869565217391, 0.043478260869565216, 0.03260869565217391, 0.0, 0.0, 0.0], [0.03260869565217391, -1e-05, -1e-05, 0.021739130434782608, -2e-05, 0.0, 0.0, 0.0, 0.0, 0.0], [-2e-05, 0.03260869565217391, -1e-05, 0.03260869565217391, -2e-05, 0.0, 0.0, 0.0, 0.0, 0.0], [0.03260869565217391, 0.03260869565217391, -1e-05, 0.03260869565217391, 0.03260869565217391, 0.0, 0.0, 0.0, 0.0, 0.0], [0.0, 0.03260869565217391, -2e-05, 0.043478260869565216, 0.03260869565217391, -2e-05, -2e-05, 0.0, 0.0, 0.0], [0.0, 0.0, 0.0, 0.03260869565217391, -1e-05, 0.0, 0.0, 0.0, 0.0, 0.0]], "10_hard_full.json": [[0.0, 0.0, 0.025974025974025976, -2e-05, 0.025974025974025976, 0.025974025974025976, 0.025974025974025976, 0.025974025974025976, 0.0, 0.0], [0.0, 0.025974025974025976, 0.025974025974025976, -1e-05, 0.025974025974025976, -2e-05, 0.025974025974025976, 0.025974025974025976, 0.0, 0.0], [0.025974025974025976, -2e-05, -2e-05, 0.012987012987012988, 0.006493506493506494, -1e-05, -1e-05, 0.012987012987012988, -2e-05, 0.0], [0.025974025974025976, 0.025974025974025976, -2e-05, -1e-05, -2e-05, 0.025974025974025976, 0.025974025974025976, 0.025974025974025976, 0.0, 0.0], [0.025974025974025976, -1e-05, -1e-05, 0.01948051948051948, 0.025974025974025976, 0.032467532467532464, 0.025974025974025976, 0.025974025974025976, 0.0, 0.0], [0.025974025974025976, -1e-05, -1e-05, 0.01948051948051948, -2e-05, 0.0, 0.0, 0.0, 0.0, 0.0], [0.006493506493506494, 0.025974025974025976, -1e-05, 0.025974025974025976, -2e-05, 0.0, 0.0, 0.0, 0.0, 0.0], [0.025974025974025976, 0.025974025974025976, -1e-05, 0.025974025974025976, 0.025974025974025976, 0.0, 0.0, 0.0, 0.0, 0.0], [0.025974025974025976, 0.025974025974025976, -2e-05, 0.032467532467532464, 0.025974025974025976, -2e-05, -2e-05, 0.0, 0.0, 0.0], [0.0, 0.0, 0.025974025974025976, 0.025974025974025976, -1e-05, 0.025974025974025976, 0.0, 0.0, 0.0, 0.0]], "10_medium_pruned.json": [[0.0, 0.0, 0.0, 0.0, 0.0, 0.0, 0.0, 0.0, 0.0, 0.0], [0.022222222222222223, 0.022222222222222223, 0.044444444444444446, 0.022222222222222223, 0.022222222222222223, 0.022222222222222223, 0.0, 0.0, 0.0, 0.0], [0.022222222222222223, 0.022222222222222223, -1e-05, 0.022222222222222223, 0.022222222222222223, -2e-05, 0.022222222222222223, 0.0, 0.0, 0.0], [0.022222222222222223, 0.022222222222222223, -1e-05, -1e-05, -1e-05, -2e-05, 0.022222222222222223, 0.022222222222222223, 0.022222222222222223, 0.0], [0.022222222222222223, 0.011111111111111112, 0.05555555555555555, 0.022222222222222223, -2e-05, -2e-05, -2e-05, -1e-05, -2e-05, 0.0], [0.0, 0.022222222222222223, 0.011111111111111112, 0.022222222222222223, 0.022222222222222223, -1e-05, -2e-05, -2e-05, 0.022222222222222223, 0.0], [0.0, 0.0, 0.05555555555555555, -1e-05, 0.022222222222222223, -2e-05, 0.022222222222222223, 0.022222222222222223, 0.0, 0.0], [0.0, 0.0, 0.022222222222222223, 0.022222222222222223, -1e-05, -1e-05, 0.022222222222222223, 0.022222222222222223, 0.0, 0.0], [0.0, 0.0, 0.022222222222222223, 0.022222222222222223, 0.022222222222222223, -1e-05, 0.022222222222222223, 0.022222222222222223, 0.0, 0.0], [0.0, 0.0, 0.0, 0.022222222222222223, 0.022222222222222223, 0.022222222222222223, -2e-05, 0.022222222222222223, 0.0, 0.0]], "6_hard_pruned.json": [[0.14285714285714285, -2e-05, 0.017857142857142856, -1e-05, -1e-05, 0.017857142857142856], [0.05357142857142857, -2e-05, -1e-05, -2e-05, 0.07142857142857142, 0.05357142857142857], [0.05357142857142857, -1e-05, 0.03571428571428571, 0.05357142857142857, 0.07142857142857142, 0.05357142857142857], [-2e-05, -1e-05, 0.03571428571428571, -2e-05, 0.0, 0.0], [0.05357142857142857, -1e-05, 0.07142857142857142, 0.05357142857142857, 0.0, 0.0], [0.05357142857142857, -2e-05, 0.05357142857142857, 0.05357142857142857, -2e-05, 0.0]], "6_hard_full.json": [[0.1038961038961039, -2e-05, 0.06493506493506493, 0.012987012987012988, -1e-05, 0.025974025974025976], [0.05194805194805195, -2e-05, -1e-05, -2e-05, 0.06493506493506493, 0.05194805194805195], [0.05194805194805195, -1e-05, 0.05194805194805195, 0.06493506493506493, 0.06493506493506493, 0.0], [0.012987012987012988, -1e-05, 0.03896103896103896, -2e-05, 0.0, 0.0], [0.05194805194805195, -1e-05, 0.07792207792207792, 0.05194805194805195, 0.0, 0.0], [0.05194805194805195, -2e-05, 0.05194805194805195, 0.05194805194805195, -2e-05, 0.0]], "6_easy_full.json": [[0.05357142857142857, -1e-05, 0.017857142857142856, -2e-05, 0.05357142857142857, 0.07142857142857142], [0.05357142857142857, -2e-05, -1e-05, -1e-05, 0.03571428571428571, 0.03571428571428571], [-1e-05, -2e-05, -2e-05, -2e-05, -1e-05, 0.125], [-2e-05, 0.07142857142857142, -1e-05, -1e-05, -2e-05, 0.017857142857142856], [-1e-05, 0.05357142857142857, -2e-05, -2e-05, 0.05357142857142857, 0.08928571428571429], [0.05357142857142857, 0.05357142857142857, 0.05357142857142857, 0.05357142857142857, 0.05357142857142857, 0.0]], "6_easy_pruned.json": [[0.04878048780487805, -1e-05, -2e-05, -2e-05, 0.04878048780487805, 0.07317073170731707], [0.04878048780487805, -2e-05, -1e-05, -1e-05, 0.024390243902439025, 0.024390243902439025], [-1e-05, -2e-05, -2e-05, -2e-05, -1e-05, 0.14634146341463414], [-2e-05, 0.07317073170731707, -1e-05, -1e-05, -2e-05, -1e-05], [-1e-05, 0.04878048780487805, -2e-05, -2e-05, 0.04878048780487805, 0.0975609756097561], [0.04878048780487805, 0.04878048780487805, 0.04878048780487805, 0.04878048780487805, 0.04878048780487805, 0.07317073170731707]],