{"10_medium_full.json": [[0.0, 0.0, 0.0, 0.0, 0.0, 0.0, 0.0, 0.0, 0.0, 0.0], [0.0, 0.0, 0.014285714285714285, 0.02857142857142857, 0.0, 0.014285714285714285, 0.0, 0.0, 0.0, 0.0], [0.0, 0.014285714285714285, -1e-05, 0.02857142857142857, 0.014285714285714285, -2e-05, 0.0, 0.0, 0.0, 0.0], [0.0, 0.04285714285714286, 0.04285714285714286, -1e-05, -1e-05, 0.02857142857142857, 0.04285714285714286, 0.04285714285714286, 0.014285714285714285, 0.0], [0.0, 0.08571428571428572, 0.02857142857142857, 0.014285714285714285, -2e-05, -2e-05, -2e-05, -1e-05, -2e-05, 0.0], [0.0, 0.014285714285714285, 0.08571428571428572, 0.014285714285714285, 0.014285714285714285, -1e-05, -2e-05, -2e-05, 0.014285714285714285, 0.0], [0.0, 0.0, 0.014285714285714285, -1e-05, 0.014285714285714285, -2e-05, 0.014285714285714285, 0.014285714285714285, 0.0, 0.0], [0.0, 0.0, 0.04285714285714286, 0.04285714285714286, -1e-05, -1e-05, 0.02857142857142857, 0.08571428571428572, 0.02857142857142857, 0.0], [0.0, 0.0, 0.014285714285714285, 0.014285714285714285, 0.014285714285714285, -1e-05, 0.014285714285714285, 0.014285714285714285, 0.0, 0.0], [0.0, 0.0, 0.0, 0.014285714285714285, 0.014285714285714285, 0.0, -2e-05, 0.014285714285714285, 0.0, 0.0]], "10_hard_pruned.json": [[0.0, 0.0, 0.018518518518518517, -2e-05, 0.0, 0.0, 0.018518518518518517, 0.0, 0.0, 0.0], [0.05555555555555555, 0.0, 0.018518518518518517, -1e-05, 0.018518518518518517, -2e-05, 0.018518518518518517, 0.018518518518518517, 0.0, 0.0], [0.0, -2e-05, -2e-05, 0.037037037037037035, -1e-05, -1e-05, -1e-05, 0.037037037037037035, -2e-05, 0.0], [0.018518518518518517, 0.018518518518518517, -2e-05, -1e-05, -2e-05, 0.037037037037037035, 0.018518518518518517, 0.0, 0.0, 0.0], [0.037037037037037035, -1e-05, -1e-05, 0.12962962962962962, 0.018518518518518517, 0.1111111111111111, 0.018518518518518517, 0.0, 0.0, 0.0], [0.037037037037037035, -1e-05, -1e-05, 0.037037037037037035, -2e-05, 0.0, 0.0, 0.0, 0.0, 0.0], [-2e-05, 0.037037037037037035, -1e-05, 0.018518518518518517, -2e-05, 0.0, 0.0, 0.0, 0.0, 0.0], [0.018518518518518517, 0.018518518518518517, -1e-05, 0.018518518518518517, 0.05555555555555555, 0.0, 0.0, 0.0, 0.0, 0.0], [0.0, 0.018518518518518517, -2e-05, 0.05555555555555555, 0.018518518518518517, -2e-05, -2e-05, 0.0, 0.0, 0.0], [0.0, 0.0, 0.0, 0.018518518518518517, -1e-05, 0.0, 0.0, 0.0, 0.0, 0.0]], "10_hard_full.json": [[0.0, 0.0, 0.014285714285714285, -2e-05, 0.014285714285714285, 0.014285714285714285, 0.014285714285714285, 0.014285714285714285, 0.0, 0.0], [0.04285714285714286, 0.014285714285714285, 0.014285714285714285, -1e-05, 0.014285714285714285, -2e-05, 0.014285714285714285, 0.014285714285714285, 0.0, 0.0], [0.014285714285714285, -2e-05, -2e-05, 0.014285714285714285, 0.014285714285714285, -1e-05, -1e-05, 0.014285714285714285, -2e-05, 0.0], [0.014285714285714285, 0.014285714285714285, -2e-05, -1e-05, -2e-05, 0.04285714285714286, 0.014285714285714285, 0.014285714285714285, 0.0, 0.0], [0.014285714285714285, -1e-05, -1e-05, 0.17142857142857143, 0.014285714285714285, 0.14285714285714285, 0.014285714285714285, 0.014285714285714285, 0.0, 0.0], [0.014285714285714285, -1e-05, -1e-05, 0.04285714285714286, -2e-05, 0.0, 0.0, 0.0, 0.0, 0.0], [0.014285714285714285, 0.014285714285714285, -1e-05, 0.014285714285714285, -2e-05, 0.0, 0.0, 0.0, 0.0, 0.0], [0.014285714285714285, 0.014285714285714285, -1e-05, 0.014285714285714285, 0.014285714285714285, 0.0, 0.0, 0.0, 0.0, 0.0], [0.014285714285714285, 0.014285714285714285, -2e-05, 0.02857142857142857, 0.014285714285714285, -2e-05, -2e-05, 0.0, 0.014285714285714285, 0.0], [0.0, 0.0, 0.014285714285714285, 0.014285714285714285, -1e-05, 0.014285714285714285, 0.0, 0.0, 0.0, 0.0]], "10_medium_pruned.json": [[0.0, 0.0, 0.0, 0.0, 0.0, 0.0, 0.0, 0.0, 0.0, 0.0], [0.0, 0.0, 0.08571428571428572, 0.11428571428571428, 0.0, 0.0, 0.0, 0.0, 0.0, 0.0], [0.0, 0.0, -1e-05, 0.02857142857142857, 0.02857142857142857, -2e-05, 0.0, 0.0, 0.0, 0.0], [0.11428571428571428, 0.11428571428571428, -1e-05, -1e-05, -1e-05, -2e-05, 0.0, 0.0, 0.0, 0.0], [0.0, 0.05714285714285714, 0.08571428571428572, 0.02857142857142857, -2e-05, -2e-05, -2e-05, -1e-05, -2e-05, 0.0], [0.0, 0.0, 0.08571428571428572, 0.02857142857142857, 0.0, -1e-05, -2e-05, -2e-05, 0.0, 0.0], [0.0, 0.0, 0.11428571428571428, -1e-05, 0.0, -2e-05, 0.0, 0.0, 0.0, 0.0], [0.0, 0.0, 0.02857142857142857, 0.02857142857142857, -1e-05, -1e-05, 0.02857142857142857, 0.02857142857142857, 0.0, 0.0], [0.0, 0.0, 0.0, 0.0, 0.0, -1e-05, 0.0, 0.0, 0.0, 0.0], [0.0, 0.0, 0.0, 0.0, 0.0, 0.0, -2e-05, 0.0, 0.0, 0.0]], "6_hard_pruned.json": [[0.16, -2e-05, 0.02, -1e-05, -1e-05, 0.02], [0.04, -2e-05, -1e-05, -2e-05, 0.04, 0.02], [0.08, -1e-05, 0.1, 0.06, 0.08, 0.02], [-2e-05, -1e-05, 0.04, -2e-05, 0.0, 0.0], [0.04, -1e-05, 0.06, 0.08, 0.02, 0.0], [0.04, -2e-05, 0.04, 0.04, -2e-05, 0.0]], "6_hard_full.json": [[0.10344827586206896, -2e-05, 0.034482758620689655, 0.034482758620689655, -1e-05, 0.034482758620689655], [0.034482758620689655, -2e-05, -1e-05, -2e-05, 0.034482758620689655, 0.034482758620689655], [0.06896551724137931, -1e-05, 0.06896551724137931, 0.034482758620689655, 0.06896551724137931, 0.0], [0.017241379310344827, -1e-05, 0.05172413793103448, -2e-05, 0.0, 0.0], [0.034482758620689655, -1e-05, 0.05172413793103448, 0.10344827586206896, 0.06896551724137931, 0.0], [0.034482758620689655, -2e-05, 0.05172413793103448, 0.034482758620689655, -2e-05, 0.0]], "6_easy_full.json": [[0.022727272727272728, -1e-05, 0.06818181818181818, -2e-05, 0.045454545454545456, 0.09090909090909091], [0.022727272727272728, -2e-05, -1e-05, -1e-05, 0.06818181818181818, 0.09090909090909091], [-1e-05, -2e-05, -2e-05, -2e-05, -1e-05, 0.09090909090909091], [-2e-05, 0.09090909090909091, -1e-05, -1e-05, -2e-05, 0.11363636363636363], [-1e-05, 0.022727272727272728, -2e-05, -2e-05, 0.045454545454545456, 0.09090909090909091], [0.022727272727272728, 0.022727272727272728, 0.045454545454545456, 0.022727272727272728, 0.022727272727272728, 0.0]], "6_easy_pruned.json": [[0.0, -1e-05, -2e-05, -2e-05, 0.07142857142857142, 0.14285714285714285], [0.0, -2e-05, -1e-05, -1e-05, 0.07142857142857142, 0.07142857142857142], [-1e-05, -2e-05, -2e-05, -2e-05, -1e-05, 0.14285714285714285], [-2e-05, 0.2857142857142857, -1e-05, -1e-05, -2e-05, -1e-05], [-1e-05, 0.0, -2e-05, -2e-05, 0.0, 0.14285714285714285], [0.0, 0.0, 0.0, 0.0, 0.0, 0.07142857142857142]], "10_easy_full.json": [[0.0, 0.0, 0.014705882352941176, 0.014705882352941176, -1e-05, 0.07352941176470588, -2e-05, 0.0, 0.014705882352941176, 0.014705882352941176], [0.0, 0.0, 0.0, 0.0, -2e-05, -1e-05, -1e-05, -1e-05, 0.058823529411764705, 0.07352941176470588], [0.0, 0.014705882352941176, 0.0, -1e-05, -2e-05, -2e-05, -2e-05, -1e-05, 0.014705882352941176, 0.014705882352941176], [0.0, 0.014705882352941176, 0.014705882352941176, -2e-05, -2e-05, -1e-05, -1e-05, -2e-05, -1e-05, -1e-05], [-2e-05, 0.014705882352941176, 0.014705882352941176, -1e-05, 0.0, -2e-05, -2e-05, 0.014705882352941176, 0.014705882352941176, 0.07352941176470588], [-1e-05, 0.014705882352941176, 0.014705882352941176, 0.014705882352941176, 0.014705882352941176, 0.0, 0.014705882352941176, 0.014705882352941176, 0.014705882352941176, 0.014705882352941176], [-1e-05, -1e-05, 0.029411764705882353, 0.029411764705882353, 0.029411764705882353, 0.014705882352941176, 0.014705882352941176, 0.014705882352941176, 0.014705882352941176, 0.0], [-2e-05, -2e-05, 0.029411764705882353, 0.0, 0.014705882352941176, 0.014705882352941176, -1e-05, 0.014705882352941176, 0.014705882352941176, 0.0], [0.0, 0.0, 0.014705882352941176, 0.0, 0.014705882352941176, 0.014705882352941176, -1e-05, 0.014705882352941176, 0.014705882352941176, 0.0], [0.0, 0.0, 0.0, 0.029411764705882353, 0.058823529411764705, -2e-05, -2e-05, -2e-05, 0.014705882352941176, 0.0]],