{"10_medium_full.json": [[0.010752688172043012, 0.010752688172043012, 0.010752688172043012, 0.010752688172043012, 0.010752688172043012, 0.010752688172043012, 0.010752688172043012, 0.010752688172043012, 0.010752688172043012, 0.010752688172043012], [0.010752688172043012, 0.010752688172043012, 0.010752688172043012, 0.010752688172043012, 0.010752688172043012, 0.010752688172043012, 0.010752688172043012, 0.010752688172043012, 0.010752688172043012, 0.010752688172043012], [0.010752688172043012, 0.010752688172043012, -1e-05, 0.010752688172043012, 0.010752688172043012, -2e-05, 0.010752688172043012, 0.010752688172043012, 0.010752688172043012, 0.010752688172043012], [0.010752688172043012, 0.010752688172043012, 0.12365591397849462, -1e-05, -1e-05, 0.010752688172043012, 0.016129032258064516, 0.016129032258064516, 0.010752688172043012, 0.010752688172043012], [0.010752688172043012, 0.005376344086021506, 0.016129032258064516, 0.010752688172043012, -2e-05, -2e-05, -2e-05, -1e-05, -2e-05, 0.010752688172043012], [0.010752688172043012, 0.010752688172043012, 0.005376344086021506, 0.010752688172043012, 0.010752688172043012, -1e-05, -2e-05, -2e-05, 0.010752688172043012, 0.010752688172043012], [0.010752688172043012, 0.010752688172043012, 0.010752688172043012, -1e-05, 0.010752688172043012, -2e-05, 0.010752688172043012, 0.010752688172043012, 0.010752688172043012, 0.010752688172043012], [0.010752688172043012, 0.010752688172043012, 0.010752688172043012, 0.010752688172043012, -1e-05, -1e-05, 0.010752688172043012, 0.010752688172043012, 0.010752688172043012, 0.010752688172043012], [0.010752688172043012, 0.010752688172043012, 0.010752688172043012, 0.010752688172043012, 0.010752688172043012, -1e-05, 0.010752688172043012, 0.010752688172043012, 0.010752688172043012, 0.010752688172043012], [0.010752688172043012, 0.010752688172043012, 0.010752688172043012, 0.010752688172043012, 0.010752688172043012, 0.010752688172043012, -2e-05, 0.010752688172043012, 0.010752688172043012, 0.010752688172043012]], "10_hard_pruned.json": [[0.013574660633484163, 0.013574660633484163, 0.013574660633484163, -2e-05, 0.013574660633484163, 0.013574660633484163, 0.013574660633484163, 0.013574660633484163, 0.013574660633484163, 0.013574660633484163], [0.01809954751131222, 0.013574660633484163, 0.013574660633484163, -1e-05, 0.013574660633484163, -2e-05, 0.013574660633484163, 0.013574660633484163, 0.013574660633484163, 0.013574660633484163], [0.013574660633484163, -2e-05, -2e-05, 0.004524886877828055, -1e-05, -1e-05, -1e-05, 0.004524886877828055, -2e-05, 0.013574660633484163], [0.013574660633484163, 0.013574660633484163, -2e-05, -1e-05, -2e-05, 0.013574660633484163, 0.013574660633484163, 0.013574660633484163, 0.013574660633484163, 0.013574660633484163], [0.013574660633484163, -1e-05, -1e-05, 0.00904977375565611, 0.013574660633484163, 0.01809954751131222, 0.013574660633484163, 0.013574660633484163, 0.013574660633484163, 0.013574660633484163], [0.013574660633484163, -1e-05, -1e-05, 0.00904977375565611, -2e-05, 0.013574660633484163, 0.013574660633484163, 0.013574660633484163, 0.013574660633484163, 0.013574660633484163], [-2e-05, 0.013574660633484163, -1e-05, 0.013574660633484163, -2e-05, 0.013574660633484163, 0.013574660633484163, 0.013574660633484163, 0.013574660633484163, 0.013574660633484163], [0.013574660633484163, 0.013574660633484163, -1e-05, 0.013574660633484163, 0.013574660633484163, 0.013574660633484163, 0.013574660633484163, 0.013574660633484163, 0.013574660633484163, 0.013574660633484163], [0.013574660633484163, 0.013574660633484163, -2e-05, 0.013574660633484163, 0.013574660633484163, -2e-05, -2e-05, 0.013574660633484163, 0.013574660633484163, 0.013574660633484163], [0.013574660633484163, 0.013574660633484163, 0.013574660633484163, 0.013574660633484163, -1e-05, 0.013574660633484163, 0.013574660633484163, 0.013574660633484163, 0.013574660633484163, 0.013574660633484163]], "10_hard_full.json": [[0.013422818791946308, 0.013422818791946308, 0.013422818791946308, -2e-05, 0.013422818791946308, 0.013422818791946308, 0.013422818791946308, 0.013422818791946308, 0.013422818791946308, 0.013422818791946308], [0.016778523489932886, 0.013422818791946308, 0.013422818791946308, -1e-05, 0.013422818791946308, -2e-05, 0.013422818791946308, 0.013422818791946308, 0.013422818791946308, 0.013422818791946308], [0.013422818791946308, -2e-05, -2e-05, 0.006711409395973154, 0.003355704697986577, -1e-05, -1e-05, 0.006711409395973154, -2e-05, 0.013422818791946308], [0.013422818791946308, 0.013422818791946308, -2e-05, -1e-05, -2e-05, 0.013422818791946308, 0.013422818791946308, 0.013422818791946308, 0.013422818791946308, 0.013422818791946308], [0.013422818791946308, -1e-05, -1e-05, 0.010067114093959731, 0.013422818791946308, 0.016778523489932886, 0.013422818791946308, 0.013422818791946308, 0.013422818791946308, 0.013422818791946308], [0.013422818791946308, -1e-05, -1e-05, 0.010067114093959731, -2e-05, 0.013422818791946308, 0.013422818791946308, 0.013422818791946308, 0.013422818791946308, 0.013422818791946308], [0.003355704697986577, 0.013422818791946308, -1e-05, 0.013422818791946308, -2e-05, 0.013422818791946308, 0.013422818791946308, 0.013422818791946308, 0.013422818791946308, 0.013422818791946308], [0.013422818791946308, 0.013422818791946308, -1e-05, 0.013422818791946308, 0.013422818791946308, 0.013422818791946308, 0.013422818791946308, 0.013422818791946308, 0.013422818791946308, 0.013422818791946308], [0.013422818791946308, 0.013422818791946308, -2e-05, 0.013422818791946308, 0.013422818791946308, -2e-05, -2e-05, 0.013422818791946308, 0.013422818791946308, 0.013422818791946308], [0.013422818791946308, 0.013422818791946308, 0.013422818791946308, 0.013422818791946308, -1e-05, 0.013422818791946308, 0.013422818791946308, 0.013422818791946308, 0.013422818791946308, 0.013422818791946308]], "10_medium_pruned.json": [[0.011976047904191617, 0.011976047904191617, 0.011976047904191617, 0.011976047904191617, 0.011976047904191617, 0.011976047904191617, 0.011976047904191617, 0.011976047904191617, 0.011976047904191617, 0.011976047904191617], [0.011976047904191617, 0.011976047904191617, 0.023952095808383235, 0.011976047904191617, 0.011976047904191617, 0.011976047904191617, 0.011976047904191617, 0.011976047904191617, 0.011976047904191617, 0.011976047904191617], [0.011976047904191617, 0.011976047904191617, -1e-05, 0.011976047904191617, 0.011976047904191617, -2e-05, 0.011976047904191617, 0.011976047904191617, 0.011976047904191617, 0.011976047904191617], [0.011976047904191617, 0.011976047904191617, -1e-05, -1e-05, -1e-05, -2e-05, 0.011976047904191617, 0.011976047904191617, 0.011976047904191617, 0.011976047904191617], [0.011976047904191617, 0.005988023952095809, 0.03592814371257485, 0.011976047904191617, -2e-05, -2e-05, -2e-05, -1e-05, -2e-05, 0.011976047904191617], [0.011976047904191617, 0.011976047904191617, 0.005988023952095809, 0.011976047904191617, 0.011976047904191617, -1e-05, -2e-05, -2e-05, 0.011976047904191617, 0.011976047904191617], [0.011976047904191617, 0.011976047904191617, 0.029940119760479042, -1e-05, 0.011976047904191617, -2e-05, 0.011976047904191617, 0.011976047904191617, 0.011976047904191617, 0.011976047904191617], [0.011976047904191617, 0.011976047904191617, 0.011976047904191617, 0.011976047904191617, -1e-05, -1e-05, 0.011976047904191617, 0.011976047904191617, 0.011976047904191617, 0.011976047904191617], [0.011976047904191617, 0.011976047904191617, 0.011976047904191617, 0.011976047904191617, 0.011976047904191617, -1e-05, 0.011976047904191617, 0.011976047904191617, 0.011976047904191617, 0.011976047904191617], [0.011976047904191617, 0.011976047904191617, 0.011976047904191617, 0.011976047904191617, 0.011976047904191617, 0.011976047904191617, -2e-05, 0.011976047904191617, 0.011976047904191617, 0.011976047904191617]],