{"10_medium_full.json": [[0.0, 0.0, 0.0, 0.0, 0.0, 0.0, 0.0, 0.0, 0.0, 0.0], [0.0, 0.011376564277588168, 0.020819112627986348, 0.013196814562002276, 0.011376564277588168, 0.015244596131968146, 0.0, 0.0, 0.0, 0.0], [0.0, 0.01149032992036405, -1e-05, 0.01888509670079636, 0.021387940841865755, -2e-05, 0.011376564277588168, 0.0, 0.0, 0.0], [0.0, 0.019340159271899887, 0.11706484641638225, -1e-05, -1e-05, 0.007508532423208191, 0.06837315130830489, 0.0217292377701934, 0.011376564277588168, 0.0], [0.0, 0.04141069397042093, 0.020705346985210465, 0.0174061433447099, -2e-05, -2e-05, -2e-05, -1e-05, -2e-05, 0.0], [0.0, 0.01695108077360637, 0.0608646188850967, 0.07599544937428897, 0.01285551763367463, -1e-05, -2e-05, -2e-05, 0.012059158134243459, 0.0], [0.00022753128555176336, 0.0, 0.03822525597269624, -1e-05, 0.04106939704209329, -2e-05, 0.011376564277588168, 0.012059158134243459, 0.0, 0.0], [0.0, 0.0, 0.018430034129692834, 0.05608646188850967, -1e-05, -1e-05, 0.01285551763367463, 0.03731513083048919, 0.0005688282138794084, 0.00011376564277588168], [0.0, 0.0, 0.01285551763367463, 0.011376564277588168, 0.011604095563139932, -1e-05, 0.03924914675767918, 0.011376564277588168, 0.0, 0.0], [0.0, 0.0, 0.0, 0.011376564277588168, 0.012286689419795221, 0.011376564277588168, -2e-05, 0.011376564277588168, 0.0, 0.0]], "10_hard_pruned.json": [[0.0, 0.0, 0.020512820512820513, -2e-05, 0.020512820512820513, 0.020512820512820513, 0.020512820512820513, 0.0, 0.0, 0.0], [0.3435897435897436, 0.0, 0.020512820512820513, -1e-05, 0.020512820512820513, -2e-05, 0.020512820512820513, 0.020512820512820513, 0.0, 0.0], [0.0, -2e-05, -2e-05, 0.005128205128205128, -1e-05, -1e-05, -1e-05, 0.005128205128205128, -2e-05, 0.0], [0.020512820512820513, 0.020512820512820513, -2e-05, -1e-05, -2e-05, 0.020512820512820513, 0.020512820512820513, 0.020512820512820513, 0.0, 0.0], [0.020512820512820513, -1e-05, -1e-05, 0.015384615384615385, 0.03076923076923077, 0.03076923076923077, 0.020512820512820513, 0.0, 0.0, 0.0], [0.020512820512820513, -1e-05, -1e-05, 0.015384615384615385, -2e-05, 0.0, 0.0, 0.0, 0.0, 0.0], [-2e-05, 0.020512820512820513, -1e-05, 0.020512820512820513, -2e-05, 0.0, 0.0, 0.0, 0.0, 0.0], [0.020512820512820513, 0.020512820512820513, -1e-05, 0.020512820512820513, 0.020512820512820513, 0.0, 0.0, 0.0, 0.0, 0.0], [0.0, 0.020512820512820513, -2e-05, 0.041025641025641026, 0.020512820512820513, -2e-05, -2e-05, 0.0, 0.0, 0.0], [0.0, 0.0, 0.0, 0.020512820512820513, -1e-05, 0.0, 0.0, 0.0, 0.0, 0.0]], "10_hard_full.json": [[0.0, 0.0, 0.015822784810126583, -2e-05, 0.015822784810126583, 0.015822784810126583, 0.015822784810126583, 0.015822784810126583, 0.0, 0.0], [0.25949367088607594, 0.015822784810126583, 0.015822784810126583, -1e-05, 0.015822784810126583, -2e-05, 0.015822784810126583, 0.015822784810126583, 0.0, 0.0], [0.015822784810126583, -2e-05, -2e-05, 0.006329113924050633, 0.11708860759493671, -1e-05, -1e-05, 0.006329113924050633, -2e-05, 0.0], [0.015822784810126583, 0.015822784810126583, -2e-05, -1e-05, -2e-05, 0.015822784810126583, 0.015822784810126583, 0.015822784810126583, 0.0, 0.0], [0.015822784810126583, -1e-05, -1e-05, 0.012658227848101266, 0.02531645569620253, 0.022151898734177215, 0.015822784810126583, 0.015822784810126583, 0.0, 0.0], [0.015822784810126583, -1e-05, -1e-05, 0.012658227848101266, -2e-05, 0.0, 0.0, 0.0, 0.0, 0.0], [0.0031645569620253164, 0.015822784810126583, -1e-05, 0.015822784810126583, -2e-05, 0.0, 0.0, 0.0, 0.0, 0.0], [0.015822784810126583, 0.015822784810126583, -1e-05, 0.015822784810126583, 0.015822784810126583, 0.0, 0.0, 0.0, 0.0, 0.0], [0.015822784810126583, 0.015822784810126583, -2e-05, 0.028481012658227847, 0.015822784810126583, -2e-05, -2e-05, 0.0, 0.0, 0.0], [0.0, 0.0, 0.015822784810126583, 0.015822784810126583, -1e-05, 0.015822784810126583, 0.0, 0.0, 0.0, 0.0]], "10_medium_pruned.json": [[0.0, 0.0, 0.0, 0.0, 0.0, 0.0, 0.0, 0.0, 0.0, 0.0], [0.01968503937007874, 0.01968503937007874, 0.03543307086614173, 0.03543307086614173, 0.01968503937007874, 0.01968503937007874, 0.0, 0.0, 0.0, 0.0], [0.01968503937007874, 0.01968503937007874, -1e-05, 0.01968503937007874, 0.14960629921259844, -2e-05, 0.01968503937007874, 0.0, 0.0, 0.0], [0.011811023622047244, 0.011811023622047244, -1e-05, -1e-05, -1e-05, -2e-05, 0.01968503937007874, 0.01968503937007874, 0.01968503937007874, 0.0], [0.01968503937007874, 0.011811023622047244, 0.03937007874015748, 0.01968503937007874, -2e-05, -2e-05, -2e-05, -1e-05, -2e-05, 0.0], [0.0, 0.01968503937007874, 0.011811023622047244, 0.01968503937007874, 0.01968503937007874, -1e-05, -2e-05, -2e-05, 0.01968503937007874, 0.0], [0.0, 0.0, 0.03937007874015748, -1e-05, 0.01968503937007874, -2e-05, 0.01968503937007874, 0.01968503937007874, 0.0, 0.0], [0.0, 0.0, 0.01968503937007874, 0.01968503937007874, -1e-05, -1e-05, 0.01968503937007874, 0.01968503937007874, 0.0, 0.003937007874015748], [0.0, 0.0, 0.01968503937007874, 0.01968503937007874, 0.01968503937007874, -1e-05, 0.01968503937007874, 0.01968503937007874, 0.0, 0.0], [0.0, 0.0, 0.0, 0.01968503937007874, 0.01968503937007874, 0.01968503937007874, -2e-05, 0.01968503937007874, 0.0, 0.0]], "6_hard_pruned.json": [[0.2214765100671141, -2e-05, 0.040268456375838924, -1e-05, -1e-05, 0.026845637583892617], [0.03355704697986577, -2e-05, -1e-05, -2e-05, 0.040268456375838924, 0.03355704697986577], [0.040268456375838924, -1e-05, 0.026845637583892617, 0.04697986577181208, 0.03355704697986577, 0.03355704697986577], [-2e-05, -1e-05, 0.020134228187919462, -2e-05, 0.0, 0.087248322147651], [0.053691275167785234, -1e-05, 0.04697986577181208, 0.053691275167785234, 0.040268456375838924, 0.0], [0.03355704697986577, -2e-05, 0.040268456375838924, 0.04697986577181208, -2e-05, 0.0]], "6_hard_full.json": [[0.2552083333333333, -2e-05, 0.052083333333333336, 0.026041666666666668, -1e-05, 0.026041666666666668], [0.03125, -2e-05, -1e-05, -2e-05, 0.036458333333333336, 0.03125], [0.036458333333333336, -1e-05, 0.036458333333333336, 0.046875, 0.03125, 0.0], [0.005208333333333333, -1e-05, 0.03125, -2e-05, 0.0, 0.0625], [0.046875, -1e-05, 0.046875, 0.046875, 0.036458333333333336, 0.0], [0.03125, -2e-05, 0.036458333333333336, 0.046875, -2e-05, 0.0]], "6_easy_full.json": [[0.035175879396984924, -1e-05, 0.01507537688442211, -2e-05, 0.035175879396984924, 0.04020100502512563], [0.035175879396984924, -2e-05, -1e-05, -1e-05, 0.02512562814070352, 0.03015075376884422], [-1e-05, -2e-05, -2e-05, -2e-05, -1e-05, 0.09547738693467336], [-2e-05, 0.31155778894472363, -1e-05, -1e-05, -2e-05, 0.01507537688442211], [-1e-05, 0.06532663316582915, -2e-05, -2e-05, 0.035175879396984924, 0.06532663316582915], [0.035175879396984924, 0.035175879396984924, 0.05527638190954774, 0.035175879396984924, 0.035175879396984924, 0.0]], "6_easy_pruned.json": [[0.037037037037037035, -1e-05, -2e-05, -2e-05, 0.037037037037037035, 0.05555555555555555], [0.037037037037037035, -2e-05, -1e-05, -1e-05, 0.018518518518518517, 0.018518518518518517], [-1e-05, -2e-05, -2e-05, -2e-05, -1e-05, 0.12962962962962962], [-2e-05, 0.25925925925925924, -1e-05, -1e-05, -2e-05, -1e-05], [-1e-05, 0.05555555555555555, -2e-05, -2e-05, 0.037037037037037035, 0.07407407407407407], [0.037037037037037035, 0.037037037037037035, 0.037037037037037035, 0.037037037037037035, 0.037037037037037035, 0.05555555555555555]],