{"10_medium_full.json": [[0.0, 0.0, 0.0, 0.0, 0.0, 0.0, 0.0, 0.0, 0.0, 0.0], [0.0, 0.025, 0.025, 0.025, 0.025, 0.025, 0.0, 0.0, 0.0, 0.0], [0.0, 0.025, -1e-05, 0.025, 0.025, -2e-05, 0.016666666666666666, 0.0, 0.0, 0.0], [0.0, 0.025, 0.025, -1e-05, -1e-05, 0.025, 0.025, 0.025, 0.025, 0.0], [0.0, 0.008333333333333333, 0.041666666666666664, 0.03333333333333333, -2e-05, -2e-05, -2e-05, -1e-05, -2e-05, 0.0], [0.0, 0.025, 0.008333333333333333, 0.025, 0.025, -1e-05, -2e-05, -2e-05, 0.025, 0.0], [0.0, 0.0, 0.041666666666666664, -1e-05, 0.025, -2e-05, 0.025, 0.025, 0.0, 0.0], [0.0, 0.0, 0.025, 0.025, -1e-05, -1e-05, 0.025, 0.025, 0.0, 0.0], [0.0, 0.0, 0.025, 0.025, 0.025, -1e-05, 0.025, 0.025, 0.0, 0.0], [0.0, 0.0, 0.0, 0.025, 0.025, 0.025, -2e-05, 0.025, 0.0, 0.0]], "10_hard_pruned.json": [[0.0, 0.0, 0.029411764705882353, -2e-05, 0.029411764705882353, 0.029411764705882353, 0.029411764705882353, 0.0, 0.0, 0.0], [0.0196078431372549, 0.0, 0.029411764705882353, -1e-05, 0.029411764705882353, -2e-05, 0.029411764705882353, 0.029411764705882353, 0.0, 0.0], [0.0, -2e-05, -2e-05, 0.00980392156862745, -1e-05, -1e-05, -1e-05, 0.00980392156862745, -2e-05, 0.0], [0.029411764705882353, 0.029411764705882353, -2e-05, -1e-05, -2e-05, 0.029411764705882353, 0.029411764705882353, 0.029411764705882353, 0.0, 0.0], [0.029411764705882353, -1e-05, -1e-05, 0.049019607843137254, 0.029411764705882353, 0.06862745098039216, 0.029411764705882353, 0.0, 0.0, 0.0], [0.029411764705882353, -1e-05, -1e-05, 0.0196078431372549, -2e-05, 0.0, 0.0, 0.0, 0.0, 0.0], [-2e-05, 0.029411764705882353, -1e-05, 0.029411764705882353, -2e-05, 0.0, 0.0, 0.0, 0.0, 0.0], [0.029411764705882353, 0.029411764705882353, -1e-05, 0.029411764705882353, 0.029411764705882353, 0.0, 0.0, 0.0, 0.0, 0.0], [0.0, 0.029411764705882353, -2e-05, 0.049019607843137254, 0.029411764705882353, -2e-05, -2e-05, 0.0, 0.00980392156862745, 0.0], [0.0, 0.0, 0.0, 0.029411764705882353, -1e-05, 0.0, 0.0, 0.0, 0.0, 0.0]], "10_hard_full.json": [[0.0, 0.0, 0.024390243902439025, -2e-05, 0.024390243902439025, 0.024390243902439025, 0.024390243902439025, 0.024390243902439025, 0.0, 0.0], [0.012195121951219513, 0.024390243902439025, 0.024390243902439025, -1e-05, 0.024390243902439025, -2e-05, 0.024390243902439025, 0.024390243902439025, 0.0, 0.0], [0.024390243902439025, -2e-05, -2e-05, 0.012195121951219513, 0.006097560975609756, -1e-05, -1e-05, 0.012195121951219513, -2e-05, 0.0], [0.024390243902439025, 0.024390243902439025, -2e-05, -1e-05, -2e-05, 0.024390243902439025, 0.024390243902439025, 0.024390243902439025, 0.0, 0.0], [0.024390243902439025, -1e-05, -1e-05, 0.036585365853658534, 0.024390243902439025, 0.04878048780487805, 0.024390243902439025, 0.024390243902439025, 0.0, 0.0], [0.024390243902439025, -1e-05, -1e-05, 0.018292682926829267, -2e-05, 0.0, 0.0, 0.0, 0.0, 0.0], [0.006097560975609756, 0.024390243902439025, -1e-05, 0.024390243902439025, -2e-05, 0.0, 0.0, 0.0, 0.0, 0.0], [0.024390243902439025, 0.024390243902439025, -1e-05, 0.024390243902439025, 0.024390243902439025, 0.0, 0.0, 0.0, 0.0, 0.0], [0.024390243902439025, 0.024390243902439025, -2e-05, 0.036585365853658534, 0.024390243902439025, -2e-05, -2e-05, 0.0, 0.006097560975609756, 0.0], [0.0, 0.0, 0.024390243902439025, 0.024390243902439025, -1e-05, 0.024390243902439025, 0.0, 0.0, 0.0, 0.0]], "10_medium_pruned.json": [[0.0, 0.0, 0.0, 0.0, 0.0, 0.0, 0.0, 0.0, 0.0, 0.0], [0.023809523809523808, 0.023809523809523808, 0.023809523809523808, 0.023809523809523808, 0.023809523809523808, 0.023809523809523808, 0.0, 0.0, 0.0, 0.0], [0.023809523809523808, 0.023809523809523808, -1e-05, 0.023809523809523808, 0.023809523809523808, -2e-05, 0.023809523809523808, 0.0, 0.0, 0.0], [0.023809523809523808, 0.023809523809523808, -1e-05, -1e-05, -1e-05, -2e-05, 0.023809523809523808, 0.023809523809523808, 0.023809523809523808, 0.0], [0.023809523809523808, 0.011904761904761904, 0.03571428571428571, 0.023809523809523808, -2e-05, -2e-05, -2e-05, -1e-05, -2e-05, 0.0], [0.0, 0.023809523809523808, 0.011904761904761904, 0.023809523809523808, 0.023809523809523808, -1e-05, -2e-05, -2e-05, 0.023809523809523808, 0.0], [0.0, 0.0, 0.03571428571428571, -1e-05, 0.023809523809523808, -2e-05, 0.023809523809523808, 0.023809523809523808, 0.0, 0.0], [0.0, 0.0, 0.023809523809523808, 0.023809523809523808, -1e-05, -1e-05, 0.023809523809523808, 0.023809523809523808, 0.0, 0.0], [0.0, 0.0, 0.023809523809523808, 0.023809523809523808, 0.023809523809523808, -1e-05, 0.023809523809523808, 0.023809523809523808, 0.0, 0.0], [0.0, 0.0, 0.0, 0.023809523809523808, 0.023809523809523808, 0.023809523809523808, -2e-05, 0.023809523809523808, 0.0, 0.0]], "6_hard_pruned.json": [[0.140625, -2e-05, 0.015625, -1e-05, -1e-05, 0.015625], [0.046875, -2e-05, -1e-05, -2e-05, 0.0625, 0.046875], [0.0625, -1e-05, 0.046875, 0.046875, 0.0625, 0.046875], [-2e-05, -1e-05, 0.03125, -2e-05, 0.0, 0.0], [0.046875, -1e-05, 0.109375, 0.046875, 0.015625, 0.0], [0.046875, -2e-05, 0.0625, 0.046875, -2e-05, 0.0]], "6_hard_full.json": [[0.20930232558139536, -2e-05, 0.046511627906976744, 0.06976744186046512, -1e-05, 0.023255813953488372], [0.023255813953488372, -2e-05, -1e-05, -2e-05, 0.023255813953488372, 0.023255813953488372], [0.06976744186046512, -1e-05, 0.06976744186046512, 0.023255813953488372, 0.023255813953488372, 0.0], [0.023255813953488372, -1e-05, 0.046511627906976744, -2e-05, 0.0, 0.0], [0.023255813953488372, -1e-05, 0.06976744186046512, 0.06976744186046512, 0.023255813953488372, 0.0], [0.023255813953488372, -2e-05, 0.06976744186046512, 0.046511627906976744, -2e-05, 0.0]], "6_easy_full.json": [[0.04, -1e-05, 0.02, -2e-05, 0.04, 0.04], [0.04, -2e-05, -1e-05, -1e-05, 0.04, 0.04], [-1e-05, -2e-05, -2e-05, -2e-05, -1e-05, 0.04], [-2e-05, 0.14, -1e-05, -1e-05, -2e-05, 0.02], [-1e-05, 0.16, -2e-05, -2e-05, 0.04, 0.04], [0.04, 0.04, 0.14, 0.04, 0.04, 0.0]], "6_easy_pruned.json": [[0.05263157894736842, -1e-05, -2e-05, -2e-05, 0.07894736842105263, 0.07894736842105263], [0.05263157894736842, -2e-05, -1e-05, -1e-05, 0.02631578947368421, 0.02631578947368421], [-1e-05, -2e-05, -2e-05, -2e-05, -1e-05, 0.05263157894736842], [-2e-05, 0.15789473684210525, -1e-05, -1e-05, -2e-05, -1e-05], [-1e-05, 0.05263157894736842, -2e-05, -2e-05, 0.05263157894736842, 0.05263157894736842], [0.05263157894736842, 0.05263157894736842, 0.05263157894736842, 0.05263157894736842, 0.05263157894736842, 0.05263157894736842]], "10_easy_full.json": [[0.0, 0.0, 0.019867549668874173, 0.019867549668874173, -1e-05, 0.006622516556291391, -2e-05, 0.019867549668874173, 0.019867549668874173, 0.019867549668874173], [0.0, 0.0, 0.019867549668874173, 0.019867549668874173, -2e-05, -1e-05, -1e-05, -1e-05, 0.013245033112582781, 0.013245033112582781], [0.0, 0.019867549668874173, 0.019867549668874173, -1e-05, -2e-05, -2e-05, -2e-05, -1e-05, 0.019867549668874173, 0.019867549668874173], [0.0, 0.019867549668874173, 0.019867549668874173, -2e-05, -2e-05, -1e-05, -1e-05, -2e-05, -1e-05, -1e-05], [-2e-05, 0.019867549668874173, 0.019867549668874173, -1e-05, 0.019867549668874173, -2e-05, -2e-05, 0.019867549668874173, 0.019867549668874173, 0.006622516556291391], [-1e-05, 0.019867549668874173, 0.019867549668874173, 0.019867549668874173, 0.019867549668874173, 0.019867549668874173, 0.019867549668874173, 0.019867549668874173, 0.019867549668874173, 0.026490066225165563], [-1e-05, -1e-05, 0.019867549668874173, 0.019867549668874173, 0.019867549668874173, 0.019867549668874173, 0.019867549668874173, 0.019867549668874173, 0.019867549668874173, 0.0], [-2e-05, -2e-05, 0.019867549668874173, 0.0, 0.019867549668874173, 0.019867549668874173, -1e-05, 0.019867549668874173, 0.019867549668874173, 0.0], [0.019867549668874173, 0.019867549668874173, 0.019867549668874173, 0.0, 0.019867549668874173, 0.019867549668874173, -1e-05, 0.019867549668874173, 0.019867549668874173, 0.0], [0.0, 0.0, 0.0, 0.0, 0.019867549668874173, -2e-05, -2e-05, -2e-05, 0.019867549668874173, 0.0]],