{"10_medium_full.json": [[0.011764705882352941, 0.011764705882352941, 0.011764705882352941, 0.011764705882352941, 0.011764705882352941, 0.011764705882352941, 0.011764705882352941, 0.011764705882352941, 0.011764705882352941, 0.011764705882352941], [0.011764705882352941, 0.011764705882352941, 0.011764705882352941, 0.011764705882352941, 0.011764705882352941, 0.011764705882352941, 0.011764705882352941, 0.011764705882352941, 0.011764705882352941, 0.011764705882352941], [0.011764705882352941, 0.011764705882352941, -1e-05, 0.011764705882352941, 0.011764705882352941, -2e-05, 0.011764705882352941, 0.011764705882352941, 0.011764705882352941, 0.011764705882352941], [0.011764705882352941, 0.011764705882352941, 0.011764705882352941, -1e-05, -1e-05, 0.00784313725490196, 0.06666666666666667, 0.01568627450980392, 0.011764705882352941, 0.011764705882352941], [0.011764705882352941, 0.00392156862745098, 0.011764705882352941, 0.011764705882352941, -2e-05, -2e-05, -2e-05, -1e-05, -2e-05, 0.011764705882352941], [0.011764705882352941, 0.011764705882352941, 0.00392156862745098, 0.011764705882352941, 0.011764705882352941, -1e-05, -2e-05, -2e-05, 0.011764705882352941, 0.011764705882352941], [0.011764705882352941, 0.011764705882352941, 0.011764705882352941, -1e-05, 0.011764705882352941, -2e-05, 0.011764705882352941, 0.011764705882352941, 0.011764705882352941, 0.011764705882352941], [0.011764705882352941, 0.011764705882352941, 0.011764705882352941, 0.011764705882352941, -1e-05, -1e-05, 0.00784313725490196, 0.011764705882352941, 0.011764705882352941, 0.011764705882352941], [0.011764705882352941, 0.011764705882352941, 0.011764705882352941, 0.011764705882352941, 0.011764705882352941, -1e-05, 0.011764705882352941, 0.011764705882352941, 0.011764705882352941, 0.011764705882352941], [0.011764705882352941, 0.011764705882352941, 0.011764705882352941, 0.011764705882352941, 0.011764705882352941, 0.011764705882352941, -2e-05, 0.011764705882352941, 0.011764705882352941, 0.011764705882352941]], "10_hard_pruned.json": [[0.013245033112582781, 0.013245033112582781, 0.013245033112582781, -2e-05, 0.013245033112582781, 0.013245033112582781, 0.013245033112582781, 0.013245033112582781, 0.013245033112582781, 0.013245033112582781], [0.013245033112582781, 0.013245033112582781, 0.013245033112582781, -1e-05, 0.013245033112582781, -2e-05, 0.013245033112582781, 0.013245033112582781, 0.013245033112582781, 0.013245033112582781], [0.013245033112582781, -2e-05, -2e-05, 0.019867549668874173, -1e-05, -1e-05, -1e-05, 0.019867549668874173, -2e-05, 0.013245033112582781], [0.019867549668874173, 0.013245033112582781, -2e-05, -1e-05, -2e-05, 0.013245033112582781, 0.013245033112582781, 0.013245033112582781, 0.013245033112582781, 0.013245033112582781], [0.013245033112582781, -1e-05, -1e-05, 0.013245033112582781, 0.006622516556291391, 0.013245033112582781, 0.006622516556291391, 0.013245033112582781, 0.013245033112582781, 0.013245033112582781], [0.013245033112582781, -1e-05, -1e-05, 0.013245033112582781, -2e-05, 0.013245033112582781, 0.013245033112582781, 0.013245033112582781, 0.013245033112582781, 0.013245033112582781], [-2e-05, 0.013245033112582781, -1e-05, 0.019867549668874173, -2e-05, 0.006622516556291391, 0.013245033112582781, 0.013245033112582781, 0.013245033112582781, 0.013245033112582781], [0.013245033112582781, 0.013245033112582781, -1e-05, 0.013245033112582781, 0.013245033112582781, 0.013245033112582781, 0.013245033112582781, 0.013245033112582781, 0.013245033112582781, 0.013245033112582781], [0.013245033112582781, 0.013245033112582781, -2e-05, 0.013245033112582781, 0.013245033112582781, -2e-05, -2e-05, 0.013245033112582781, 0.013245033112582781, 0.013245033112582781], [0.013245033112582781, 0.013245033112582781, 0.013245033112582781, 0.013245033112582781, -1e-05, 0.013245033112582781, 0.013245033112582781, 0.013245033112582781, 0.013245033112582781, 0.013245033112582781]], "10_hard_full.json": [[0.009523809523809525, 0.009523809523809525, 0.009523809523809525, -2e-05, 0.009523809523809525, 0.009523809523809525, 0.009523809523809525, 0.009523809523809525, 0.009523809523809525, 0.009523809523809525], [0.0380952380952381, 0.009523809523809525, 0.009523809523809525, -1e-05, 0.009523809523809525, -2e-05, 0.009523809523809525, 0.009523809523809525, 0.009523809523809525, 0.009523809523809525], [0.009523809523809525, -2e-05, -2e-05, 0.009523809523809525, 0.02857142857142857, -1e-05, -1e-05, 0.009523809523809525, -2e-05, 0.009523809523809525], [0.009523809523809525, 0.009523809523809525, -2e-05, -1e-05, -2e-05, 0.009523809523809525, 0.009523809523809525, 0.009523809523809525, 0.009523809523809525, 0.009523809523809525], [0.0380952380952381, -1e-05, -1e-05, 0.08571428571428572, 0.01904761904761905, 0.0761904761904762, 0.009523809523809525, 0.009523809523809525, 0.009523809523809525, 0.009523809523809525], [0.01904761904761905, -1e-05, -1e-05, 0.009523809523809525, -2e-05, 0.009523809523809525, 0.009523809523809525, 0.009523809523809525, 0.009523809523809525, 0.009523809523809525], [0.009523809523809525, 0.009523809523809525, -1e-05, 0.009523809523809525, -2e-05, 0.01904761904761905, 0.009523809523809525, 0.009523809523809525, 0.009523809523809525, 0.009523809523809525], [0.009523809523809525, 0.009523809523809525, -1e-05, 0.009523809523809525, 0.009523809523809525, 0.009523809523809525, 0.009523809523809525, 0.009523809523809525, 0.009523809523809525, 0.009523809523809525], [0.009523809523809525, 0.009523809523809525, -2e-05, 0.01904761904761905, 0.009523809523809525, -2e-05, -2e-05, 0.009523809523809525, 0.01904761904761905, 0.009523809523809525], [0.009523809523809525, 0.009523809523809525, 0.009523809523809525, 0.009523809523809525, -1e-05, 0.009523809523809525, 0.009523809523809525, 0.009523809523809525, 0.009523809523809525, 0.009523809523809525]], "10_medium_pruned.json": [[0.0125, 0.0125, 0.0125, 0.0125, 0.0125, 0.0125, 0.0125, 0.0125, 0.0125, 0.0125], [0.0125, 0.0125, 0.0125, 0.0125, 0.0125, 0.0125, 0.0125, 0.0125, 0.0125, 0.0125], [0.0125, 0.0125, -1e-05, 0.0125, 0.0125, -2e-05, 0.0125, 0.0125, 0.0125, 0.0125], [0.01875, 0.01875, -1e-05, -1e-05, -1e-05, -2e-05, 0.0125, 0.0125, 0.0125, 0.0125], [0.0125, 0.00625, 0.0125, 0.0125, -2e-05, -2e-05, -2e-05, -1e-05, -2e-05, 0.0125], [0.0125, 0.0125, 0.00625, 0.0125, 0.0125, -1e-05, -2e-05, -2e-05, 0.0125, 0.0125], [0.0125, 0.0125, 0.0125, -1e-05, 0.0125, -2e-05, 0.0125, 0.0125, 0.0125, 0.0125], [0.0125, 0.0125, 0.0125, 0.0125, -1e-05, -1e-05, 0.0125, 0.0125, 0.0125, 0.0125], [0.0125, 0.0125, 0.0125, 0.0125, 0.0125, -1e-05, 0.0125, 0.0125, 0.0125, 0.0125], [0.0125, 0.0125, 0.0125, 0.0125, 0.0125, 0.0125, -2e-05, 0.0125, 0.0125, 0.0125]], "6_hard_pruned.json": [[0.15555555555555556, -2e-05, 0.022222222222222223, -1e-05, -1e-05, 0.044444444444444446], [0.022222222222222223, -2e-05, -1e-05, -2e-05, 0.022222222222222223, 0.022222222222222223], [0.08888888888888889, -1e-05, 0.06666666666666667, 0.044444444444444446, 0.044444444444444446, 0.022222222222222223], [-2e-05, -1e-05, 0.022222222222222223, -2e-05, 0.022222222222222223, 0.022222222222222223], [0.022222222222222223, -1e-05, 0.044444444444444446, 0.06666666666666667, 0.044444444444444446, 0.022222222222222223], [0.022222222222222223, -2e-05, 0.06666666666666667, 0.06666666666666667, -2e-05, 0.022222222222222223]], "6_hard_full.json": [[0.0784313725490196, -2e-05, 0.0196078431372549, 0.0784313725490196, -1e-05, 0.0196078431372549], [0.0196078431372549, -2e-05, -1e-05, -2e-05, 0.0196078431372549, 0.0196078431372549], [0.09803921568627451, -1e-05, 0.09803921568627451, 0.0196078431372549, 0.0392156862745098, 0.0196078431372549], [0.0196078431372549, -1e-05, 0.0196078431372549, -2e-05, 0.0196078431372549, 0.0392156862745098], [0.0196078431372549, -1e-05, 0.058823529411764705, 0.0392156862745098, 0.0784313725490196, 0.0196078431372549], [0.0196078431372549, -2e-05, 0.0392156862745098, 0.0784313725490196, -2e-05, 0.0196078431372549]],