{"10_medium_full.json": [[0.0, 0.0, 0.0, 0.0, 0.0, 0.0, 0.0, 0.0, 0.0, 0.0], [0.0, 0.009523809523809525, 0.0380952380952381, 0.01904761904761905, 0.009523809523809525, 0.01904761904761905, 0.0, 0.0, 0.0, 0.0], [0.0, 0.01904761904761905, -1e-05, 0.01904761904761905, 0.01904761904761905, -2e-05, 0.0, 0.0, 0.0, 0.0], [0.0, 0.047619047619047616, 0.13333333333333333, -1e-05, -1e-05, 0.01904761904761905, 0.01904761904761905, 0.01904761904761905, 0.01904761904761905, 0.0], [0.0, 0.009523809523809525, 0.02857142857142857, 0.01904761904761905, -2e-05, -2e-05, -2e-05, -1e-05, -2e-05, 0.0], [0.0, 0.047619047619047616, 0.009523809523809525, 0.01904761904761905, 0.047619047619047616, -1e-05, -2e-05, -2e-05, 0.01904761904761905, 0.0], [0.0, 0.0, 0.0380952380952381, -1e-05, 0.047619047619047616, -2e-05, 0.01904761904761905, 0.01904761904761905, 0.0, 0.0], [0.0, 0.0, 0.01904761904761905, 0.01904761904761905, -1e-05, -1e-05, 0.01904761904761905, 0.01904761904761905, 0.0, 0.0], [0.0, 0.0, 0.01904761904761905, 0.01904761904761905, 0.01904761904761905, -1e-05, 0.047619047619047616, 0.01904761904761905, 0.0, 0.0], [0.0, 0.0, 0.0, 0.01904761904761905, 0.01904761904761905, 0.009523809523809525, -2e-05, 0.01904761904761905, 0.0, 0.0]], "10_hard_pruned.json": [[0.0, 0.0, 0.031578947368421054, -2e-05, 0.010526315789473684, 0.010526315789473684, 0.021052631578947368, 0.0, 0.0, 0.0], [0.05263157894736842, 0.0, 0.021052631578947368, -1e-05, 0.021052631578947368, -2e-05, 0.021052631578947368, 0.021052631578947368, 0.0, 0.0], [0.0, -2e-05, -2e-05, 0.010526315789473684, -1e-05, -1e-05, -1e-05, 0.010526315789473684, -2e-05, 0.0], [0.031578947368421054, 0.031578947368421054, -2e-05, -1e-05, -2e-05, 0.031578947368421054, 0.021052631578947368, 0.010526315789473684, 0.0, 0.0], [0.031578947368421054, -1e-05, -1e-05, 0.06315789473684211, 0.042105263157894736, 0.07368421052631578, 0.031578947368421054, 0.0, 0.0, 0.0], [0.031578947368421054, -1e-05, -1e-05, 0.021052631578947368, -2e-05, 0.0, 0.0, 0.0, 0.0, 0.0], [-2e-05, 0.031578947368421054, -1e-05, 0.031578947368421054, -2e-05, 0.0, 0.0, 0.0, 0.0, 0.0], [0.021052631578947368, 0.031578947368421054, -1e-05, 0.031578947368421054, 0.042105263157894736, 0.0, 0.0, 0.0, 0.0, 0.0], [0.0, 0.031578947368421054, -2e-05, 0.06315789473684211, 0.031578947368421054, -2e-05, -2e-05, 0.0, 0.010526315789473684, 0.0], [0.0, 0.0, 0.0, 0.021052631578947368, -1e-05, 0.0, 0.0, 0.0, 0.0, 0.0]], "10_hard_full.json": [[0.0, 0.0, 0.014084507042253521, -2e-05, 0.014084507042253521, 0.014084507042253521, 0.014084507042253521, 0.014084507042253521, 0.0, 0.0], [0.04225352112676056, 0.014084507042253521, 0.014084507042253521, -1e-05, 0.014084507042253521, -2e-05, 0.014084507042253521, 0.014084507042253521, 0.0, 0.0], [0.014084507042253521, -2e-05, -2e-05, 0.014084507042253521, 0.014084507042253521, -1e-05, -1e-05, 0.014084507042253521, -2e-05, 0.0], [0.014084507042253521, 0.014084507042253521, -2e-05, -1e-05, -2e-05, 0.014084507042253521, 0.014084507042253521, 0.014084507042253521, 0.0, 0.0], [0.014084507042253521, -1e-05, -1e-05, 0.19718309859154928, 0.014084507042253521, 0.16901408450704225, 0.014084507042253521, 0.014084507042253521, 0.0, 0.0], [0.014084507042253521, -1e-05, -1e-05, 0.028169014084507043, -2e-05, 0.0, 0.0, 0.0, 0.0, 0.0], [0.014084507042253521, 0.014084507042253521, -1e-05, 0.014084507042253521, -2e-05, 0.0, 0.0, 0.0, 0.0, 0.0], [0.014084507042253521, 0.014084507042253521, -1e-05, 0.014084507042253521, 0.014084507042253521, 0.0, 0.0, 0.0, 0.0, 0.0], [0.014084507042253521, 0.014084507042253521, -2e-05, 0.028169014084507043, 0.014084507042253521, -2e-05, -2e-05, 0.0, 0.014084507042253521, 0.0], [0.0, 0.0, 0.014084507042253521, 0.014084507042253521, -1e-05, 0.014084507042253521, 0.0, 0.0, 0.0, 0.0]], "10_medium_pruned.json": [[0.0, 0.0, 0.0, 0.0, 0.0, 0.0, 0.0, 0.0, 0.0, 0.0], [0.014285714285714285, 0.0, 0.07142857142857142, 0.014285714285714285, 0.02857142857142857, 0.014285714285714285, 0.0, 0.0, 0.0, 0.0], [0.014285714285714285, 0.014285714285714285, -1e-05, 0.04285714285714286, 0.014285714285714285, -2e-05, 0.0, 0.0, 0.0, 0.0], [0.04285714285714286, 0.04285714285714286, -1e-05, -1e-05, -1e-05, -2e-05, 0.0, 0.014285714285714285, 0.0, 0.0], [0.014285714285714285, 0.014285714285714285, 0.07142857142857142, 0.04285714285714286, -2e-05, -2e-05, -2e-05, -1e-05, -2e-05, 0.0], [0.0, 0.02857142857142857, 0.014285714285714285, 0.04285714285714286, 0.02857142857142857, -1e-05, -2e-05, -2e-05, 0.014285714285714285, 0.0], [0.0, 0.0, 0.07142857142857142, -1e-05, 0.014285714285714285, -2e-05, 0.014285714285714285, 0.014285714285714285, 0.0, 0.0], [0.0, 0.0, 0.04285714285714286, 0.04285714285714286, -1e-05, -1e-05, 0.04285714285714286, 0.04285714285714286, 0.0, 0.0], [0.0, 0.0, 0.014285714285714285, 0.014285714285714285, 0.014285714285714285, -1e-05, 0.014285714285714285, 0.014285714285714285, 0.0, 0.0], [0.0, 0.0, 0.0, 0.014285714285714285, 0.014285714285714285, 0.0, -2e-05, 0.014285714285714285, 0.0, 0.0]], "6_hard_pruned.json": [[0.10909090909090909, -2e-05, 0.03636363636363636, -1e-05, -1e-05, 0.01818181818181818], [0.03636363636363636, -2e-05, -1e-05, -2e-05, 0.03636363636363636, 0.03636363636363636], [0.03636363636363636, -1e-05, 0.07272727272727272, 0.05454545454545454, 0.03636363636363636, 0.03636363636363636], [-2e-05, -1e-05, 0.09090909090909091, -2e-05, 0.0, 0.0], [0.03636363636363636, -1e-05, 0.10909090909090909, 0.05454545454545454, 0.01818181818181818, 0.0], [0.05454545454545454, -2e-05, 0.07272727272727272, 0.05454545454545454, -2e-05, 0.0]], "6_hard_full.json": [[0.13953488372093023, -2e-05, 0.046511627906976744, 0.06976744186046512, -1e-05, 0.023255813953488372], [0.023255813953488372, -2e-05, -1e-05, -2e-05, 0.06976744186046512, 0.023255813953488372], [0.023255813953488372, -1e-05, 0.09302325581395349, 0.023255813953488372, 0.023255813953488372, 0.0], [0.023255813953488372, -1e-05, 0.09302325581395349, -2e-05, 0.0, 0.0], [0.023255813953488372, -1e-05, 0.06976744186046512, 0.023255813953488372, 0.046511627906976744, 0.0], [0.023255813953488372, -2e-05, 0.06976744186046512, 0.06976744186046512, -2e-05, 0.0]], "6_easy_full.json": [[0.017857142857142856, -1e-05, 0.03571428571428571, -2e-05, 0.017857142857142856, 0.08928571428571429], [0.017857142857142856, -2e-05, -1e-05, -1e-05, 0.03571428571428571, 0.03571428571428571], [-1e-05, -2e-05, -2e-05, -2e-05, -1e-05, 0.10714285714285714], [-2e-05, 0.16071428571428573, -1e-05, -1e-05, -2e-05, 0.03571428571428571], [-1e-05, 0.017857142857142856, -2e-05, -2e-05, 0.017857142857142856, 0.14285714285714285], [0.05357142857142857, 0.05357142857142857, 0.05357142857142857, 0.05357142857142857, 0.05357142857142857, 0.0]], "6_easy_pruned.json": [[0.0, -1e-05, -2e-05, -2e-05, 0.0, 0.07142857142857142], [0.0, -2e-05, -1e-05, -1e-05, 0.03571428571428571, 0.03571428571428571], [-1e-05, -2e-05, -2e-05, -2e-05, -1e-05, 0.10714285714285714], [-2e-05, 0.32142857142857145, -1e-05, -1e-05, -2e-05, -1e-05], [-1e-05, 0.0, -2e-05, -2e-05, 0.0, 0.14285714285714285], [0.03571428571428571, 0.03571428571428571, 0.03571428571428571, 0.03571428571428571, 0.03571428571428571, 0.10714285714285714]],