{"6_easy_pruned.json": [[0.031746031746031744, -1e-05, -2e-05, -2e-05, 0.031746031746031744, 0.06349206349206349], [0.031746031746031744, -2e-05, -1e-05, -1e-05, 0.047619047619047616, 0.047619047619047616], [-1e-05, -2e-05, -2e-05, -2e-05, -1e-05, 0.1111111111111111], [-2e-05, 0.2222222222222222, -1e-05, -1e-05, -2e-05, -1e-05], [-1e-05, 0.047619047619047616, -2e-05, -2e-05, 0.031746031746031744, 0.09523809523809523], [0.031746031746031744, 0.031746031746031744, 0.031746031746031744, 0.031746031746031744, 0.031746031746031744, 0.07936507936507936]], "6_easy_full.json": [[0.033707865168539325, -1e-05, 0.033707865168539325, -2e-05, 0.033707865168539325, 0.056179775280898875], [0.033707865168539325, -2e-05, -1e-05, -1e-05, 0.033707865168539325, 0.04119850187265917], [-1e-05, -2e-05, -2e-05, -2e-05, -1e-05, 0.06741573033707865], [-2e-05, 0.25842696629213485, -1e-05, -1e-05, -2e-05, 0.0299625468164794], [-1e-05, 0.04868913857677903, -2e-05, -2e-05, 0.0299625468164794, 0.07116104868913857], [0.033707865168539325, 0.033707865168539325, 0.0449438202247191, 0.0299625468164794, 0.033707865168539325, 0.052434456928838954]]}