{"10_medium_full.json": [[0.0, 0.0, 0.0, 0.0, 0.0, 0.0, 0.0, 0.0, 0.0, 0.0], [0.0, 0.009615384615384616, 0.028846153846153848, 0.028846153846153848, 0.009615384615384616, 0.019230769230769232, 0.0, 0.0, 0.0, 0.0], [0.0, 0.019230769230769232, -1e-05, 0.04807692307692308, 0.019230769230769232, -2e-05, 0.0, 0.0, 0.0, 0.0], [0.0, 0.028846153846153848, 0.028846153846153848, -1e-05, -1e-05, 0.028846153846153848, 0.028846153846153848, 0.028846153846153848, 0.019230769230769232, 0.0], [0.0, 0.019230769230769232, 0.038461538461538464, 0.04807692307692308, -2e-05, -2e-05, -2e-05, -1e-05, -2e-05, 0.0], [0.0, 0.028846153846153848, 0.019230769230769232, 0.009615384615384616, 0.028846153846153848, -1e-05, -2e-05, -2e-05, 0.019230769230769232, 0.0], [0.0, 0.0, 0.028846153846153848, -1e-05, 0.028846153846153848, -2e-05, 0.019230769230769232, 0.019230769230769232, 0.0, 0.0], [0.0, 0.0, 0.028846153846153848, 0.057692307692307696, -1e-05, -1e-05, 0.028846153846153848, 0.028846153846153848, 0.0, 0.0], [0.0, 0.0, 0.019230769230769232, 0.028846153846153848, 0.019230769230769232, -1e-05, 0.028846153846153848, 0.019230769230769232, 0.0, 0.0], [0.0, 0.0, 0.0, 0.028846153846153848, 0.019230769230769232, 0.009615384615384616, -2e-05, 0.028846153846153848, 0.0, 0.0]], "10_hard_pruned.json": [[0.0, 0.0, 0.04285714285714286, -2e-05, 0.014285714285714285, 0.014285714285714285, 0.014285714285714285, 0.0, 0.0, 0.0], [0.0, 0.0, 0.014285714285714285, -1e-05, 0.014285714285714285, -2e-05, 0.014285714285714285, 0.04285714285714286, 0.0, 0.0], [0.0, -2e-05, -2e-05, 0.04285714285714286, -1e-05, -1e-05, -1e-05, 0.04285714285714286, -2e-05, 0.0], [0.014285714285714285, 0.014285714285714285, -2e-05, -1e-05, -2e-05, 0.08571428571428572, 0.014285714285714285, 0.014285714285714285, 0.0, 0.0], [0.04285714285714286, -1e-05, -1e-05, 0.1, 0.014285714285714285, 0.08571428571428572, 0.1, 0.0, 0.0, 0.0], [0.014285714285714285, -1e-05, -1e-05, 0.014285714285714285, -2e-05, 0.0, 0.0, 0.04285714285714286, 0.0, 0.0], [-2e-05, 0.014285714285714285, -1e-05, 0.014285714285714285, -2e-05, 0.0, 0.0, 0.0, 0.0, 0.0], [0.014285714285714285, 0.014285714285714285, -1e-05, 0.04285714285714286, 0.014285714285714285, 0.0, 0.0, 0.0, 0.0, 0.0], [0.0, 0.014285714285714285, -2e-05, 0.014285714285714285, 0.02857142857142857, -2e-05, -2e-05, 0.0, 0.0, 0.0], [0.0, 0.0, 0.0, 0.014285714285714285, -1e-05, 0.0, 0.0, 0.0, 0.0, 0.0]], "10_hard_full.json": [[0.0, 0.0, 0.013888888888888888, -2e-05, 0.013888888888888888, 0.013888888888888888, 0.013888888888888888, 0.013888888888888888, 0.0, 0.0], [0.013888888888888888, 0.013888888888888888, 0.013888888888888888, -1e-05, 0.013888888888888888, -2e-05, 0.013888888888888888, 0.013888888888888888, 0.0, 0.0], [0.013888888888888888, -2e-05, -2e-05, 0.013888888888888888, 0.013888888888888888, -1e-05, -1e-05, 0.013888888888888888, -2e-05, 0.0], [0.013888888888888888, 0.013888888888888888, -2e-05, -1e-05, -2e-05, 0.027777777777777776, 0.013888888888888888, 0.013888888888888888, 0.0, 0.0], [0.013888888888888888, -1e-05, -1e-05, 0.19444444444444445, 0.013888888888888888, 0.1111111111111111, 0.027777777777777776, 0.013888888888888888, 0.0, 0.0], [0.013888888888888888, -1e-05, -1e-05, 0.027777777777777776, -2e-05, 0.013888888888888888, 0.0, 0.0, 0.0, 0.0], [0.013888888888888888, 0.013888888888888888, -1e-05, 0.06944444444444445, -2e-05, 0.0, 0.0, 0.0, 0.0, 0.0], [0.013888888888888888, 0.013888888888888888, -1e-05, 0.027777777777777776, 0.013888888888888888, 0.0, 0.0, 0.0, 0.0, 0.0], [0.013888888888888888, 0.013888888888888888, -2e-05, 0.027777777777777776, 0.013888888888888888, -2e-05, -2e-05, 0.0, 0.0, 0.0], [0.0, 0.0, 0.013888888888888888, 0.013888888888888888, -1e-05, 0.013888888888888888, 0.0, 0.0, 0.0, 0.0]], "10_medium_pruned.json": [[0.0, 0.0, 0.0, 0.0, 0.0, 0.0, 0.0, 0.0, 0.0, 0.0], [0.011764705882352941, 0.0, 0.07058823529411765, 0.011764705882352941, 0.011764705882352941, 0.011764705882352941, 0.0, 0.0, 0.0, 0.0], [0.011764705882352941, 0.011764705882352941, -1e-05, 0.03529411764705882, 0.011764705882352941, -2e-05, 0.0, 0.0, 0.0, 0.0], [0.07058823529411765, 0.07058823529411765, -1e-05, -1e-05, -1e-05, -2e-05, 0.0, 0.011764705882352941, 0.0, 0.0], [0.011764705882352941, 0.011764705882352941, 0.07058823529411765, 0.03529411764705882, -2e-05, -2e-05, -2e-05, -1e-05, -2e-05, 0.0], [0.0, 0.023529411764705882, 0.011764705882352941, 0.047058823529411764, 0.023529411764705882, -1e-05, -2e-05, -2e-05, 0.011764705882352941, 0.0], [0.0, 0.0, 0.08235294117647059, -1e-05, 0.011764705882352941, -2e-05, 0.011764705882352941, 0.011764705882352941, 0.0, 0.0], [0.0, 0.0, 0.047058823529411764, 0.058823529411764705, -1e-05, -1e-05, 0.047058823529411764, 0.047058823529411764, 0.0, 0.0], [0.0, 0.0, 0.011764705882352941, 0.011764705882352941, 0.011764705882352941, -1e-05, 0.011764705882352941, 0.011764705882352941, 0.0, 0.0], [0.0, 0.0, 0.0, 0.011764705882352941, 0.011764705882352941, 0.0, -2e-05, 0.011764705882352941, 0.0, 0.0]], "6_hard_pruned.json": [[0.10638297872340426, -2e-05, 0.06382978723404255, -1e-05, -1e-05, 0.0425531914893617], [0.02127659574468085, -2e-05, -1e-05, -2e-05, 0.02127659574468085, 0.02127659574468085], [0.0425531914893617, -1e-05, 0.0851063829787234, 0.0425531914893617, 0.02127659574468085, 0.02127659574468085], [-2e-05, -1e-05, 0.0851063829787234, -2e-05, 0.0, 0.0], [0.0425531914893617, -1e-05, 0.1276595744680851, 0.0425531914893617, 0.0425531914893617, 0.0], [0.02127659574468085, -2e-05, 0.06382978723404255, 0.0851063829787234, -2e-05, 0.0]], "6_hard_full.json": [[0.18604651162790697, -2e-05, 0.046511627906976744, 0.06976744186046512, -1e-05, 0.023255813953488372], [0.023255813953488372, -2e-05, -1e-05, -2e-05, 0.023255813953488372, 0.023255813953488372], [0.023255813953488372, -1e-05, 0.13953488372093023, 0.023255813953488372, 0.023255813953488372, 0.0], [0.023255813953488372, -1e-05, 0.046511627906976744, -2e-05, 0.0, 0.0], [0.023255813953488372, -1e-05, 0.11627906976744186, 0.023255813953488372, 0.023255813953488372, 0.0], [0.023255813953488372, -2e-05, 0.06976744186046512, 0.046511627906976744, -2e-05, 0.0]], "6_easy_full.json": [[0.017857142857142856, -1e-05, 0.03571428571428571, -2e-05, 0.017857142857142856, 0.08928571428571429], [0.017857142857142856, -2e-05, -1e-05, -1e-05, 0.03571428571428571, 0.03571428571428571], [-1e-05, -2e-05, -2e-05, -2e-05, -1e-05, 0.10714285714285714], [-2e-05, 0.16071428571428573, -1e-05, -1e-05, -2e-05, 0.03571428571428571], [-1e-05, 0.017857142857142856, -2e-05, -2e-05, 0.017857142857142856, 0.14285714285714285], [0.05357142857142857, 0.05357142857142857, 0.05357142857142857, 0.05357142857142857, 0.05357142857142857, 0.0]], "6_easy_pruned.json": [[0.0, -1e-05, -2e-05, -2e-05, 0.0, 0.07142857142857142], [0.0, -2e-05, -1e-05, -1e-05, 0.03571428571428571, 0.03571428571428571], [-1e-05, -2e-05, -2e-05, -2e-05, -1e-05, 0.10714285714285714], [-2e-05, 0.32142857142857145, -1e-05, -1e-05, -2e-05, -1e-05], [-1e-05, 0.0, -2e-05, -2e-05, 0.0, 0.14285714285714285], [0.03571428571428571, 0.03571428571428571, 0.03571428571428571, 0.03571428571428571, 0.03571428571428571, 0.10714285714285714]],