{"10_medium_full.json": [[0.012145748987854251, 0.012145748987854251, 0.012145748987854251, 0.012145748987854251, 0.012145748987854251, 0.012145748987854251, 0.012145748987854251, 0.012145748987854251, 0.012145748987854251, 0.012145748987854251], [0.012145748987854251, 0.012145748987854251, 0.012145748987854251, 0.012145748987854251, 0.012145748987854251, 0.012145748987854251, 0.012145748987854251, 0.012145748987854251, 0.012145748987854251, 0.012145748987854251], [0.012145748987854251, 0.012145748987854251, -1e-05, 0.012145748987854251, 0.016194331983805668, -2e-05, 0.012145748987854251, 0.012145748987854251, 0.012145748987854251, 0.012145748987854251], [0.012145748987854251, 0.012145748987854251, 0.012145748987854251, -1e-05, -1e-05, 0.008097165991902834, 0.012145748987854251, 0.012145748987854251, 0.012145748987854251, 0.012145748987854251], [0.012145748987854251, 0.004048582995951417, 0.020242914979757085, 0.016194331983805668, -2e-05, -2e-05, -2e-05, -1e-05, -2e-05, 0.012145748987854251], [0.012145748987854251, 0.012145748987854251, 0.004048582995951417, 0.012145748987854251, 0.012145748987854251, -1e-05, -2e-05, -2e-05, 0.012145748987854251, 0.012145748987854251], [0.012145748987854251, 0.012145748987854251, 0.020242914979757085, -1e-05, 0.012145748987854251, -2e-05, 0.012145748987854251, 0.012145748987854251, 0.012145748987854251, 0.012145748987854251], [0.012145748987854251, 0.012145748987854251, 0.012145748987854251, 0.012145748987854251, -1e-05, -1e-05, 0.012145748987854251, 0.012145748987854251, 0.012145748987854251, 0.012145748987854251], [0.012145748987854251, 0.012145748987854251, 0.012145748987854251, 0.012145748987854251, 0.012145748987854251, -1e-05, 0.012145748987854251, 0.012145748987854251, 0.012145748987854251, 0.012145748987854251], [0.012145748987854251, 0.012145748987854251, 0.012145748987854251, 0.012145748987854251, 0.012145748987854251, 0.012145748987854251, -2e-05, 0.012145748987854251, 0.012145748987854251, 0.012145748987854251]], "10_hard_pruned.json": [[0.013574660633484163, 0.013574660633484163, 0.013574660633484163, -2e-05, 0.013574660633484163, 0.013574660633484163, 0.013574660633484163, 0.013574660633484163, 0.013574660633484163, 0.013574660633484163], [0.013574660633484163, 0.013574660633484163, 0.013574660633484163, -1e-05, 0.013574660633484163, -2e-05, 0.013574660633484163, 0.013574660633484163, 0.013574660633484163, 0.013574660633484163], [0.013574660633484163, -2e-05, -2e-05, 0.004524886877828055, -1e-05, -1e-05, -1e-05, 0.004524886877828055, -2e-05, 0.013574660633484163], [0.013574660633484163, 0.013574660633484163, -2e-05, -1e-05, -2e-05, 0.013574660633484163, 0.013574660633484163, 0.013574660633484163, 0.013574660633484163, 0.013574660633484163], [0.013574660633484163, -1e-05, -1e-05, 0.00904977375565611, 0.013574660633484163, 0.01809954751131222, 0.013574660633484163, 0.013574660633484163, 0.013574660633484163, 0.013574660633484163], [0.013574660633484163, -1e-05, -1e-05, 0.00904977375565611, -2e-05, 0.013574660633484163, 0.013574660633484163, 0.013574660633484163, 0.013574660633484163, 0.013574660633484163], [-2e-05, 0.013574660633484163, -1e-05, 0.013574660633484163, -2e-05, 0.013574660633484163, 0.013574660633484163, 0.013574660633484163, 0.013574660633484163, 0.013574660633484163], [0.013574660633484163, 0.013574660633484163, -1e-05, 0.013574660633484163, 0.013574660633484163, 0.013574660633484163, 0.013574660633484163, 0.013574660633484163, 0.013574660633484163, 0.013574660633484163], [0.013574660633484163, 0.013574660633484163, -2e-05, 0.01809954751131222, 0.013574660633484163, -2e-05, -2e-05, 0.013574660633484163, 0.013574660633484163, 0.013574660633484163], [0.013574660633484163, 0.013574660633484163, 0.013574660633484163, 0.013574660633484163, -1e-05, 0.013574660633484163, 0.013574660633484163, 0.013574660633484163, 0.013574660633484163, 0.013574660633484163]], "10_hard_full.json": [[0.013422818791946308, 0.013422818791946308, 0.013422818791946308, -2e-05, 0.013422818791946308, 0.013422818791946308, 0.013422818791946308, 0.013422818791946308, 0.013422818791946308, 0.013422818791946308], [0.013422818791946308, 0.013422818791946308, 0.013422818791946308, -1e-05, 0.013422818791946308, -2e-05, 0.013422818791946308, 0.013422818791946308, 0.013422818791946308, 0.013422818791946308], [0.013422818791946308, -2e-05, -2e-05, 0.006711409395973154, 0.003355704697986577, -1e-05, -1e-05, 0.006711409395973154, -2e-05, 0.013422818791946308], [0.013422818791946308, 0.013422818791946308, -2e-05, -1e-05, -2e-05, 0.013422818791946308, 0.013422818791946308, 0.013422818791946308, 0.013422818791946308, 0.013422818791946308], [0.013422818791946308, -1e-05, -1e-05, 0.010067114093959731, 0.013422818791946308, 0.016778523489932886, 0.013422818791946308, 0.013422818791946308, 0.013422818791946308, 0.013422818791946308], [0.013422818791946308, -1e-05, -1e-05, 0.010067114093959731, -2e-05, 0.013422818791946308, 0.013422818791946308, 0.013422818791946308, 0.013422818791946308, 0.013422818791946308], [0.003355704697986577, 0.013422818791946308, -1e-05, 0.013422818791946308, -2e-05, 0.013422818791946308, 0.013422818791946308, 0.013422818791946308, 0.013422818791946308, 0.013422818791946308], [0.013422818791946308, 0.013422818791946308, -1e-05, 0.013422818791946308, 0.013422818791946308, 0.013422818791946308, 0.013422818791946308, 0.013422818791946308, 0.013422818791946308, 0.013422818791946308], [0.013422818791946308, 0.013422818791946308, -2e-05, 0.016778523489932886, 0.013422818791946308, -2e-05, -2e-05, 0.013422818791946308, 0.013422818791946308, 0.013422818791946308], [0.013422818791946308, 0.013422818791946308, 0.013422818791946308, 0.013422818791946308, -1e-05, 0.013422818791946308, 0.013422818791946308, 0.013422818791946308, 0.013422818791946308, 0.013422818791946308]], "10_medium_pruned.json": [[0.0125, 0.0125, 0.0125, 0.0125, 0.0125, 0.0125, 0.0125, 0.0125, 0.0125, 0.0125], [0.0125, 0.0125, 0.0125, 0.0125, 0.0125, 0.0125, 0.0125, 0.0125, 0.0125, 0.0125], [0.0125, 0.0125, -1e-05, 0.0125, 0.0125, -2e-05, 0.0125, 0.0125, 0.0125, 0.0125], [0.0125, 0.0125, -1e-05, -1e-05, -1e-05, -2e-05, 0.0125, 0.0125, 0.0125, 0.0125], [0.0125, 0.00625, 0.01875, 0.0125, -2e-05, -2e-05, -2e-05, -1e-05, -2e-05, 0.0125], [0.0125, 0.0125, 0.00625, 0.0125, 0.0125, -1e-05, -2e-05, -2e-05, 0.0125, 0.0125], [0.0125, 0.0125, 0.01875, -1e-05, 0.0125, -2e-05, 0.0125, 0.0125, 0.0125, 0.0125], [0.0125, 0.0125, 0.0125, 0.0125, -1e-05, -1e-05, 0.0125, 0.0125, 0.0125, 0.0125], [0.0125, 0.0125, 0.0125, 0.0125, 0.0125, -1e-05, 0.0125, 0.0125, 0.0125, 0.0125], [0.0125, 0.0125, 0.0125, 0.0125, 0.0125, 0.0125, -2e-05, 0.0125, 0.0125, 0.0125]], "6_hard_pruned.json": [[0.058823529411764705, -2e-05, 0.014705882352941176, -1e-05, -1e-05, 0.014705882352941176], [0.04411764705882353, -2e-05, -1e-05, -2e-05, 0.07352941176470588, 0.04411764705882353], [0.04411764705882353, -1e-05, 0.029411764705882353, 0.04411764705882353, 0.058823529411764705, 0.04411764705882353], [-2e-05, -1e-05, 0.029411764705882353, -2e-05, 0.04411764705882353, 0.04411764705882353], [0.04411764705882353, -1e-05, 0.058823529411764705, 0.04411764705882353, 0.04411764705882353, 0.04411764705882353], [0.04411764705882353, -2e-05, 0.04411764705882353, 0.04411764705882353, -2e-05, 0.04411764705882353]], "6_hard_full.json": [[0.053763440860215055, -2e-05, 0.021505376344086023, 0.010752688172043012, -1e-05, 0.021505376344086023], [0.043010752688172046, -2e-05, -1e-05, -2e-05, 0.06451612903225806, 0.043010752688172046], [0.043010752688172046, -1e-05, 0.03225806451612903, 0.043010752688172046, 0.053763440860215055, 0.043010752688172046], [0.010752688172043012, -1e-05, 0.03225806451612903, -2e-05, 0.043010752688172046, 0.043010752688172046], [0.043010752688172046, -1e-05, 0.053763440860215055, 0.043010752688172046, 0.043010752688172046, 0.043010752688172046], [0.043010752688172046, -2e-05, 0.043010752688172046, 0.043010752688172046, -2e-05, 0.043010752688172046]],