{"6_easy_pruned.json": [[0.0425531914893617, -1e-05, -2e-05, -2e-05, 0.0425531914893617, 0.0425531914893617], [0.0425531914893617, -2e-05, -1e-05, -1e-05, 0.14893617021276595, 0.10638297872340426], [-1e-05, -2e-05, -2e-05, -2e-05, -1e-05, 0.02127659574468085], [-2e-05, 0.06382978723404255, -1e-05, -1e-05, -2e-05, -1e-05], [-1e-05, 0.0425531914893617, -2e-05, -2e-05, 0.06382978723404255, 0.0425531914893617], [0.0425531914893617, 0.0425531914893617, 0.1276595744680851, 0.0425531914893617, 0.0425531914893617, 0.0425531914893617]], "6_easy_full.json": [[0.045454545454545456, -1e-05, 0.015151515151515152, -2e-05, 0.045454545454545456, 0.045454545454545456], [0.045454545454545456, -2e-05, -1e-05, -1e-05, 0.12121212121212122, 0.09090909090909091], [-1e-05, -2e-05, -2e-05, -2e-05, -1e-05, 0.030303030303030304], [-2e-05, 0.06060606060606061, -1e-05, -1e-05, -2e-05, 0.015151515151515152], [-1e-05, 0.045454545454545456, -2e-05, -2e-05, 0.06060606060606061, 0.045454545454545456], [0.045454545454545456, 0.045454545454545456, 0.10606060606060606, 0.045454545454545456, 0.045454545454545456, 0.045454545454545456]]}