{"10_medium_full.json": [[0.0, 0.0, 0.0, 0.0, 0.0, 0.0, 0.0, 0.0, 0.0, 0.0], [0.0, 0.0, 0.013333333333333334, 0.02666666666666667, 0.0, 0.013333333333333334, 0.0, 0.0, 0.0, 0.0], [0.0, 0.013333333333333334, -1e-05, 0.02666666666666667, 0.013333333333333334, -2e-05, 0.0, 0.0, 0.0, 0.0], [0.0, 0.04, 0.04, -1e-05, -1e-05, 0.02666666666666667, 0.04, 0.04, 0.013333333333333334, 0.0], [0.0, 0.06666666666666667, 0.02666666666666667, 0.013333333333333334, -2e-05, -2e-05, -2e-05, -1e-05, -2e-05, 0.0], [0.0, 0.013333333333333334, 0.06666666666666667, 0.013333333333333334, 0.013333333333333334, -1e-05, -2e-05, -2e-05, 0.013333333333333334, 0.0], [0.0, 0.0, 0.013333333333333334, -1e-05, 0.013333333333333334, -2e-05, 0.013333333333333334, 0.013333333333333334, 0.0, 0.0], [0.0, 0.0, 0.05333333333333334, 0.04, -1e-05, -1e-05, 0.02666666666666667, 0.12, 0.06666666666666667, 0.0], [0.0, 0.0, 0.013333333333333334, 0.013333333333333334, 0.013333333333333334, -1e-05, 0.013333333333333334, 0.013333333333333334, 0.0, 0.0], [0.0, 0.0, 0.0, 0.013333333333333334, 0.013333333333333334, 0.0, -2e-05, 0.013333333333333334, 0.0, 0.0]], "10_hard_pruned.json": [[0.0, 0.0, 0.019230769230769232, -2e-05, 0.0, 0.0, 0.019230769230769232, 0.0, 0.0, 0.0], [0.038461538461538464, 0.0, 0.019230769230769232, -1e-05, 0.019230769230769232, -2e-05, 0.019230769230769232, 0.019230769230769232, 0.0, 0.0], [0.0, -2e-05, -2e-05, 0.09615384615384616, -1e-05, -1e-05, -1e-05, 0.11538461538461539, -2e-05, 0.0], [0.057692307692307696, 0.019230769230769232, -2e-05, -1e-05, -2e-05, 0.019230769230769232, 0.019230769230769232, 0.0, 0.0, 0.0], [0.019230769230769232, -1e-05, -1e-05, 0.057692307692307696, 0.019230769230769232, 0.038461538461538464, 0.019230769230769232, 0.0, 0.0, 0.0], [0.019230769230769232, -1e-05, -1e-05, 0.038461538461538464, -2e-05, 0.0, 0.0, 0.0, 0.0, 0.0], [-2e-05, 0.019230769230769232, -1e-05, 0.057692307692307696, -2e-05, 0.0, 0.0, 0.0, 0.0, 0.0], [0.019230769230769232, 0.019230769230769232, -1e-05, 0.019230769230769232, 0.07692307692307693, 0.0, 0.0, 0.0, 0.0, 0.0], [0.0, 0.019230769230769232, -2e-05, 0.019230769230769232, 0.038461538461538464, -2e-05, -2e-05, 0.0, 0.0, 0.0], [0.0, 0.0, 0.0, 0.019230769230769232, -1e-05, 0.0, 0.0, 0.0, 0.0, 0.0]], "10_hard_full.json": [[0.0, 0.0, 0.014084507042253521, -2e-05, 0.014084507042253521, 0.014084507042253521, 0.014084507042253521, 0.014084507042253521, 0.0, 0.0], [0.028169014084507043, 0.014084507042253521, 0.014084507042253521, -1e-05, 0.014084507042253521, -2e-05, 0.014084507042253521, 0.014084507042253521, 0.0, 0.0], [0.014084507042253521, -2e-05, -2e-05, 0.014084507042253521, 0.014084507042253521, -1e-05, -1e-05, 0.014084507042253521, -2e-05, 0.0], [0.014084507042253521, 0.014084507042253521, -2e-05, -1e-05, -2e-05, 0.04225352112676056, 0.014084507042253521, 0.014084507042253521, 0.0, 0.0], [0.014084507042253521, -1e-05, -1e-05, 0.19718309859154928, 0.014084507042253521, 0.15492957746478872, 0.014084507042253521, 0.014084507042253521, 0.0, 0.0], [0.014084507042253521, -1e-05, -1e-05, 0.04225352112676056, -2e-05, 0.0, 0.0, 0.0, 0.0, 0.0], [0.014084507042253521, 0.014084507042253521, -1e-05, 0.014084507042253521, -2e-05, 0.0, 0.0, 0.0, 0.0, 0.0], [0.014084507042253521, 0.014084507042253521, -1e-05, 0.014084507042253521, 0.014084507042253521, 0.0, 0.0, 0.0, 0.0, 0.0], [0.014084507042253521, 0.014084507042253521, -2e-05, 0.028169014084507043, 0.014084507042253521, -2e-05, -2e-05, 0.0, 0.0, 0.0], [0.0, 0.0, 0.014084507042253521, 0.014084507042253521, -1e-05, 0.014084507042253521, 0.0, 0.0, 0.0, 0.0]], "10_medium_pruned.json": [[0.0, 0.0, 0.0, 0.0, 0.0, 0.0, 0.0, 0.0, 0.0, 0.0], [0.0, 0.0, 0.10256410256410256, 0.0, 0.0, 0.0, 0.0, 0.0, 0.0, 0.0], [0.0, 0.0, -1e-05, 0.02564102564102564, 0.0, -2e-05, 0.0, 0.0, 0.0, 0.0], [0.1282051282051282, 0.1282051282051282, -1e-05, -1e-05, -1e-05, -2e-05, 0.0, 0.0, 0.0, 0.0], [0.0, 0.07692307692307693, 0.07692307692307693, 0.07692307692307693, -2e-05, -2e-05, -2e-05, -1e-05, -2e-05, 0.0], [0.0, 0.0, 0.10256410256410256, 0.02564102564102564, 0.0, -1e-05, -2e-05, -2e-05, 0.0, 0.0], [0.0, 0.0, 0.1282051282051282, -1e-05, 0.0, -2e-05, 0.0, 0.0, 0.0, 0.0], [0.0, 0.0, 0.02564102564102564, 0.05128205128205128, -1e-05, -1e-05, 0.02564102564102564, 0.02564102564102564, 0.0, 0.0], [0.0, 0.0, 0.0, 0.0, 0.0, -1e-05, 0.0, 0.0, 0.0, 0.0], [0.0, 0.0, 0.0, 0.0, 0.0, 0.0, -2e-05, 0.0, 0.0, 0.0]], "6_hard_pruned.json": [[0.14634146341463414, -2e-05, 0.04878048780487805, -1e-05, -1e-05, 0.04878048780487805], [0.04878048780487805, -2e-05, -1e-05, -2e-05, 0.04878048780487805, 0.024390243902439025], [0.0975609756097561, -1e-05, 0.0975609756097561, 0.024390243902439025, 0.07317073170731707, 0.024390243902439025], [-2e-05, -1e-05, 0.07317073170731707, -2e-05, 0.0, 0.0], [0.024390243902439025, -1e-05, 0.04878048780487805, 0.07317073170731707, 0.024390243902439025, 0.0], [0.024390243902439025, -2e-05, 0.024390243902439025, 0.024390243902439025, -2e-05, 0.0]], "6_hard_full.json": [[0.10869565217391304, -2e-05, 0.021739130434782608, 0.043478260869565216, -1e-05, 0.021739130434782608], [0.021739130434782608, -2e-05, -1e-05, -2e-05, 0.021739130434782608, 0.021739130434782608], [0.10869565217391304, -1e-05, 0.17391304347826086, 0.021739130434782608, 0.043478260869565216, 0.0], [0.043478260869565216, -1e-05, 0.043478260869565216, -2e-05, 0.0, 0.0], [0.021739130434782608, -1e-05, 0.043478260869565216, 0.06521739130434782, 0.08695652173913043, 0.0], [0.021739130434782608, -2e-05, 0.043478260869565216, 0.021739130434782608, -2e-05, 0.0]], "6_easy_full.json": [[0.02631578947368421, -1e-05, 0.07894736842105263, -2e-05, 0.05263157894736842, 0.07894736842105263], [0.02631578947368421, -2e-05, -1e-05, -1e-05, 0.13157894736842105, 0.13157894736842105], [-1e-05, -2e-05, -2e-05, -2e-05, -1e-05, 0.07894736842105263], [-2e-05, 0.02631578947368421, -1e-05, -1e-05, -2e-05, 0.07894736842105263], [-1e-05, 0.05263157894736842, -2e-05, -2e-05, 0.02631578947368421, 0.07894736842105263], [0.02631578947368421, 0.02631578947368421, 0.02631578947368421, 0.02631578947368421, 0.02631578947368421, 0.0]], "6_easy_pruned.json": [[0.0, -1e-05, -2e-05, -2e-05, 0.06666666666666667, 0.13333333333333333], [0.0, -2e-05, -1e-05, -1e-05, 0.06666666666666667, 0.06666666666666667], [-1e-05, -2e-05, -2e-05, -2e-05, -1e-05, 0.13333333333333333], [-2e-05, 0.0, -1e-05, -1e-05, -2e-05, -1e-05], [-1e-05, 0.0, -2e-05, -2e-05, 0.0, 0.2], [0.0, 0.0, 0.2, 0.0, 0.0, 0.13333333333333333]], "10_easy_full.json": [[0.0, 0.0, 0.012048192771084338, 0.012048192771084338, -1e-05, 0.060240963855421686, -2e-05, 0.0, 0.012048192771084338, 0.012048192771084338], [0.0, 0.0, 0.0, 0.0, -2e-05, -1e-05, -1e-05, -1e-05, 0.07228915662650602, 0.07228915662650602], [0.0, 0.024096385542168676, 0.0, -1e-05, -2e-05, -2e-05, -2e-05, -1e-05, 0.012048192771084338, 0.012048192771084338], [0.0, 0.012048192771084338, 0.03614457831325301, -2e-05, -2e-05, -1e-05, -1e-05, -2e-05, -1e-05, -1e-05], [-2e-05, 0.012048192771084338, 0.012048192771084338, -1e-05, 0.0, -2e-05, -2e-05, 0.012048192771084338, 0.012048192771084338, 0.060240963855421686], [-1e-05, 0.024096385542168676, 0.024096385542168676, 0.024096385542168676, 0.012048192771084338, 0.0, 0.012048192771084338, 0.012048192771084338, 0.012048192771084338, 0.012048192771084338], [-1e-05, -1e-05, 0.03614457831325301, 0.03614457831325301, 0.024096385542168676, 0.03614457831325301, 0.012048192771084338, 0.012048192771084338, 0.012048192771084338, 0.0], [-2e-05, -2e-05, 0.03614457831325301, 0.0, 0.012048192771084338, 0.012048192771084338, -1e-05, 0.012048192771084338, 0.012048192771084338, 0.0], [0.0, 0.0, 0.012048192771084338, 0.0, 0.012048192771084338, 0.012048192771084338, -1e-05, 0.060240963855421686, 0.012048192771084338, 0.0], [0.0, 0.0, 0.0, 0.0, 0.024096385542168676, -2e-05, -2e-05, -2e-05, 0.024096385542168676, 0.0]],