{"6_easy_pruned.json": [[0.037037037037037035, -1e-05, -2e-05, -2e-05, 0.037037037037037035, 0.05555555555555555], [0.037037037037037035, -2e-05, -1e-05, -1e-05, 0.018518518518518517, 0.018518518518518517], [-1e-05, -2e-05, -2e-05, -2e-05, -1e-05, 0.12962962962962962], [-2e-05, 0.25925925925925924, -1e-05, -1e-05, -2e-05, -1e-05], [-1e-05, 0.05555555555555555, -2e-05, -2e-05, 0.037037037037037035, 0.07407407407407407], [0.037037037037037035, 0.037037037037037035, 0.037037037037037035, 0.037037037037037035, 0.037037037037037035, 0.05555555555555555]], "6_easy_full.json": [[0.03211009174311927, -1e-05, 0.022935779816513763, -2e-05, 0.03211009174311927, 0.03669724770642202], [0.03211009174311927, -2e-05, -1e-05, -1e-05, 0.022935779816513763, 0.027522935779816515], [-1e-05, -2e-05, -2e-05, -2e-05, -1e-05, 0.0871559633027523], [-2e-05, 0.3073394495412844, -1e-05, -1e-05, -2e-05, 0.022935779816513763], [-1e-05, 0.05963302752293578, -2e-05, -2e-05, 0.03211009174311927, 0.05963302752293578], [0.03211009174311927, 0.03211009174311927, 0.05045871559633028, 0.03211009174311927, 0.03211009174311927, 0.045871559633027525]]}